Workbook

Sheet FTE
A1: TOTAL FTE Year 1 | B1: 39
B2: Year1 | C2: Year2 | D2: Year3 | E2: Year4 | F2: Year5
A3: Onsite FTE (non-FSI) | B3: 6 | C3: 6 | D3: 4 | E3: 4 | F3: 1
A4: Onsite FTE (FSI) | B4: 0 | C4: 0 | D4: 0 | E4: 1 | F4: 0
A5: Onsite FTE (Landed) | B5: 7 | C5: 3 | D5: 2 | E5: 2 | F5: 2
A6: Onsite | B6: =B3+B4+B5 -> 13 | C6: =C3+C4+C5 -> 9 | D6: =D3+D4+D5 -> 6 | E6: =E3+E4+E5 -> 7 | F6: =F3+F4+F5 -> 3
A7: Offshore | B7: 23 | C7: 22 | D7: 20 | E7: 12 | F7: 13
A8: Total | B8: =SUM(B6:B7) -> 36 | C8: =SUM(C6:C7) -> 31 | D8: =SUM(D6:D7) -> 26 | E8: =SUM(E6:E7) -> 19 | F8: =SUM(F6:F7) -> 16

Sheet India Role Distribution
A2: India | B2: BSA | C2: 0.108253
A3: India | B3: Developer | C3: 0.331456
A4: India | B4: Tester | C4: 0.176442
A5: India | B5: Maintenance | C5: 0.23342
A6: India | B6: PM | C6: 0.080962
A7: India | B7: Other | C7: 0.06945
D13: =12*C2 -> 1.299036

Sheet Onsite Role Distribution
C2: Year1 | D2: Year2 | E2: Year3 | F2: Year4 | G2: Year5
A3: Onsite | B3: PM | C3: 0 | D3: 0 | E3: 0 | F3: 0 | G3: 0
B4: Lead | C4: 1 | D4: 1 | E4: 1 | F4: 1 | G4: 0
B5: BSA | C5: 2 | D5: 2 | E5: 1 | F5: 1 | G5: 0
B6: Dev | C6: 2 | D6: 2 | E6: 2 | F6: 2 | G6: 2
B7: Tester | C7: 1 | D7: 1 | E7: 0 | F7: 0 | G7: 0
A8: Onsite-FSI | B8: PM
B9: Lead
B10: BSA | C10: 0 | D10: 0 | E10: 0 | F10: 0 | G10: 0
B11: Dev | C11: 0 | D11: 0 | E11: 0 | F11: 1 | G11: 0
B12: Tester
A13: Onsite-Landed | B13: PM
B14: Lead | C14: 1 | D14: 0 | E14: 0 | F14: 0 | G14: 0
B15: BSA | C15: 2 | D15: 1 | E15: 0 | F15: 0 | G15: 0
B16: Dev | C16: 3 | D16: 1 | E16: 1 | F16: 1 | G16: 1
B17: Tester | C17: 1 | D17: 1 | E17: 1 | F17: 1 | G17: 1

Sheet Productivity
B2: Year1 | C2: Year2 | D2: Year3 | E2: Year4 | F2: Year5
A3: Productivity | C3: 0.15 | D3: 0.34 | E3: 0.39 | F3: 0.44

Sheet Transfer
B2: Year1 | C2: Year2 | D2: Year3 | E2: Year4 | F2: Year5
A3: Transfer | E3: 0.15 | F3: 0.15

Sheet RLS
A25: Role | B25: Location | C25: RoleLocation | D25: M1 | E25: M2 | F25: M3 | G25: M4 | H25: M5 | I25: M6 | J25: M7 | K25: M8 | L25: M9 | M25: M10 | N25: M11 | O25: M12 | P25: M13 | Q25: M14 | R25: M15 | S25: M16 | T25: M17 | U25: M18 | V25: M19 | W25: M20 | X25: M21 | Y25: M22 | Z25: M23 | AA25: M24 | AB25: M25 | AC25: M26 | AD25: M27 | AE25: M28 | AF25: M29 | AG25: M30 | AH25: M31 | AI25: M32 | AJ25: M33 | AK25: M34 | AL25: M35 | AM25: M36 | AN25: M37 | AO25: M38 | AP25: M39 | AQ25: M40 | AR25: M41 | AS25: M42 | AT25: M43 | AU25: M44 | AV25: M45 | AW25: M46 | AX25: M47 | AY25: M48 | AZ25: M49 | BA25: M50 | BB25: M51 | BC25: M52 | BD25: M53 | BE25: M54 | BF25: M55 | BG25: M56 | BH25: M57 | BI25: M58 | BJ25: M59 | BK25: M60
A26: BSA | B26: India | C26: =A26&B26 -> BSAIndia | D26: =ROUND(FTE!$B$7*'India Role Distribution'!$C2,0) -> 2 | E26: =ROUND(FTE!$B$7*'India Role Distribution'!$C2,0) -> 2 | F26: =ROUND(FTE!$B$7*'India Role Distribution'!$C2,0) -> 2 | G26: =ROUND(FTE!$B$7*'India Role Distribution'!$C2,0) -> 2 | H26: =ROUND(FTE!$B$7*'India Role Distribution'!$C2,0) -> 2 | I26: =ROUND(FTE!$B$7*'India Role Distribution'!$C2,0) -> 2 | J26: =ROUND(FTE!$B$7*'India Role Distribution'!$C2,0) -> 2 | K26: =ROUND(FTE!$B$7*'India Role Distribution'!$C2,0) -> 2 | ... O26: =ROUND(FTE!$B$7*'India Role Distribution'!$C2,0) -> 2 | P26: =ROUND(FTE!$C$7*'India Role Distribution'!$C2,0) -> 2 | Q26: =ROUND(FTE!$C$7*'India Role Distribution'!$C2,0) -> 2 | R26: =ROUND(FTE!$C$7*'India Role Distribution'!$C2,0) -> 2 | S26: =ROUND(FTE!$C$7*'India Role Distribution'!$C2,0) -> 2 | T26: =ROUND(FTE!$C$7*'India Role Distribution'!$C2,0) -> 2 | U26: =ROUND(FTE!$C$7*'India Role Distribution'!$C2,0) -> 2 | V26: =ROUND(FTE!$C$7*'India Role Distribution'!$C2,0) -> 2 | W26: =ROUND(FTE!$C$7*'India Role Distribution'!$C2,0) -> 2 | ... AA26: =ROUND(FTE!$C$7*'India Role Distribution'!$C2,0) -> 2 | AB26: =ROUND(FTE!$D$7*'India Role Distribution'!$C2,0) -> 2 | AC26: =ROUND(FTE!$D$7*'India Role Distribution'!$C2,0) -> 2 | AD26: =ROUND(FTE!$D$7*'India Role Distribution'!$C2,0) -> 2 | AE26: =ROUND(FTE!$D$7*'India Role Distribution'!$C2,0) -> 2 | AF26: =ROUND(FTE!$D$7*'India Role Distribution'!$C2,0) -> 2 | AG26: =ROUND(FTE!$D$7*'India Role Distribution'!$C2,0) -> 2 | AH26: =ROUND(FTE!$D$7*'India Role Distribution'!$C2,0) -> 2 | AI26: =ROUND(FTE!$D$7*'India Role Distribution'!$C2,0) -> 2 | ... AM26: =ROUND(FTE!$D$7*'India Role Distribution'!$C2,0) -> 2 | AN26: =ROUND(FTE!$E$7*'India Role Distribution'!$C2,0) -> 1 | AO26: =ROUND(FTE!$E$7*'India Role Distribution'!$C2,0) -> 1 | AP26: =ROUND(FTE!$E$7*'India Role Distribution'!$C2,0) -> 1 | AQ26: =ROUND(FTE!$E$7*'India Role Distribution'!$C2,0) -> 1 | AR26: =ROUND(FTE!$E$7*'India Role Distribution'!$C2,0) -> 1 | AS26: =ROUND(FTE!$E$7*'India Role Distribution'!$C2,0) -> 1 | AT26: =ROUND(FTE!$E$7*'India Role Distribution'!$C2,0) -> 1 | AU26: =ROUND(FTE!$E$7*'India Role Distribution'!$C2,0) -> 1 | ... AY26: =ROUND(FTE!$E$7*'India Role Distribution'!$C2,0) -> 1 | AZ26: =ROUND(FTE!$F$7*'India Role Distribution'!$C2,0) -> 1 | BA26: =ROUND(FTE!$F$7*'India Role Distribution'!$C2,0) -> 1 | BB26: =ROUND(FTE!$F$7*'India Role Distribution'!$C2,0) -> 1 | BC26: =ROUND(FTE!$F$7*'India Role Distribution'!$C2,0) -> 1 | BD26: =ROUND(FTE!$F$7*'India Role Distribution'!$C2,0) -> 1 | BE26: =ROUND(FTE!$F$7*'India Role Distribution'!$C2,0) -> 1 | BF26: =ROUND(FTE!$F$7*'India Role Distribution'!$C2,0) -> 1 | BG26: =ROUND(FTE!$F$7*'India Role Distribution'!$C2,0) -> 1 | ... BK26: =ROUND(FTE!$F$7*'India Role Distribution'!$C2,0) -> 1
A27: Dev | B27: India | C27: =A27&B27 -> DevIndia | D27: =ROUND(FTE!$B$7*'India Role Distribution'!$C3,0) -> 8 | E27: =ROUND(FTE!$B$7*'India Role Distribution'!$C3,0) -> 8 | F27: =ROUND(FTE!$B$7*'India Role Distribution'!$C3,0) -> 8 | G27: =ROUND(FTE!$B$7*'India Role Distribution'!$C3,0) -> 8 | H27: =ROUND(FTE!$B$7*'India Role Distribution'!$C3,0) -> 8 | I27: =ROUND(FTE!$B$7*'India Role Distribution'!$C3,0) -> 8 | J27: =ROUND(FTE!$B$7*'India Role Distribution'!$C3,0) -> 8 | K27: =ROUND(FTE!$B$7*'India Role Distribution'!$C3,0) -> 8 | ... O27: =ROUND(FTE!$B$7*'India Role Distribution'!$C3,0) -> 8 | P27: =ROUND(FTE!$C$7*'India Role Distribution'!$C3,0) -> 7 | Q27: =ROUND(FTE!$C$7*'India Role Distribution'!$C3,0) -> 7 | R27: =ROUND(FTE!$C$7*'India Role Distribution'!$C3,0) -> 7 | S27: =ROUND(FTE!$C$7*'India Role Distribution'!$C3,0) -> 7 | T27: =ROUND(FTE!$C$7*'India Role Distribution'!$C3,0) -> 7 | U27: =ROUND(FTE!$C$7*'India Role Distribution'!$C3,0) -> 7 | V27: =ROUND(FTE!$C$7*'India Role Distribution'!$C3,0) -> 7 | W27: =ROUND(FTE!$C$7*'India Role Distribution'!$C3,0) -> 7 | ... AA27: =ROUND(FTE!$C$7*'India Role Distribution'!$C3,0) -> 7 | AB27: =ROUND(FTE!$D$7*'India Role Distribution'!$C3,0) -> 7 | AC27: =ROUND(FTE!$D$7*'India Role Distribution'!$C3,0) -> 7 | AD27: =ROUND(FTE!$D$7*'India Role Distribution'!$C3,0) -> 7 | AE27: =ROUND(FTE!$D$7*'India Role Distribution'!$C3,0) -> 7 | AF27: =ROUND(FTE!$D$7*'India Role Distribution'!$C3,0) -> 7 | AG27: =ROUND(FTE!$D$7*'India Role Distribution'!$C3,0) -> 7 | AH27: =ROUND(FTE!$D$7*'India Role Distribution'!$C3,0) -> 7 | AI27: =ROUND(FTE!$D$7*'India Role Distribution'!$C3,0) -> 7 | ... AM27: =ROUND(FTE!$D$7*'India Role Distribution'!$C3,0) -> 7 | AN27: =ROUND(FTE!$E$7*'India Role Distribution'!$C3,0) -> 4 | AO27: =ROUND(FTE!$E$7*'India Role Distribution'!$C3,0) -> 4 | AP27: =ROUND(FTE!$E$7*'India Role Distribution'!$C3,0) -> 4 | AQ27: =ROUND(FTE!$E$7*'India Role Distribution'!$C3,0) -> 4 | AR27: =ROUND(FTE!$E$7*'India Role Distribution'!$C3,0) -> 4 | AS27: =ROUND(FTE!$E$7*'India Role Distribution'!$C3,0) -> 4 | AT27: =ROUND(FTE!$E$7*'India Role Distribution'!$C3,0) -> 4 | AU27: =ROUND(FTE!$E$7*'India Role Distribution'!$C3,0) -> 4 | ... AY27: =ROUND(FTE!$E$7*'India Role Distribution'!$C3,0) -> 4 | AZ27: =ROUND(FTE!$F$7*'India Role Distribution'!$C3,0) -> 4 | BA27: =ROUND(FTE!$F$7*'India Role Distribution'!$C3,0) -> 4 | BB27: =ROUND(FTE!$F$7*'India Role Distribution'!$C3,0) -> 4 | BC27: =ROUND(FTE!$F$7*'India Role Distribution'!$C3,0) -> 4 | BD27: =ROUND(FTE!$F$7*'India Role Distribution'!$C3,0) -> 4 | BE27: =ROUND(FTE!$F$7*'India Role Distribution'!$C3,0) -> 4 | BF27: =ROUND(FTE!$F$7*'India Role Distribution'!$C3,0) -> 4 | BG27: =ROUND(FTE!$F$7*'India Role Distribution'!$C3,0) -> 4 | ... BK27: =ROUND(FTE!$F$7*'India Role Distribution'!$C3,0) -> 4
A28: Tester | B28: India | C28: =A28&B28 -> TesterIndia | D28: =ROUND(FTE!$B$7*'India Role Distribution'!$C4,0) -> 4 | E28: =ROUND(FTE!$B$7*'India Role Distribution'!$C4,0) -> 4 | F28: =ROUND(FTE!$B$7*'India Role Distribution'!$C4,0) -> 4 | G28: =ROUND(FTE!$B$7*'India Role Distribution'!$C4,0) -> 4 | H28: =ROUND(FTE!$B$7*'India Role Distribution'!$C4,0) -> 4 | I28: =ROUND(FTE!$B$7*'India Role Distribution'!$C4,0) -> 4 | J28: =ROUND(FTE!$B$7*'India Role Distribution'!$C4,0) -> 4 | K28: =ROUND(FTE!$B$7*'India Role Distribution'!$C4,0) -> 4 | ... O28: =ROUND(FTE!$B$7*'India Role Distribution'!$C4,0) -> 4 | P28: =ROUND(FTE!$C$7*'India Role Distribution'!$C4,0) -> 4 | Q28: =ROUND(FTE!$C$7*'India Role Distribution'!$C4,0) -> 4 | R28: =ROUND(FTE!$C$7*'India Role Distribution'!$C4,0) -> 4 | S28: =ROUND(FTE!$C$7*'India Role Distribution'!$C4,0) -> 4 | T28: =ROUND(FTE!$C$7*'India Role Distribution'!$C4,0) -> 4 | U28: =ROUND(FTE!$C$7*'India Role Distribution'!$C4,0) -> 4 | V28: =ROUND(FTE!$C$7*'India Role Distribution'!$C4,0) -> 4 | W28: =ROUND(FTE!$C$7*'India Role Distribution'!$C4,0) -> 4 | ... AA28: =ROUND(FTE!$C$7*'India Role Distribution'!$C4,0) -> 4 | AB28: =ROUND(FTE!$D$7*'India Role Distribution'!$C4,0) -> 4 | AC28: =ROUND(FTE!$D$7*'India Role Distribution'!$C4,0) -> 4 | AD28: =ROUND(FTE!$D$7*'India Role Distribution'!$C4,0) -> 4 | AE28: =ROUND(FTE!$D$7*'India Role Distribution'!$C4,0) -> 4 | AF28: =ROUND(FTE!$D$7*'India Role Distribution'!$C4,0) -> 4 | AG28: =ROUND(FTE!$D$7*'India Role Distribution'!$C4,0) -> 4 | AH28: =ROUND(FTE!$D$7*'India Role Distribution'!$C4,0) -> 4 | AI28: =ROUND(FTE!$D$7*'India Role Distribution'!$C4,0) -> 4 | ... AM28: =ROUND(FTE!$D$7*'India Role Distribution'!$C4,0) -> 4 | AN28: =ROUND(FTE!$E$7*'India Role Distribution'!$C4,0) -> 2 | AO28: =ROUND(FTE!$E$7*'India Role Distribution'!$C4,0) -> 2 | AP28: =ROUND(FTE!$E$7*'India Role Distribution'!$C4,0) -> 2 | AQ28: =ROUND(FTE!$E$7*'India Role Distribution'!$C4,0) -> 2 | AR28: =ROUND(FTE!$E$7*'India Role Distribution'!$C4,0) -> 2 | AS28: =ROUND(FTE!$E$7*'India Role Distribution'!$C4,0) -> 2 | AT28: =ROUND(FTE!$E$7*'India Role Distribution'!$C4,0) -> 2 | AU28: =ROUND(FTE!$E$7*'India Role Distribution'!$C4,0) -> 2 | ... AY28: =ROUND(FTE!$E$7*'India Role Distribution'!$C4,0) -> 2 | AZ28: =ROUND(FTE!$F$7*'India Role Distribution'!$C4,0) -> 2 | BA28: =ROUND(FTE!$F$7*'India Role Distribution'!$C4,0) -> 2 | BB28: =ROUND(FTE!$F$7*'India Role Distribution'!$C4,0) -> 2 | BC28: =ROUND(FTE!$F$7*'India Role Distribution'!$C4,0) -> 2 | BD28: =ROUND(FTE!$F$7*'India Role Distribution'!$C4,0) -> 2 | BE28: =ROUND(FTE!$F$7*'India Role Distribution'!$C4,0) -> 2 | BF28: =ROUND(FTE!$F$7*'India Role Distribution'!$C4,0) -> 2 | BG28: =ROUND(FTE!$F$7*'India Role Distribution'!$C4,0) -> 2 | ... BK28: =ROUND(FTE!$F$7*'India Role Distribution'!$C4,0) -> 2
A29: Maintenance | B29: India | C29: =A29&B29 -> MaintenanceIndia | D29: =ROUND(FTE!$B$7*'India Role Distribution'!$C5,0) -> 5 | E29: =ROUND(FTE!$B$7*'India Role Distribution'!$C5,0) -> 5 | F29: =ROUND(FTE!$B$7*'India Role Distribution'!$C5,0) -> 5 | G29: =ROUND(FTE!$B$7*'India Role Distribution'!$C5,0) -> 5 | H29: =ROUND(FTE!$B$7*'India Role Distribution'!$C5,0) -> 5 | I29: =ROUND(FTE!$B$7*'India Role Distribution'!$C5,0) -> 5 | J29: =ROUND(FTE!$B$7*'India Role Distribution'!$C5,0) -> 5 | K29: =ROUND(FTE!$B$7*'India Role Distribution'!$C5,0) -> 5 | ... O29: =ROUND(FTE!$B$7*'India Role Distribution'!$C5,0) -> 5 | P29: =ROUND(FTE!$C$7*'India Role Distribution'!$C5,0) -> 5 | Q29: =ROUND(FTE!$C$7*'India Role Distribution'!$C5,0) -> 5 | R29: =ROUND(FTE!$C$7*'India Role Distribution'!$C5,0) -> 5 | S29: =ROUND(FTE!$C$7*'India Role Distribution'!$C5,0) -> 5 | T29: =ROUND(FTE!$C$7*'India Role Distribution'!$C5,0) -> 5 | U29: =ROUND(FTE!$C$7*'India Role Distribution'!$C5,0) -> 5 | V29: =ROUND(FTE!$C$7*'India Role Distribution'!$C5,0) -> 5 | W29: =ROUND(FTE!$C$7*'India Role Distribution'!$C5,0) -> 5 | ... AA29: =ROUND(FTE!$C$7*'India Role Distribution'!$C5,0) -> 5 | AB29: =ROUND(FTE!$D$7*'India Role Distribution'!$C5,0) -> 5 | AC29: =ROUND(FTE!$D$7*'India Role Distribution'!$C5,0) -> 5 | AD29: =ROUND(FTE!$D$7*'India Role Distribution'!$C5,0) -> 5 | AE29: =ROUND(FTE!$D$7*'India Role Distribution'!$C5,0) -> 5 | AF29: =ROUND(FTE!$D$7*'India Role Distribution'!$C5,0) -> 5 | AG29: =ROUND(FTE!$D$7*'India Role Distribution'!$C5,0) -> 5 | AH29: =ROUND(FTE!$D$7*'India Role Distribution'!$C5,0) -> 5 | AI29: =ROUND(FTE!$D$7*'India Role Distribution'!$C5,0) -> 5 | ... AM29: =ROUND(FTE!$D$7*'India Role Distribution'!$C5,0) -> 5 | AN29: =ROUND(FTE!$E$7*'India Role Distribution'!$C5,0) -> 3 | AO29: =ROUND(FTE!$E$7*'India Role Distribution'!$C5,0) -> 3 | AP29: =ROUND(FTE!$E$7*'India Role Distribution'!$C5,0) -> 3 | AQ29: =ROUND(FTE!$E$7*'India Role Distribution'!$C5,0) -> 3 | AR29: =ROUND(FTE!$E$7*'India Role Distribution'!$C5,0) -> 3 | AS29: =ROUND(FTE!$E$7*'India Role Distribution'!$C5,0) -> 3 | AT29: =ROUND(FTE!$E$7*'India Role Distribution'!$C5,0) -> 3 | AU29: =ROUND(FTE!$E$7*'India Role Distribution'!$C5,0) -> 3 | ... AY29: =ROUND(FTE!$E$7*'India Role Distribution'!$C5,0) -> 3 | AZ29: =ROUND(FTE!$F$7*'India Role Distribution'!$C5,0) -> 3 | BA29: =ROUND(FTE!$F$7*'India Role Distribution'!$C5,0) -> 3 | BB29: =ROUND(FTE!$F$7*'India Role Distribution'!$C5,0) -> 3 | BC29: =ROUND(FTE!$F$7*'India Role Distribution'!$C5,0) -> 3 | BD29: =ROUND(FTE!$F$7*'India Role Distribution'!$C5,0) -> 3 | BE29: =ROUND(FTE!$F$7*'India Role Distribution'!$C5,0) -> 3 | BF29: =ROUND(FTE!$F$7*'India Role Distribution'!$C5,0) -> 3 | BG29: =ROUND(FTE!$F$7*'India Role Distribution'!$C5,0) -> 3 | ... BK29: =ROUND(FTE!$F$7*'India Role Distribution'!$C5,0) -> 3
A30: PM | B30: India | C30: =A30&B30 -> PMIndia | D30: =ROUND(FTE!$B$7*'India Role Distribution'!$C6,0) -> 2 | E30: =ROUND(FTE!$B$7*'India Role Distribution'!$C6,0) -> 2 | F30: =ROUND(FTE!$B$7*'India Role Distribution'!$C6,0) -> 2 | G30: =ROUND(FTE!$B$7*'India Role Distribution'!$C6,0) -> 2 | H30: =ROUND(FTE!$B$7*'India Role Distribution'!$C6,0) -> 2 | I30: =ROUND(FTE!$B$7*'India Role Distribution'!$C6,0) -> 2 | J30: =ROUND(FTE!$B$7*'India Role Distribution'!$C6,0) -> 2 | K30: =ROUND(FTE!$B$7*'India Role Distribution'!$C6,0) -> 2 | ... O30: =ROUND(FTE!$B$7*'India Role Distribution'!$C6,0) -> 2 | P30: =ROUND(FTE!$C$7*'India Role Distribution'!$C6,0) -> 2 | Q30: =ROUND(FTE!$C$7*'India Role Distribution'!$C6,0) -> 2 | R30: =ROUND(FTE!$C$7*'India Role Distribution'!$C6,0) -> 2 | S30: =ROUND(FTE!$C$7*'India Role Distribution'!$C6,0) -> 2 | T30: =ROUND(FTE!$C$7*'India Role Distribution'!$C6,0) -> 2 | U30: =ROUND(FTE!$C$7*'India Role Distribution'!$C6,0) -> 2 | V30: =ROUND(FTE!$C$7*'India Role Distribution'!$C6,0) -> 2 | W30: =ROUND(FTE!$C$7*'India Role Distribution'!$C6,0) -> 2 | ... AA30: =ROUND(FTE!$C$7*'India Role Distribution'!$C6,0) -> 2 | AB30: =ROUND(FTE!$D$7*'India Role Distribution'!$C6,0) -> 2 | AC30: =ROUND(FTE!$D$7*'India Role Distribution'!$C6,0) -> 2 | AD30: =ROUND(FTE!$D$7*'India Role Distribution'!$C6,0) -> 2 | AE30: =ROUND(FTE!$D$7*'India Role Distribution'!$C6,0) -> 2 | AF30: =ROUND(FTE!$D$7*'India Role Distribution'!$C6,0) -> 2 | AG30: =ROUND(FTE!$D$7*'India Role Distribution'!$C6,0) -> 2 | AH30: =ROUND(FTE!$D$7*'India Role Distribution'!$C6,0) -> 2 | AI30: =ROUND(FTE!$D$7*'India Role Distribution'!$C6,0) -> 2 | ... AM30: =ROUND(FTE!$D$7*'India Role Distribution'!$C6,0) -> 2 | AN30: =ROUND(FTE!$E$7*'India Role Distribution'!$C6,0) -> 1 | AO30: =ROUND(FTE!$E$7*'India Role Distribution'!$C6,0) -> 1 | AP30: =ROUND(FTE!$E$7*'India Role Distribution'!$C6,0) -> 1 | AQ30: =ROUND(FTE!$E$7*'India Role Distribution'!$C6,0) -> 1 | AR30: =ROUND(FTE!$E$7*'India Role Distribution'!$C6,0) -> 1 | AS30: =ROUND(FTE!$E$7*'India Role Distribution'!$C6,0) -> 1 | AT30: =ROUND(FTE!$E$7*'India Role Distribution'!$C6,0) -> 1 | AU30: =ROUND(FTE!$E$7*'India Role Distribution'!$C6,0) -> 1 | ... AY30: =ROUND(FTE!$E$7*'India Role Distribution'!$C6,0) -> 1 | AZ30: =ROUND(FTE!$F$7*'India Role Distribution'!$C6,0) -> 1 | BA30: =ROUND(FTE!$F$7*'India Role Distribution'!$C6,0) -> 1 | BB30: =ROUND(FTE!$F$7*'India Role Distribution'!$C6,0) -> 1 | BC30: =ROUND(FTE!$F$7*'India Role Distribution'!$C6,0) -> 1 | BD30: =ROUND(FTE!$F$7*'India Role Distribution'!$C6,0) -> 1 | BE30: =ROUND(FTE!$F$7*'India Role Distribution'!$C6,0) -> 1 | BF30: =ROUND(FTE!$F$7*'India Role Distribution'!$C6,0) -> 1 | BG30: =ROUND(FTE!$F$7*'India Role Distribution'!$C6,0) -> 1 | ... BK30: =ROUND(FTE!$F$7*'India Role Distribution'!$C6,0) -> 1
A31: Lead | B31: India | C31: =A31&B31 -> LeadIndia | D31: =ROUND(FTE!$B$7*'India Role Distribution'!$C7,0) -> 2 | E31: =ROUND(FTE!$B$7*'India Role Distribution'!$C7,0) -> 2 | F31: =ROUND(FTE!$B$7*'India Role Distribution'!$C7,0) -> 2 | G31: =ROUND(FTE!$B$7*'India Role Distribution'!$C7,0) -> 2 | H31: =ROUND(FTE!$B$7*'India Role Distribution'!$C7,0) -> 2 | I31: =ROUND(FTE!$B$7*'India Role Distribution'!$C7,0) -> 2 | J31: =ROUND(FTE!$B$7*'India Role Distribution'!$C7,0) -> 2 | K31: =ROUND(FTE!$B$7*'India Role Distribution'!$C7,0) -> 2 | ... O31: =ROUND(FTE!$B$7*'India Role Distribution'!$C7,0) -> 2 | P31: =ROUND(FTE!$C$7*'India Role Distribution'!$C7,0) -> 2 | Q31: =ROUND(FTE!$C$7*'India Role Distribution'!$C7,0) -> 2 | R31: =ROUND(FTE!$C$7*'India Role Distribution'!$C7,0) -> 2 | S31: =ROUND(FTE!$C$7*'India Role Distribution'!$C7,0) -> 2 | T31: =ROUND(FTE!$C$7*'India Role Distribution'!$C7,0) -> 2 | U31: =ROUND(FTE!$C$7*'India Role Distribution'!$C7,0) -> 2 | V31: =ROUND(FTE!$C$7*'India Role Distribution'!$C7,0) -> 2 | W31: =ROUND(FTE!$C$7*'India Role Distribution'!$C7,0) -> 2 | ... AA31: =ROUND(FTE!$C$7*'India Role Distribution'!$C7,0) -> 2 | AB31: =ROUND(FTE!$D$7*'India Role Distribution'!$C7,0) -> 1 | AC31: =ROUND(FTE!$D$7*'India Role Distribution'!$C7,0) -> 1 | AD31: =ROUND(FTE!$D$7*'India Role Distribution'!$C7,0) -> 1 | AE31: =ROUND(FTE!$D$7*'India Role Distribution'!$C7,0) -> 1 | AF31: =ROUND(FTE!$D$7*'India Role Distribution'!$C7,0) -> 1 | AG31: =ROUND(FTE!$D$7*'India Role Distribution'!$C7,0) -> 1 | AH31: =ROUND(FTE!$D$7*'India Role Distribution'!$C7,0) -> 1 | AI31: =ROUND(FTE!$D$7*'India Role Distribution'!$C7,0) -> 1 | ... AM31: =ROUND(FTE!$D$7*'India Role Distribution'!$C7,0) -> 1 | AN31: =ROUND(FTE!$E$7*'India Role Distribution'!$C7,0) -> 1 | AO31: =ROUND(FTE!$E$7*'India Role Distribution'!$C7,0) -> 1 | AP31: =ROUND(FTE!$E$7*'India Role Distribution'!$C7,0) -> 1 | AQ31: =ROUND(FTE!$E$7*'India Role Distribution'!$C7,0) -> 1 | AR31: =ROUND(FTE!$E$7*'India Role Distribution'!$C7,0) -> 1 | AS31: =ROUND(FTE!$E$7*'India Role Distribution'!$C7,0) -> 1 | AT31: =ROUND(FTE!$E$7*'India Role Distribution'!$C7,0) -> 1 | AU31: =ROUND(FTE!$E$7*'India Role Distribution'!$C7,0) -> 1 | ... AY31: =ROUND(FTE!$E$7*'India Role Distribution'!$C7,0) -> 1 | AZ31: =ROUND(FTE!$F$7*'India Role Distribution'!$C7,0) -> 1 | BA31: =ROUND(FTE!$F$7*'India Role Distribution'!$C7,0) -> 1 | BB31: =ROUND(FTE!$F$7*'India Role Distribution'!$C7,0) -> 1 | BC31: =ROUND(FTE!$F$7*'India Role Distribution'!$C7,0) -> 1 | BD31: =ROUND(FTE!$F$7*'India Role Distribution'!$C7,0) -> 1 | BE31: =ROUND(FTE!$F$7*'India Role Distribution'!$C7,0) -> 1 | BF31: =ROUND(FTE!$F$7*'India Role Distribution'!$C7,0) -> 1 | BG31: =ROUND(FTE!$F$7*'India Role Distribution'!$C7,0) -> 1 | ... BK31: =ROUND(FTE!$F$7*'India Role Distribution'!$C7,0) -> 1
A32: BSA | B32: Onsite | C32: =A32&B32 -> BSAOnsite | D32: =VLOOKUP($A32,'Onsite Role Distribution'!$B$3:$G$7,2,FALSE)+VLOOKUP($A32,'Onsite Role Distribution'!$B$8:$G$12,2,FALSE) -> 2 | E32: =VLOOKUP($A32,'Onsite Role Distribution'!$B$3:$G$7,2,FALSE)+VLOOKUP($A32,'Onsite Role Distribution'!$B$8:$G$12,2,FALSE) -> 2 | F32: =VLOOKUP($A32,'Onsite Role Distribution'!$B$3:$G$7,2,FALSE)+VLOOKUP($A32,'Onsite Role Distribution'!$B$8:$G$12,2,FALSE) -> 2 | G32: =VLOOKUP($A32,'Onsite Role Distribution'!$B$3:$G$7,2,FALSE)+VLOOKUP($A32,'Onsite Role Distribution'!$B$8:$G$12,2,FALSE) -> 2 | H32: =VLOOKUP($A32,'Onsite Role Distribution'!$B$3:$G$7,2,FALSE)+VLOOKUP($A32,'Onsite Role Distribution'!$B$8:$G$12,2,FALSE) -> 2 | I32: =VLOOKUP($A32,'Onsite Role Distribution'!$B$3:$G$7,2,FALSE)+VLOOKUP($A32,'Onsite Role Distribution'!$B$8:$G$12,2,FALSE) -> 2 | J32: =VLOOKUP($A32,'Onsite Role Distribution'!$B$3:$G$7,2,FALSE)+VLOOKUP($A32,'Onsite Role Distribution'!$B$8:$G$12,2,FALSE) -> 2 | K32: =VLOOKUP($A32,'Onsite Role Distribution'!$B$3:$G$7,2,FALSE)+VLOOKUP($A32,'Onsite Role Distribution'!$B$8:$G$12,2,FALSE) -> 2 | ... O32: =VLOOKUP($A32,'Onsite Role Distribution'!$B$3:$G$7,2,FALSE)+VLOOKUP($A32,'Onsite Role Distribution'!$B$8:$G$12,2,FALSE) -> 2 | P32: =VLOOKUP($A32,'Onsite Role Distribution'!$B$3:$G$7,3,FALSE)+VLOOKUP($A32,'Onsite Role Distribution'!$B$8:$G$12,3,FALSE) -> 2 | Q32: =VLOOKUP($A32,'Onsite Role Distribution'!$B$3:$G$7,3,FALSE)+VLOOKUP($A32,'Onsite Role Distribution'!$B$8:$G$12,3,FALSE) -> 2 | R32: =VLOOKUP($A32,'Onsite Role Distribution'!$B$3:$G$7,3,FALSE)+VLOOKUP($A32,'Onsite Role Distribution'!$B$8:$G$12,3,FALSE) -> 2 | S32: =VLOOKUP($A32,'Onsite Role Distribution'!$B$3:$G$7,3,FALSE)+VLOOKUP($A32,'Onsite Role Distribution'!$B$8:$G$12,3,FALSE) -> 2 | T32: =VLOOKUP($A32,'Onsite Role Distribution'!$B$3:$G$7,3,FALSE)+VLOOKUP($A32,'Onsite Role Distribution'!$B$8:$G$12,3,FALSE) -> 2 | U32: =VLOOKUP($A32,'Onsite Role Distribution'!$B$3:$G$7,3,FALSE)+VLOOKUP($A32,'Onsite Role Distribution'!$B$8:$G$12,3,FALSE) -> 2 | V32: =VLOOKUP($A32,'Onsite Role Distribution'!$B$3:$G$7,3,FALSE)+VLOOKUP($A32,'Onsite Role Distribution'!$B$8:$G$12,3,FALSE) -> 2 | W32: =VLOOKUP($A32,'Onsite Role Distribution'!$B$3:$G$7,3,FALSE)+VLOOKUP($A32,'Onsite Role Distribution'!$B$8:$G$12,3,FALSE) -> 2 | ... AA32: =VLOOKUP($A32,'Onsite Role Distribution'!$B$3:$G$7,3,FALSE)+VLOOKUP($A32,'Onsite Role Distribution'!$B$8:$G$12,3,FALSE) -> 2 | AB32: =VLOOKUP($A32,'Onsite Role Distribution'!$B$3:$G$7,4,FALSE)+VLOOKUP($A32,'Onsite Role Distribution'!$B$8:$G$12,4,FALSE) -> 1 | AC32: =VLOOKUP($A32,'Onsite Role Distribution'!$B$3:$G$7,4,FALSE)+VLOOKUP($A32,'Onsite Role Distribution'!$B$8:$G$12,4,FALSE) -> 1 | AD32: =VLOOKUP($A32,'Onsite Role Distribution'!$B$3:$G$7,4,FALSE)+VLOOKUP($A32,'Onsite Role Distribution'!$B$8:$G$12,4,FALSE) -> 1 | AE32: =VLOOKUP($A32,'Onsite Role Distribution'!$B$3:$G$7,4,FALSE)+VLOOKUP($A32,'Onsite Role Distribution'!$B$8:$G$12,4,FALSE) -> 1 | AF32: =VLOOKUP($A32,'Onsite Role Distribution'!$B$3:$G$7,4,FALSE)+VLOOKUP($A32,'Onsite Role Distribution'!$B$8:$G$12,4,FALSE) -> 1 | AG32: =VLOOKUP($A32,'Onsite Role Distribution'!$B$3:$G$7,4,FALSE)+VLOOKUP($A32,'Onsite Role Distribution'!$B$8:$G$12,4,FALSE) -> 1 | AH32: =VLOOKUP($A32,'Onsite Role Distribution'!$B$3:$G$7,4,FALSE)+VLOOKUP($A32,'Onsite Role Distribution'!$B$8:$G$12,4,FALSE) -> 1 | AI32: =VLOOKUP($A32,'Onsite Role Distribution'!$B$3:$G$7,4,FALSE)+VLOOKUP($A32,'Onsite Role Distribution'!$B$8:$G$12,4,FALSE) -> 1 | ... AM32: =VLOOKUP($A32,'Onsite Role Distribution'!$B$3:$G$7,4,FALSE)+VLOOKUP($A32,'Onsite Role Distribution'!$B$8:$G$12,4,FALSE) -> 1 | AN32: =VLOOKUP($A32,'Onsite Role Distribution'!$B$3:$G$7,5,FALSE)+VLOOKUP($A32,'Onsite Role Distribution'!$B$8:$G$12,5,FALSE) -> 1 | AO32: =VLOOKUP($A32,'Onsite Role Distribution'!$B$3:$G$7,5,FALSE)+VLOOKUP($A32,'Onsite Role Distribution'!$B$8:$G$12,5,FALSE) -> 1 | AP32: =VLOOKUP($A32,'Onsite Role Distribution'!$B$3:$G$7,5,FALSE)+VLOOKUP($A32,'Onsite Role Distribution'!$B$8:$G$12,5,FALSE) -> 1 | AQ32: =VLOOKUP($A32,'Onsite Role Distribution'!$B$3:$G$7,5,FALSE)+VLOOKUP($A32,'Onsite Role Distribution'!$B$8:$G$12,5,FALSE) -> 1 | AR32: =VLOOKUP($A32,'Onsite Role Distribution'!$B$3:$G$7,5,FALSE)+VLOOKUP($A32,'Onsite Role Distribution'!$B$8:$G$12,5,FALSE) -> 1 | AS32: =VLOOKUP($A32,'Onsite Role Distribution'!$B$3:$G$7,5,FALSE)+VLOOKUP($A32,'Onsite Role Distribution'!$B$8:$G$12,5,FALSE) -> 1 | AT32: =VLOOKUP($A32,'Onsite Role Distribution'!$B$3:$G$7,5,FALSE)+VLOOKUP($A32,'Onsite Role Distribution'!$B$8:$G$12,5,FALSE) -> 1 | AU32: =VLOOKUP($A32,'Onsite Role Distribution'!$B$3:$G$7,5,FALSE)+VLOOKUP($A32,'Onsite Role Distribution'!$B$8:$G$12,5,FALSE) -> 1 | ... AY32: =VLOOKUP($A32,'Onsite Role Distribution'!$B$3:$G$7,5,FALSE)+VLOOKUP($A32,'Onsite Role Distribution'!$B$8:$G$12,5,FALSE) -> 1 | AZ32: =VLOOKUP($A32,'Onsite Role Distribution'!$B$3:$G$7,6,FALSE)+VLOOKUP($A32,'Onsite Role Distribution'!$B$8:$G$12,6,FALSE) -> 0 | BA32: =VLOOKUP($A32,'Onsite Role Distribution'!$B$3:$G$7,6,FALSE)+VLOOKUP($A32,'Onsite Role Distribution'!$B$8:$G$12,6,FALSE) -> 0 | BB32: =VLOOKUP($A32,'Onsite Role Distribution'!$B$3:$G$7,6,FALSE)+VLOOKUP($A32,'Onsite Role Distribution'!$B$8:$G$12,6,FALSE) -> 0 | BC32: =VLOOKUP($A32,'Onsite Role Distribution'!$B$3:$G$7,6,FALSE)+VLOOKUP($A32,'Onsite Role Distribution'!$B$8:$G$12,6,FALSE) -> 0 | BD32: =VLOOKUP($A32,'Onsite Role Distribution'!$B$3:$G$7,6,FALSE)+VLOOKUP($A32,'Onsite Role Distribution'!$B$8:$G$12,6,FALSE) -> 0 | BE32: =VLOOKUP($A32,'Onsite Role Distribution'!$B$3:$G$7,6,FALSE)+VLOOKUP($A32,'Onsite Role Distribution'!$B$8:$G$12,6,FALSE) -> 0 | BF32: =VLOOKUP($A32,'Onsite Role Distribution'!$B$3:$G$7,6,FALSE)+VLOOKUP($A32,'Onsite Role Distribution'!$B$8:$G$12,6,FALSE) -> 0 | BG32: =VLOOKUP($A32,'Onsite Role Distribution'!$B$3:$G$7,6,FALSE)+VLOOKUP($A32,'Onsite Role Distribution'!$B$8:$G$12,6,FALSE) -> 0 | ... BK32: =VLOOKUP($A32,'Onsite Role Distribution'!$B$3:$G$7,6,FALSE)+VLOOKUP($A32,'Onsite Role Distribution'!$B$8:$G$12,6,FALSE) -> 0
A33: Dev | B33: Onsite | C33: =A33&B33 -> DevOnsite | D33: =VLOOKUP($A33,'Onsite Role Distribution'!$B$3:$G$7,2,FALSE)+VLOOKUP($A33,'Onsite Role Distribution'!$B$8:$G$12,2,FALSE) -> 2 | E33: =VLOOKUP($A33,'Onsite Role Distribution'!$B$3:$G$7,2,FALSE)+VLOOKUP($A33,'Onsite Role Distribution'!$B$8:$G$12,2,FALSE) -> 2 | F33: =VLOOKUP($A33,'Onsite Role Distribution'!$B$3:$G$7,2,FALSE)+VLOOKUP($A33,'Onsite Role Distribution'!$B$8:$G$12,2,FALSE) -> 2 | G33: =VLOOKUP($A33,'Onsite Role Distribution'!$B$3:$G$7,2,FALSE)+VLOOKUP($A33,'Onsite Role Distribution'!$B$8:$G$12,2,FALSE) -> 2 | H33: =VLOOKUP($A33,'Onsite Role Distribution'!$B$3:$G$7,2,FALSE)+VLOOKUP($A33,'Onsite Role Distribution'!$B$8:$G$12,2,FALSE) -> 2 | I33: =VLOOKUP($A33,'Onsite Role Distribution'!$B$3:$G$7,2,FALSE)+VLOOKUP($A33,'Onsite Role Distribution'!$B$8:$G$12,2,FALSE) -> 2 | J33: =VLOOKUP($A33,'Onsite Role Distribution'!$B$3:$G$7,2,FALSE)+VLOOKUP($A33,'Onsite Role Distribution'!$B$8:$G$12,2,FALSE) -> 2 | K33: =VLOOKUP($A33,'Onsite Role Distribution'!$B$3:$G$7,2,FALSE)+VLOOKUP($A33,'Onsite Role Distribution'!$B$8:$G$12,2,FALSE) -> 2 | ... O33: =VLOOKUP($A33,'Onsite Role Distribution'!$B$3:$G$7,2,FALSE)+VLOOKUP($A33,'Onsite Role Distribution'!$B$8:$G$12,2,FALSE) -> 2 | P33: =VLOOKUP($A33,'Onsite Role Distribution'!$B$3:$G$7,3,FALSE)+VLOOKUP($A33,'Onsite Role Distribution'!$B$8:$G$12,3,FALSE) -> 2 | Q33: =VLOOKUP($A33,'Onsite Role Distribution'!$B$3:$G$7,3,FALSE)+VLOOKUP($A33,'Onsite Role Distribution'!$B$8:$G$12,3,FALSE) -> 2 | R33: =VLOOKUP($A33,'Onsite Role Distribution'!$B$3:$G$7,3,FALSE)+VLOOKUP($A33,'Onsite Role Distribution'!$B$8:$G$12,3,FALSE) -> 2 | S33: =VLOOKUP($A33,'Onsite Role Distribution'!$B$3:$G$7,3,FALSE)+VLOOKUP($A33,'Onsite Role Distribution'!$B$8:$G$12,3,FALSE) -> 2 | T33: =VLOOKUP($A33,'Onsite Role Distribution'!$B$3:$G$7,3,FALSE)+VLOOKUP($A33,'Onsite Role Distribution'!$B$8:$G$12,3,FALSE) -> 2 | U33: =VLOOKUP($A33,'Onsite Role Distribution'!$B$3:$G$7,3,FALSE)+VLOOKUP($A33,'Onsite Role Distribution'!$B$8:$G$12,3,FALSE) -> 2 | V33: =VLOOKUP($A33,'Onsite Role Distribution'!$B$3:$G$7,3,FALSE)+VLOOKUP($A33,'Onsite Role Distribution'!$B$8:$G$12,3,FALSE) -> 2 | W33: =VLOOKUP($A33,'Onsite Role Distribution'!$B$3:$G$7,3,FALSE)+VLOOKUP($A33,'Onsite Role Distribution'!$B$8:$G$12,3,FALSE) -> 2 | ... AA33: =VLOOKUP($A33,'Onsite Role Distribution'!$B$3:$G$7,3,FALSE)+VLOOKUP($A33,'Onsite Role Distribution'!$B$8:$G$12,3,FALSE) -> 2 | AB33: =VLOOKUP($A33,'Onsite Role Distribution'!$B$3:$G$7,4,FALSE)+VLOOKUP($A33,'Onsite Role Distribution'!$B$8:$G$12,4,FALSE) -> 2 | AC33: =VLOOKUP($A33,'Onsite Role Distribution'!$B$3:$G$7,4,FALSE)+VLOOKUP($A33,'Onsite Role Distribution'!$B$8:$G$12,4,FALSE) -> 2 | AD33: =VLOOKUP($A33,'Onsite Role Distribution'!$B$3:$G$7,4,FALSE)+VLOOKUP($A33,'Onsite Role Distribution'!$B$8:$G$12,4,FALSE) -> 2 | AE33: =VLOOKUP($A33,'Onsite Role Distribution'!$B$3:$G$7,4,FALSE)+VLOOKUP($A33,'Onsite Role Distribution'!$B$8:$G$12,4,FALSE) -> 2 | AF33: =VLOOKUP($A33,'Onsite Role Distribution'!$B$3:$G$7,4,FALSE)+VLOOKUP($A33,'Onsite Role Distribution'!$B$8:$G$12,4,FALSE) -> 2 | AG33: =VLOOKUP($A33,'Onsite Role Distribution'!$B$3:$G$7,4,FALSE)+VLOOKUP($A33,'Onsite Role Distribution'!$B$8:$G$12,4,FALSE) -> 2 | AH33: =VLOOKUP($A33,'Onsite Role Distribution'!$B$3:$G$7,4,FALSE)+VLOOKUP($A33,'Onsite Role Distribution'!$B$8:$G$12,4,FALSE) -> 2 | AI33: =VLOOKUP($A33,'Onsite Role Distribution'!$B$3:$G$7,4,FALSE)+VLOOKUP($A33,'Onsite Role Distribution'!$B$8:$G$12,4,FALSE) -> 2 | ... AM33: =VLOOKUP($A33,'Onsite Role Distribution'!$B$3:$G$7,4,FALSE)+VLOOKUP($A33,'Onsite Role Distribution'!$B$8:$G$12,4,FALSE) -> 2 | AN33: =VLOOKUP($A33,'Onsite Role Distribution'!$B$3:$G$7,5,FALSE)+VLOOKUP($A33,'Onsite Role Distribution'!$B$8:$G$12,5,FALSE) -> 3 | AO33: =VLOOKUP($A33,'Onsite Role Distribution'!$B$3:$G$7,5,FALSE)+VLOOKUP($A33,'Onsite Role Distribution'!$B$8:$G$12,5,FALSE) -> 3 | AP33: =VLOOKUP($A33,'Onsite Role Distribution'!$B$3:$G$7,5,FALSE)+VLOOKUP($A33,'Onsite Role Distribution'!$B$8:$G$12,5,FALSE) -> 3 | AQ33: =VLOOKUP($A33,'Onsite Role Distribution'!$B$3:$G$7,5,FALSE)+VLOOKUP($A33,'Onsite Role Distribution'!$B$8:$G$12,5,FALSE) -> 3 | AR33: =VLOOKUP($A33,'Onsite Role Distribution'!$B$3:$G$7,5,FALSE)+VLOOKUP($A33,'Onsite Role Distribution'!$B$8:$G$12,5,FALSE) -> 3 | AS33: =VLOOKUP($A33,'Onsite Role Distribution'!$B$3:$G$7,5,FALSE)+VLOOKUP($A33,'Onsite Role Distribution'!$B$8:$G$12,5,FALSE) -> 3 | AT33: =VLOOKUP($A33,'Onsite Role Distribution'!$B$3:$G$7,5,FALSE)+VLOOKUP($A33,'Onsite Role Distribution'!$B$8:$G$12,5,FALSE) -> 3 | AU33: =VLOOKUP($A33,'Onsite Role Distribution'!$B$3:$G$7,5,FALSE)+VLOOKUP($A33,'Onsite Role Distribution'!$B$8:$G$12,5,FALSE) -> 3 | ... AY33: =VLOOKUP($A33,'Onsite Role Distribution'!$B$3:$G$7,5,FALSE)+VLOOKUP($A33,'Onsite Role Distribution'!$B$8:$G$12,5,FALSE) -> 3 | AZ33: =VLOOKUP($A33,'Onsite Role Distribution'!$B$3:$G$7,6,FALSE)+VLOOKUP($A33,'Onsite Role Distribution'!$B$8:$G$12,6,FALSE) -> 2 | BA33: =VLOOKUP($A33,'Onsite Role Distribution'!$B$3:$G$7,6,FALSE)+VLOOKUP($A33,'Onsite Role Distribution'!$B$8:$G$12,6,FALSE) -> 2 | BB33: =VLOOKUP($A33,'Onsite Role Distribution'!$B$3:$G$7,6,FALSE)+VLOOKUP($A33,'Onsite Role Distribution'!$B$8:$G$12,6,FALSE) -> 2 | BC33: =VLOOKUP($A33,'Onsite Role Distribution'!$B$3:$G$7,6,FALSE)+VLOOKUP($A33,'Onsite Role Distribution'!$B$8:$G$12,6,FALSE) -> 2 | BD33: =VLOOKUP($A33,'Onsite Role Distribution'!$B$3:$G$7,6,FALSE)+VLOOKUP($A33,'Onsite Role Distribution'!$B$8:$G$12,6,FALSE) -> 2 | BE33: =VLOOKUP($A33,'Onsite Role Distribution'!$B$3:$G$7,6,FALSE)+VLOOKUP($A33,'Onsite Role Distribution'!$B$8:$G$12,6,FALSE) -> 2 | BF33: =VLOOKUP($A33,'Onsite Role Distribution'!$B$3:$G$7,6,FALSE)+VLOOKUP($A33,'Onsite Role Distribution'!$B$8:$G$12,6,FALSE) -> 2 | BG33: =VLOOKUP($A33,'Onsite Role Distribution'!$B$3:$G$7,6,FALSE)+VLOOKUP($A33,'Onsite Role Distribution'!$B$8:$G$12,6,FALSE) -> 2 | ... BK33: =VLOOKUP($A33,'Onsite Role Distribution'!$B$3:$G$7,6,FALSE)+VLOOKUP($A33,'Onsite Role Distribution'!$B$8:$G$12,6,FALSE) -> 2
A34: Tester | B34: Onsite | C34: =A34&B34 -> TesterOnsite | D34: =VLOOKUP($A34,'Onsite Role Distribution'!$B$3:$G$7,2,FALSE)+VLOOKUP($A34,'Onsite Role Distribution'!$B$8:$G$12,2,FALSE) -> 1 | E34: =VLOOKUP($A34,'Onsite Role Distribution'!$B$3:$G$7,2,FALSE)+VLOOKUP($A34,'Onsite Role Distribution'!$B$8:$G$12,2,FALSE) -> 1 | F34: =VLOOKUP($A34,'Onsite Role Distribution'!$B$3:$G$7,2,FALSE)+VLOOKUP($A34,'Onsite Role Distribution'!$B$8:$G$12,2,FALSE) -> 1 | G34: =VLOOKUP($A34,'Onsite Role Distribution'!$B$3:$G$7,2,FALSE)+VLOOKUP($A34,'Onsite Role Distribution'!$B$8:$G$12,2,FALSE) -> 1 | H34: =VLOOKUP($A34,'Onsite Role Distribution'!$B$3:$G$7,2,FALSE)+VLOOKUP($A34,'Onsite Role Distribution'!$B$8:$G$12,2,FALSE) -> 1 | I34: =VLOOKUP($A34,'Onsite Role Distribution'!$B$3:$G$7,2,FALSE)+VLOOKUP($A34,'Onsite Role Distribution'!$B$8:$G$12,2,FALSE) -> 1 | J34: =VLOOKUP($A34,'Onsite Role Distribution'!$B$3:$G$7,2,FALSE)+VLOOKUP($A34,'Onsite Role Distribution'!$B$8:$G$12,2,FALSE) -> 1 | K34: =VLOOKUP($A34,'Onsite Role Distribution'!$B$3:$G$7,2,FALSE)+VLOOKUP($A34,'Onsite Role Distribution'!$B$8:$G$12,2,FALSE) -> 1 | ... O34: =VLOOKUP($A34,'Onsite Role Distribution'!$B$3:$G$7,2,FALSE)+VLOOKUP($A34,'Onsite Role Distribution'!$B$8:$G$12,2,FALSE) -> 1 | P34: =VLOOKUP($A34,'Onsite Role Distribution'!$B$3:$G$7,3,FALSE)+VLOOKUP($A34,'Onsite Role Distribution'!$B$8:$G$12,3,FALSE) -> 1 | Q34: =VLOOKUP($A34,'Onsite Role Distribution'!$B$3:$G$7,3,FALSE)+VLOOKUP($A34,'Onsite Role Distribution'!$B$8:$G$12,3,FALSE) -> 1 | R34: =VLOOKUP($A34,'Onsite Role Distribution'!$B$3:$G$7,3,FALSE)+VLOOKUP($A34,'Onsite Role Distribution'!$B$8:$G$12,3,FALSE) -> 1 | S34: =VLOOKUP($A34,'Onsite Role Distribution'!$B$3:$G$7,3,FALSE)+VLOOKUP($A34,'Onsite Role Distribution'!$B$8:$G$12,3,FALSE) -> 1 | T34: =VLOOKUP($A34,'Onsite Role Distribution'!$B$3:$G$7,3,FALSE)+VLOOKUP($A34,'Onsite Role Distribution'!$B$8:$G$12,3,FALSE) -> 1 | U34: =VLOOKUP($A34,'Onsite Role Distribution'!$B$3:$G$7,3,FALSE)+VLOOKUP($A34,'Onsite Role Distribution'!$B$8:$G$12,3,FALSE) -> 1 | V34: =VLOOKUP($A34,'Onsite Role Distribution'!$B$3:$G$7,3,FALSE)+VLOOKUP($A34,'Onsite Role Distribution'!$B$8:$G$12,3,FALSE) -> 1 | W34: =VLOOKUP($A34,'Onsite Role Distribution'!$B$3:$G$7,3,FALSE)+VLOOKUP($A34,'Onsite Role Distribution'!$B$8:$G$12,3,FALSE) -> 1 | ... AA34: =VLOOKUP($A34,'Onsite Role Distribution'!$B$3:$G$7,3,FALSE)+VLOOKUP($A34,'Onsite Role Distribution'!$B$8:$G$12,3,FALSE) -> 1 | AB34: =VLOOKUP($A34,'Onsite Role Distribution'!$B$3:$G$7,4,FALSE)+VLOOKUP($A34,'Onsite Role Distribution'!$B$8:$G$12,4,FALSE) -> 0 | AC34: =VLOOKUP($A34,'Onsite Role Distribution'!$B$3:$G$7,4,FALSE)+VLOOKUP($A34,'Onsite Role Distribution'!$B$8:$G$12,4,FALSE) -> 0 | AD34: =VLOOKUP($A34,'Onsite Role Distribution'!$B$3:$G$7,4,FALSE)+VLOOKUP($A34,'Onsite Role Distribution'!$B$8:$G$12,4,FALSE) -> 0 | AE34: =VLOOKUP($A34,'Onsite Role Distribution'!$B$3:$G$7,4,FALSE)+VLOOKUP($A34,'Onsite Role Distribution'!$B$8:$G$12,4,FALSE) -> 0 | AF34: =VLOOKUP($A34,'Onsite Role Distribution'!$B$3:$G$7,4,FALSE)+VLOOKUP($A34,'Onsite Role Distribution'!$B$8:$G$12,4,FALSE) -> 0 | AG34: =VLOOKUP($A34,'Onsite Role Distribution'!$B$3:$G$7,4,FALSE)+VLOOKUP($A34,'Onsite Role Distribution'!$B$8:$G$12,4,FALSE) -> 0 | AH34: =VLOOKUP($A34,'Onsite Role Distribution'!$B$3:$G$7,4,FALSE)+VLOOKUP($A34,'Onsite Role Distribution'!$B$8:$G$12,4,FALSE) -> 0 | AI34: =VLOOKUP($A34,'Onsite Role Distribution'!$B$3:$G$7,4,FALSE)+VLOOKUP($A34,'Onsite Role Distribution'!$B$8:$G$12,4,FALSE) -> 0 | ... AM34: =VLOOKUP($A34,'Onsite Role Distribution'!$B$3:$G$7,4,FALSE)+VLOOKUP($A34,'Onsite Role Distribution'!$B$8:$G$12,4,FALSE) -> 0 | AN34: =VLOOKUP($A34,'Onsite Role Distribution'!$B$3:$G$7,5,FALSE)+VLOOKUP($A34,'Onsite Role Distribution'!$B$8:$G$12,5,FALSE) -> 0 | AO34: =VLOOKUP($A34,'Onsite Role Distribution'!$B$3:$G$7,5,FALSE)+VLOOKUP($A34,'Onsite Role Distribution'!$B$8:$G$12,5,FALSE) -> 0 | AP34: =VLOOKUP($A34,'Onsite Role Distribution'!$B$3:$G$7,5,FALSE)+VLOOKUP($A34,'Onsite Role Distribution'!$B$8:$G$12,5,FALSE) -> 0 | AQ34: =VLOOKUP($A34,'Onsite Role Distribution'!$B$3:$G$7,5,FALSE)+VLOOKUP($A34,'Onsite Role Distribution'!$B$8:$G$12,5,FALSE) -> 0 | AR34: =VLOOKUP($A34,'Onsite Role Distribution'!$B$3:$G$7,5,FALSE)+VLOOKUP($A34,'Onsite Role Distribution'!$B$8:$G$12,5,FALSE) -> 0 | AS34: =VLOOKUP($A34,'Onsite Role Distribution'!$B$3:$G$7,5,FALSE)+VLOOKUP($A34,'Onsite Role Distribution'!$B$8:$G$12,5,FALSE) -> 0 | AT34: =VLOOKUP($A34,'Onsite Role Distribution'!$B$3:$G$7,5,FALSE)+VLOOKUP($A34,'Onsite Role Distribution'!$B$8:$G$12,5,FALSE) -> 0 | AU34: =VLOOKUP($A34,'Onsite Role Distribution'!$B$3:$G$7,5,FALSE)+VLOOKUP($A34,'Onsite Role Distribution'!$B$8:$G$12,5,FALSE) -> 0 | ... AY34: =VLOOKUP($A34,'Onsite Role Distribution'!$B$3:$G$7,5,FALSE)+VLOOKUP($A34,'Onsite Role Distribution'!$B$8:$G$12,5,FALSE) -> 0 | AZ34: =VLOOKUP($A34,'Onsite Role Distribution'!$B$3:$G$7,6,FALSE)+VLOOKUP($A34,'Onsite Role Distribution'!$B$8:$G$12,6,FALSE) -> 0 | BA34: =VLOOKUP($A34,'Onsite Role Distribution'!$B$3:$G$7,6,FALSE)+VLOOKUP($A34,'Onsite Role Distribution'!$B$8:$G$12,6,FALSE) -> 0 | BB34: =VLOOKUP($A34,'Onsite Role Distribution'!$B$3:$G$7,6,FALSE)+VLOOKUP($A34,'Onsite Role Distribution'!$B$8:$G$12,6,FALSE) -> 0 | BC34: =VLOOKUP($A34,'Onsite Role Distribution'!$B$3:$G$7,6,FALSE)+VLOOKUP($A34,'Onsite Role Distribution'!$B$8:$G$12,6,FALSE) -> 0 | BD34: =VLOOKUP($A34,'Onsite Role Distribution'!$B$3:$G$7,6,FALSE)+VLOOKUP($A34,'Onsite Role Distribution'!$B$8:$G$12,6,FALSE) -> 0 | BE34: =VLOOKUP($A34,'Onsite Role Distribution'!$B$3:$G$7,6,FALSE)+VLOOKUP($A34,'Onsite Role Distribution'!$B$8:$G$12,6,FALSE) -> 0 | BF34: =VLOOKUP($A34,'Onsite Role Distribution'!$B$3:$G$7,6,FALSE)+VLOOKUP($A34,'Onsite Role Distribution'!$B$8:$G$12,6,FALSE) -> 0 | BG34: =VLOOKUP($A34,'Onsite Role Distribution'!$B$3:$G$7,6,FALSE)+VLOOKUP($A34,'Onsite Role Distribution'!$B$8:$G$12,6,FALSE) -> 0 | ... BK34: =VLOOKUP($A34,'Onsite Role Distribution'!$B$3:$G$7,6,FALSE)+VLOOKUP($A34,'Onsite Role Distribution'!$B$8:$G$12,6,FALSE) -> 0
A35: PM | B35: Onsite | C35: =A35&B35 -> PMOnsite | D35: =VLOOKUP($A35,'Onsite Role Distribution'!$B$3:$G$7,2,FALSE)+VLOOKUP($A35,'Onsite Role Distribution'!$B$8:$G$12,2,FALSE) -> 0 | E35: =VLOOKUP($A35,'Onsite Role Distribution'!$B$3:$G$7,2,FALSE)+VLOOKUP($A35,'Onsite Role Distribution'!$B$8:$G$12,2,FALSE) -> 0 | F35: =VLOOKUP($A35,'Onsite Role Distribution'!$B$3:$G$7,2,FALSE)+VLOOKUP($A35,'Onsite Role Distribution'!$B$8:$G$12,2,FALSE) -> 0 | G35: =VLOOKUP($A35,'Onsite Role Distribution'!$B$3:$G$7,2,FALSE)+VLOOKUP($A35,'Onsite Role Distribution'!$B$8:$G$12,2,FALSE) -> 0 | H35: =VLOOKUP($A35,'Onsite Role Distribution'!$B$3:$G$7,2,FALSE)+VLOOKUP($A35,'Onsite Role Distribution'!$B$8:$G$12,2,FALSE) -> 0 | I35: =VLOOKUP($A35,'Onsite Role Distribution'!$B$3:$G$7,2,FALSE)+VLOOKUP($A35,'Onsite Role Distribution'!$B$8:$G$12,2,FALSE) -> 0 | J35: =VLOOKUP($A35,'Onsite Role Distribution'!$B$3:$G$7,2,FALSE)+VLOOKUP($A35,'Onsite Role Distribution'!$B$8:$G$12,2,FALSE) -> 0 | K35: =VLOOKUP($A35,'Onsite Role Distribution'!$B$3:$G$7,2,FALSE)+VLOOKUP($A35,'Onsite Role Distribution'!$B$8:$G$12,2,FALSE) -> 0 | ... O35: =VLOOKUP($A35,'Onsite Role Distribution'!$B$3:$G$7,2,FALSE)+VLOOKUP($A35,'Onsite Role Distribution'!$B$8:$G$12,2,FALSE) -> 0 | P35: =VLOOKUP($A35,'Onsite Role Distribution'!$B$3:$G$7,3,FALSE)+VLOOKUP($A35,'Onsite Role Distribution'!$B$8:$G$12,3,FALSE) -> 0 | Q35: =VLOOKUP($A35,'Onsite Role Distribution'!$B$3:$G$7,3,FALSE)+VLOOKUP($A35,'Onsite Role Distribution'!$B$8:$G$12,3,FALSE) -> 0 | R35: =VLOOKUP($A35,'Onsite Role Distribution'!$B$3:$G$7,3,FALSE)+VLOOKUP($A35,'Onsite Role Distribution'!$B$8:$G$12,3,FALSE) -> 0 | S35: =VLOOKUP($A35,'Onsite Role Distribution'!$B$3:$G$7,3,FALSE)+VLOOKUP($A35,'Onsite Role Distribution'!$B$8:$G$12,3,FALSE) -> 0 | T35: =VLOOKUP($A35,'Onsite Role Distribution'!$B$3:$G$7,3,FALSE)+VLOOKUP($A35,'Onsite Role Distribution'!$B$8:$G$12,3,FALSE) -> 0 | U35: =VLOOKUP($A35,'Onsite Role Distribution'!$B$3:$G$7,3,FALSE)+VLOOKUP($A35,'Onsite Role Distribution'!$B$8:$G$12,3,FALSE) -> 0 | V35: =VLOOKUP($A35,'Onsite Role Distribution'!$B$3:$G$7,3,FALSE)+VLOOKUP($A35,'Onsite Role Distribution'!$B$8:$G$12,3,FALSE) -> 0 | W35: =VLOOKUP($A35,'Onsite Role Distribution'!$B$3:$G$7,3,FALSE)+VLOOKUP($A35,'Onsite Role Distribution'!$B$8:$G$12,3,FALSE) -> 0 | ... AA35: =VLOOKUP($A35,'Onsite Role Distribution'!$B$3:$G$7,3,FALSE)+VLOOKUP($A35,'Onsite Role Distribution'!$B$8:$G$12,3,FALSE) -> 0 | AB35: =VLOOKUP($A35,'Onsite Role Distribution'!$B$3:$G$7,4,FALSE)+VLOOKUP($A35,'Onsite Role Distribution'!$B$8:$G$12,4,FALSE) -> 0 | AC35: =VLOOKUP($A35,'Onsite Role Distribution'!$B$3:$G$7,4,FALSE)+VLOOKUP($A35,'Onsite Role Distribution'!$B$8:$G$12,4,FALSE) -> 0 | AD35: =VLOOKUP($A35,'Onsite Role Distribution'!$B$3:$G$7,4,FALSE)+VLOOKUP($A35,'Onsite Role Distribution'!$B$8:$G$12,4,FALSE) -> 0 | AE35: =VLOOKUP($A35,'Onsite Role Distribution'!$B$3:$G$7,4,FALSE)+VLOOKUP($A35,'Onsite Role Distribution'!$B$8:$G$12,4,FALSE) -> 0 | AF35: =VLOOKUP($A35,'Onsite Role Distribution'!$B$3:$G$7,4,FALSE)+VLOOKUP($A35,'Onsite Role Distribution'!$B$8:$G$12,4,FALSE) -> 0 | AG35: =VLOOKUP($A35,'Onsite Role Distribution'!$B$3:$G$7,4,FALSE)+VLOOKUP($A35,'Onsite Role Distribution'!$B$8:$G$12,4,FALSE) -> 0 | AH35: =VLOOKUP($A35,'Onsite Role Distribution'!$B$3:$G$7,4,FALSE)+VLOOKUP($A35,'Onsite Role Distribution'!$B$8:$G$12,4,FALSE) -> 0 | AI35: =VLOOKUP($A35,'Onsite Role Distribution'!$B$3:$G$7,4,FALSE)+VLOOKUP($A35,'Onsite Role Distribution'!$B$8:$G$12,4,FALSE) -> 0 | ... AM35: =VLOOKUP($A35,'Onsite Role Distribution'!$B$3:$G$7,4,FALSE)+VLOOKUP($A35,'Onsite Role Distribution'!$B$8:$G$12,4,FALSE) -> 0 | AN35: =VLOOKUP($A35,'Onsite Role Distribution'!$B$3:$G$7,5,FALSE)+VLOOKUP($A35,'Onsite Role Distribution'!$B$8:$G$12,5,FALSE) -> 0 | AO35: =VLOOKUP($A35,'Onsite Role Distribution'!$B$3:$G$7,5,FALSE)+VLOOKUP($A35,'Onsite Role Distribution'!$B$8:$G$12,5,FALSE) -> 0 | AP35: =VLOOKUP($A35,'Onsite Role Distribution'!$B$3:$G$7,5,FALSE)+VLOOKUP($A35,'Onsite Role Distribution'!$B$8:$G$12,5,FALSE) -> 0 | AQ35: =VLOOKUP($A35,'Onsite Role Distribution'!$B$3:$G$7,5,FALSE)+VLOOKUP($A35,'Onsite Role Distribution'!$B$8:$G$12,5,FALSE) -> 0 | AR35: =VLOOKUP($A35,'Onsite Role Distribution'!$B$3:$G$7,5,FALSE)+VLOOKUP($A35,'Onsite Role Distribution'!$B$8:$G$12,5,FALSE) -> 0 | AS35: =VLOOKUP($A35,'Onsite Role Distribution'!$B$3:$G$7,5,FALSE)+VLOOKUP($A35,'Onsite Role Distribution'!$B$8:$G$12,5,FALSE) -> 0 | AT35: =VLOOKUP($A35,'Onsite Role Distribution'!$B$3:$G$7,5,FALSE)+VLOOKUP($A35,'Onsite Role Distribution'!$B$8:$G$12,5,FALSE) -> 0 | AU35: =VLOOKUP($A35,'Onsite Role Distribution'!$B$3:$G$7,5,FALSE)+VLOOKUP($A35,'Onsite Role Distribution'!$B$8:$G$12,5,FALSE) -> 0 | ... AY35: =VLOOKUP($A35,'Onsite Role Distribution'!$B$3:$G$7,5,FALSE)+VLOOKUP($A35,'Onsite Role Distribution'!$B$8:$G$12,5,FALSE) -> 0 | AZ35: =VLOOKUP($A35,'Onsite Role Distribution'!$B$3:$G$7,6,FALSE)+VLOOKUP($A35,'Onsite Role Distribution'!$B$8:$G$12,6,FALSE) -> 0 | BA35: =VLOOKUP($A35,'Onsite Role Distribution'!$B$3:$G$7,6,FALSE)+VLOOKUP($A35,'Onsite Role Distribution'!$B$8:$G$12,6,FALSE) -> 0 | BB35: =VLOOKUP($A35,'Onsite Role Distribution'!$B$3:$G$7,6,FALSE)+VLOOKUP($A35,'Onsite Role Distribution'!$B$8:$G$12,6,FALSE) -> 0 | BC35: =VLOOKUP($A35,'Onsite Role Distribution'!$B$3:$G$7,6,FALSE)+VLOOKUP($A35,'Onsite Role Distribution'!$B$8:$G$12,6,FALSE) -> 0 | BD35: =VLOOKUP($A35,'Onsite Role Distribution'!$B$3:$G$7,6,FALSE)+VLOOKUP($A35,'Onsite Role Distribution'!$B$8:$G$12,6,FALSE) -> 0 | BE35: =VLOOKUP($A35,'Onsite Role Distribution'!$B$3:$G$7,6,FALSE)+VLOOKUP($A35,'Onsite Role Distribution'!$B$8:$G$12,6,FALSE) -> 0 | BF35: =VLOOKUP($A35,'Onsite Role Distribution'!$B$3:$G$7,6,FALSE)+VLOOKUP($A35,'Onsite Role Distribution'!$B$8:$G$12,6,FALSE) -> 0 | BG35: =VLOOKUP($A35,'Onsite Role Distribution'!$B$3:$G$7,6,FALSE)+VLOOKUP($A35,'Onsite Role Distribution'!$B$8:$G$12,6,FALSE) -> 0 | ... BK35: =VLOOKUP($A35,'Onsite Role Distribution'!$B$3:$G$7,6,FALSE)+VLOOKUP($A35,'Onsite Role Distribution'!$B$8:$G$12,6,FALSE) -> 0
A36: Lead | B36: Onsite | C36: =A36&B36 -> LeadOnsite | D36: =VLOOKUP($A36,'Onsite Role Distribution'!$B$3:$G$7,2,FALSE)+VLOOKUP($A36,'Onsite Role Distribution'!$B$8:$G$12,2,FALSE) -> 1 | E36: =VLOOKUP($A36,'Onsite Role Distribution'!$B$3:$G$7,2,FALSE)+VLOOKUP($A36,'Onsite Role Distribution'!$B$8:$G$12,2,FALSE) -> 1 | F36: =VLOOKUP($A36,'Onsite Role Distribution'!$B$3:$G$7,2,FALSE)+VLOOKUP($A36,'Onsite Role Distribution'!$B$8:$G$12,2,FALSE) -> 1 | G36: =VLOOKUP($A36,'Onsite Role Distribution'!$B$3:$G$7,2,FALSE)+VLOOKUP($A36,'Onsite Role Distribution'!$B$8:$G$12,2,FALSE) -> 1 | H36: =VLOOKUP($A36,'Onsite Role Distribution'!$B$3:$G$7,2,FALSE)+VLOOKUP($A36,'Onsite Role Distribution'!$B$8:$G$12,2,FALSE) -> 1 | I36: =VLOOKUP($A36,'Onsite Role Distribution'!$B$3:$G$7,2,FALSE)+VLOOKUP($A36,'Onsite Role Distribution'!$B$8:$G$12,2,FALSE) -> 1 | J36: =VLOOKUP($A36,'Onsite Role Distribution'!$B$3:$G$7,2,FALSE)+VLOOKUP($A36,'Onsite Role Distribution'!$B$8:$G$12,2,FALSE) -> 1 | K36: =VLOOKUP($A36,'Onsite Role Distribution'!$B$3:$G$7,2,FALSE)+VLOOKUP($A36,'Onsite Role Distribution'!$B$8:$G$12,2,FALSE) -> 1 | ... O36: =VLOOKUP($A36,'Onsite Role Distribution'!$B$3:$G$7,2,FALSE)+VLOOKUP($A36,'Onsite Role Distribution'!$B$8:$G$12,2,FALSE) -> 1 | P36: =VLOOKUP($A36,'Onsite Role Distribution'!$B$3:$G$7,3,FALSE)+VLOOKUP($A36,'Onsite Role Distribution'!$B$8:$G$12,3,FALSE) -> 1 | Q36: =VLOOKUP($A36,'Onsite Role Distribution'!$B$3:$G$7,3,FALSE)+VLOOKUP($A36,'Onsite Role Distribution'!$B$8:$G$12,3,FALSE) -> 1 | R36: =VLOOKUP($A36,'Onsite Role Distribution'!$B$3:$G$7,3,FALSE)+VLOOKUP($A36,'Onsite Role Distribution'!$B$8:$G$12,3,FALSE) -> 1 | S36: =VLOOKUP($A36,'Onsite Role Distribution'!$B$3:$G$7,3,FALSE)+VLOOKUP($A36,'Onsite Role Distribution'!$B$8:$G$12,3,FALSE) -> 1 | T36: =VLOOKUP($A36,'Onsite Role Distribution'!$B$3:$G$7,3,FALSE)+VLOOKUP($A36,'Onsite Role Distribution'!$B$8:$G$12,3,FALSE) -> 1 | U36: =VLOOKUP($A36,'Onsite Role Distribution'!$B$3:$G$7,3,FALSE)+VLOOKUP($A36,'Onsite Role Distribution'!$B$8:$G$12,3,FALSE) -> 1 | V36: =VLOOKUP($A36,'Onsite Role Distribution'!$B$3:$G$7,3,FALSE)+VLOOKUP($A36,'Onsite Role Distribution'!$B$8:$G$12,3,FALSE) -> 1 | W36: =VLOOKUP($A36,'Onsite Role Distribution'!$B$3:$G$7,3,FALSE)+VLOOKUP($A36,'Onsite Role Distribution'!$B$8:$G$12,3,FALSE) -> 1 | ... AA36: =VLOOKUP($A36,'Onsite Role Distribution'!$B$3:$G$7,3,FALSE)+VLOOKUP($A36,'Onsite Role Distribution'!$B$8:$G$12,3,FALSE) -> 1 | AB36: =VLOOKUP($A36,'Onsite Role Distribution'!$B$3:$G$7,4,FALSE)+VLOOKUP($A36,'Onsite Role Distribution'!$B$8:$G$12,4,FALSE) -> 1 | AC36: =VLOOKUP($A36,'Onsite Role Distribution'!$B$3:$G$7,4,FALSE)+VLOOKUP($A36,'Onsite Role Distribution'!$B$8:$G$12,4,FALSE) -> 1 | AD36: =VLOOKUP($A36,'Onsite Role Distribution'!$B$3:$G$7,4,FALSE)+VLOOKUP($A36,'Onsite Role Distribution'!$B$8:$G$12,4,FALSE) -> 1 | AE36: =VLOOKUP($A36,'Onsite Role Distribution'!$B$3:$G$7,4,FALSE)+VLOOKUP($A36,'Onsite Role Distribution'!$B$8:$G$12,4,FALSE) -> 1 | AF36: =VLOOKUP($A36,'Onsite Role Distribution'!$B$3:$G$7,4,FALSE)+VLOOKUP($A36,'Onsite Role Distribution'!$B$8:$G$12,4,FALSE) -> 1 | AG36: =VLOOKUP($A36,'Onsite Role Distribution'!$B$3:$G$7,4,FALSE)+VLOOKUP($A36,'Onsite Role Distribution'!$B$8:$G$12,4,FALSE) -> 1 | AH36: =VLOOKUP($A36,'Onsite Role Distribution'!$B$3:$G$7,4,FALSE)+VLOOKUP($A36,'Onsite Role Distribution'!$B$8:$G$12,4,FALSE) -> 1 | AI36: =VLOOKUP($A36,'Onsite Role Distribution'!$B$3:$G$7,4,FALSE)+VLOOKUP($A36,'Onsite Role Distribution'!$B$8:$G$12,4,FALSE) -> 1 | ... AM36: =VLOOKUP($A36,'Onsite Role Distribution'!$B$3:$G$7,4,FALSE)+VLOOKUP($A36,'Onsite Role Distribution'!$B$8:$G$12,4,FALSE) -> 1 | AN36: =VLOOKUP($A36,'Onsite Role Distribution'!$B$3:$G$7,5,FALSE)+VLOOKUP($A36,'Onsite Role Distribution'!$B$8:$G$12,5,FALSE) -> 1 | AO36: =VLOOKUP($A36,'Onsite Role Distribution'!$B$3:$G$7,5,FALSE)+VLOOKUP($A36,'Onsite Role Distribution'!$B$8:$G$12,5,FALSE) -> 1 | AP36: =VLOOKUP($A36,'Onsite Role Distribution'!$B$3:$G$7,5,FALSE)+VLOOKUP($A36,'Onsite Role Distribution'!$B$8:$G$12,5,FALSE) -> 1 | AQ36: =VLOOKUP($A36,'Onsite Role Distribution'!$B$3:$G$7,5,FALSE)+VLOOKUP($A36,'Onsite Role Distribution'!$B$8:$G$12,5,FALSE) -> 1 | AR36: =VLOOKUP($A36,'Onsite Role Distribution'!$B$3:$G$7,5,FALSE)+VLOOKUP($A36,'Onsite Role Distribution'!$B$8:$G$12,5,FALSE) -> 1 | AS36: =VLOOKUP($A36,'Onsite Role Distribution'!$B$3:$G$7,5,FALSE)+VLOOKUP($A36,'Onsite Role Distribution'!$B$8:$G$12,5,FALSE) -> 1 | AT36: =VLOOKUP($A36,'Onsite Role Distribution'!$B$3:$G$7,5,FALSE)+VLOOKUP($A36,'Onsite Role Distribution'!$B$8:$G$12,5,FALSE) -> 1 | AU36: =VLOOKUP($A36,'Onsite Role Distribution'!$B$3:$G$7,5,FALSE)+VLOOKUP($A36,'Onsite Role Distribution'!$B$8:$G$12,5,FALSE) -> 1 | ... AY36: =VLOOKUP($A36,'Onsite Role Distribution'!$B$3:$G$7,5,FALSE)+VLOOKUP($A36,'Onsite Role Distribution'!$B$8:$G$12,5,FALSE) -> 1 | AZ36: =VLOOKUP($A36,'Onsite Role Distribution'!$B$3:$G$7,6,FALSE)+VLOOKUP($A36,'Onsite Role Distribution'!$B$8:$G$12,6,FALSE) -> 0 | BA36: =VLOOKUP($A36,'Onsite Role Distribution'!$B$3:$G$7,6,FALSE)+VLOOKUP($A36,'Onsite Role Distribution'!$B$8:$G$12,6,FALSE) -> 0 | BB36: =VLOOKUP($A36,'Onsite Role Distribution'!$B$3:$G$7,6,FALSE)+VLOOKUP($A36,'Onsite Role Distribution'!$B$8:$G$12,6,FALSE) -> 0 | BC36: =VLOOKUP($A36,'Onsite Role Distribution'!$B$3:$G$7,6,FALSE)+VLOOKUP($A36,'Onsite Role Distribution'!$B$8:$G$12,6,FALSE) -> 0 | BD36: =VLOOKUP($A36,'Onsite Role Distribution'!$B$3:$G$7,6,FALSE)+VLOOKUP($A36,'Onsite Role Distribution'!$B$8:$G$12,6,FALSE) -> 0 | BE36: =VLOOKUP($A36,'Onsite Role Distribution'!$B$3:$G$7,6,FALSE)+VLOOKUP($A36,'Onsite Role Distribution'!$B$8:$G$12,6,FALSE) -> 0 | BF36: =VLOOKUP($A36,'Onsite Role Distribution'!$B$3:$G$7,6,FALSE)+VLOOKUP($A36,'Onsite Role Distribution'!$B$8:$G$12,6,FALSE) -> 0 | BG36: =VLOOKUP($A36,'Onsite Role Distribution'!$B$3:$G$7,6,FALSE)+VLOOKUP($A36,'Onsite Role Distribution'!$B$8:$G$12,6,FALSE) -> 0 | ... BK36: =VLOOKUP($A36,'Onsite Role Distribution'!$B$3:$G$7,6,FALSE)+VLOOKUP($A36,'Onsite Role Distribution'!$B$8:$G$12,6,FALSE) -> 0
A37: BSA | B37: Onsite-Landed | C37: =A37&B37 -> BSAOnsite-Landed | D37: =VLOOKUP($A37,'Onsite Role Distribution'!$B$13:$G$17,2,FALSE) -> 2 | E37: =VLOOKUP($A37,'Onsite Role Distribution'!$B$13:$G$17,2,FALSE) -> 2 | F37: =VLOOKUP($A37,'Onsite Role Distribution'!$B$13:$G$17,2,FALSE) -> 2 | G37: =VLOOKUP($A37,'Onsite Role Distribution'!$B$13:$G$17,2,FALSE) -> 2 | H37: =VLOOKUP($A37,'Onsite Role Distribution'!$B$13:$G$17,2,FALSE) -> 2 | I37: =VLOOKUP($A37,'Onsite Role Distribution'!$B$13:$G$17,2,FALSE) -> 2 | J37: =VLOOKUP($A37,'Onsite Role Distribution'!$B$13:$G$17,2,FALSE) -> 2 | K37: =VLOOKUP($A37,'Onsite Role Distribution'!$B$13:$G$17,2,FALSE) -> 2 | ... O37: =VLOOKUP($A37,'Onsite Role Distribution'!$B$13:$G$17,2,FALSE) -> 2 | P37: =VLOOKUP($A37,'Onsite Role Distribution'!$B$13:$G$17,3,FALSE) -> 1 | Q37: =VLOOKUP($A37,'Onsite Role Distribution'!$B$13:$G$17,3,FALSE) -> 1 | R37: =VLOOKUP($A37,'Onsite Role Distribution'!$B$13:$G$17,3,FALSE) -> 1 | S37: =VLOOKUP($A37,'Onsite Role Distribution'!$B$13:$G$17,3,FALSE) -> 1 | T37: =VLOOKUP($A37,'Onsite Role Distribution'!$B$13:$G$17,3,FALSE) -> 1 | U37: =VLOOKUP($A37,'Onsite Role Distribution'!$B$13:$G$17,3,FALSE) -> 1 | V37: =VLOOKUP($A37,'Onsite Role Distribution'!$B$13:$G$17,3,FALSE) -> 1 | W37: =VLOOKUP($A37,'Onsite Role Distribution'!$B$13:$G$17,3,FALSE) -> 1 | ... AA37: =VLOOKUP($A37,'Onsite Role Distribution'!$B$13:$G$17,3,FALSE) -> 1 | AB37: =VLOOKUP($A37,'Onsite Role Distribution'!$B$13:$G$17,4,FALSE) -> 0 | AC37: =VLOOKUP($A37,'Onsite Role Distribution'!$B$13:$G$17,4,FALSE) -> 0 | AD37: =VLOOKUP($A37,'Onsite Role Distribution'!$B$13:$G$17,4,FALSE) -> 0 | AE37: =VLOOKUP($A37,'Onsite Role Distribution'!$B$13:$G$17,4,FALSE) -> 0 | AF37: =VLOOKUP($A37,'Onsite Role Distribution'!$B$13:$G$17,4,FALSE) -> 0 | AG37: =VLOOKUP($A37,'Onsite Role Distribution'!$B$13:$G$17,4,FALSE) -> 0 | AH37: =VLOOKUP($A37,'Onsite Role Distribution'!$B$13:$G$17,4,FALSE) -> 0 | AI37: =VLOOKUP($A37,'Onsite Role Distribution'!$B$13:$G$17,4,FALSE) -> 0 | ... AM37: =VLOOKUP($A37,'Onsite Role Distribution'!$B$13:$G$17,4,FALSE) -> 0 | AN37: =VLOOKUP($A37,'Onsite Role Distribution'!$B$13:$G$17,5,FALSE) -> 0 | AO37: =VLOOKUP($A37,'Onsite Role Distribution'!$B$13:$G$17,5,FALSE) -> 0 | AP37: =VLOOKUP($A37,'Onsite Role Distribution'!$B$13:$G$17,5,FALSE) -> 0 | AQ37: =VLOOKUP($A37,'Onsite Role Distribution'!$B$13:$G$17,5,FALSE) -> 0 | AR37: =VLOOKUP($A37,'Onsite Role Distribution'!$B$13:$G$17,5,FALSE) -> 0 | AS37: =VLOOKUP($A37,'Onsite Role Distribution'!$B$13:$G$17,5,FALSE) -> 0 | AT37: =VLOOKUP($A37,'Onsite Role Distribution'!$B$13:$G$17,5,FALSE) -> 0 | AU37: =VLOOKUP($A37,'Onsite Role Distribution'!$B$13:$G$17,5,FALSE) -> 0 | ... AY37: =VLOOKUP($A37,'Onsite Role Distribution'!$B$13:$G$17,5,FALSE) -> 0 | AZ37: =VLOOKUP($A37,'Onsite Role Distribution'!$B$13:$G$17,6,FALSE) -> 0 | BA37: =VLOOKUP($A37,'Onsite Role Distribution'!$B$13:$G$17,6,FALSE) -> 0 | BB37: =VLOOKUP($A37,'Onsite Role Distribution'!$B$13:$G$17,6,FALSE) -> 0 | BC37: =VLOOKUP($A37,'Onsite Role Distribution'!$B$13:$G$17,6,FALSE) -> 0 | BD37: =VLOOKUP($A37,'Onsite Role Distribution'!$B$13:$G$17,6,FALSE) -> 0 | BE37: =VLOOKUP($A37,'Onsite Role Distribution'!$B$13:$G$17,6,FALSE) -> 0 | BF37: =VLOOKUP($A37,'Onsite Role Distribution'!$B$13:$G$17,6,FALSE) -> 0 | BG37: =VLOOKUP($A37,'Onsite Role Distribution'!$B$13:$G$17,6,FALSE) -> 0 | ... BK37: =VLOOKUP($A37,'Onsite Role Distribution'!$B$13:$G$17,6,FALSE) -> 0
A38: Dev | B38: Onsite-Landed | C38: =A38&B38 -> DevOnsite-Landed | D38: =VLOOKUP($A38,'Onsite Role Distribution'!$B$13:$G$17,2,FALSE) -> 3 | E38: =VLOOKUP($A38,'Onsite Role Distribution'!$B$13:$G$17,2,FALSE) -> 3 | F38: =VLOOKUP($A38,'Onsite Role Distribution'!$B$13:$G$17,2,FALSE) -> 3 | G38: =VLOOKUP($A38,'Onsite Role Distribution'!$B$13:$G$17,2,FALSE) -> 3 | H38: =VLOOKUP($A38,'Onsite Role Distribution'!$B$13:$G$17,2,FALSE) -> 3 | I38: =VLOOKUP($A38,'Onsite Role Distribution'!$B$13:$G$17,2,FALSE) -> 3 | J38: =VLOOKUP($A38,'Onsite Role Distribution'!$B$13:$G$17,2,FALSE) -> 3 | K38: =VLOOKUP($A38,'Onsite Role Distribution'!$B$13:$G$17,2,FALSE) -> 3 | ... O38: =VLOOKUP($A38,'Onsite Role Distribution'!$B$13:$G$17,2,FALSE) -> 3 | P38: =VLOOKUP($A38,'Onsite Role Distribution'!$B$13:$G$17,3,FALSE) -> 1 | Q38: =VLOOKUP($A38,'Onsite Role Distribution'!$B$13:$G$17,3,FALSE) -> 1 | R38: =VLOOKUP($A38,'Onsite Role Distribution'!$B$13:$G$17,3,FALSE) -> 1 | S38: =VLOOKUP($A38,'Onsite Role Distribution'!$B$13:$G$17,3,FALSE) -> 1 | T38: =VLOOKUP($A38,'Onsite Role Distribution'!$B$13:$G$17,3,FALSE) -> 1 | U38: =VLOOKUP($A38,'Onsite Role Distribution'!$B$13:$G$17,3,FALSE) -> 1 | V38: =VLOOKUP($A38,'Onsite Role Distribution'!$B$13:$G$17,3,FALSE) -> 1 | W38: =VLOOKUP($A38,'Onsite Role Distribution'!$B$13:$G$17,3,FALSE) -> 1 | ... AA38: =VLOOKUP($A38,'Onsite Role Distribution'!$B$13:$G$17,3,FALSE) -> 1 | AB38: =VLOOKUP($A38,'Onsite Role Distribution'!$B$13:$G$17,4,FALSE) -> 1 | AC38: =VLOOKUP($A38,'Onsite Role Distribution'!$B$13:$G$17,4,FALSE) -> 1 | AD38: =VLOOKUP($A38,'Onsite Role Distribution'!$B$13:$G$17,4,FALSE) -> 1 | AE38: =VLOOKUP($A38,'Onsite Role Distribution'!$B$13:$G$17,4,FALSE) -> 1 | AF38: =VLOOKUP($A38,'Onsite Role Distribution'!$B$13:$G$17,4,FALSE) -> 1 | AG38: =VLOOKUP($A38,'Onsite Role Distribution'!$B$13:$G$17,4,FALSE) -> 1 | AH38: =VLOOKUP($A38,'Onsite Role Distribution'!$B$13:$G$17,4,FALSE) -> 1 | AI38: =VLOOKUP($A38,'Onsite Role Distribution'!$B$13:$G$17,4,FALSE) -> 1 | ... AM38: =VLOOKUP($A38,'Onsite Role Distribution'!$B$13:$G$17,4,FALSE) -> 1 | AN38: =VLOOKUP($A38,'Onsite Role Distribution'!$B$13:$G$17,5,FALSE) -> 1 | AO38: =VLOOKUP($A38,'Onsite Role Distribution'!$B$13:$G$17,5,FALSE) -> 1 | AP38: =VLOOKUP($A38,'Onsite Role Distribution'!$B$13:$G$17,5,FALSE) -> 1 | AQ38: =VLOOKUP($A38,'Onsite Role Distribution'!$B$13:$G$17,5,FALSE) -> 1 | AR38: =VLOOKUP($A38,'Onsite Role Distribution'!$B$13:$G$17,5,FALSE) -> 1 | AS38: =VLOOKUP($A38,'Onsite Role Distribution'!$B$13:$G$17,5,FALSE) -> 1 | AT38: =VLOOKUP($A38,'Onsite Role Distribution'!$B$13:$G$17,5,FALSE) -> 1 | AU38: =VLOOKUP($A38,'Onsite Role Distribution'!$B$13:$G$17,5,FALSE) -> 1 | ... AY38: =VLOOKUP($A38,'Onsite Role Distribution'!$B$13:$G$17,5,FALSE) -> 1 | AZ38: =VLOOKUP($A38,'Onsite Role Distribution'!$B$13:$G$17,6,FALSE) -> 1 | BA38: =VLOOKUP($A38,'Onsite Role Distribution'!$B$13:$G$17,6,FALSE) -> 1 | BB38: =VLOOKUP($A38,'Onsite Role Distribution'!$B$13:$G$17,6,FALSE) -> 1 | BC38: =VLOOKUP($A38,'Onsite Role Distribution'!$B$13:$G$17,6,FALSE) -> 1 | BD38: =VLOOKUP($A38,'Onsite Role Distribution'!$B$13:$G$17,6,FALSE) -> 1 | BE38: =VLOOKUP($A38,'Onsite Role Distribution'!$B$13:$G$17,6,FALSE) -> 1 | BF38: =VLOOKUP($A38,'Onsite Role Distribution'!$B$13:$G$17,6,FALSE) -> 1 | BG38: =VLOOKUP($A38,'Onsite Role Distribution'!$B$13:$G$17,6,FALSE) -> 1 | ... BK38: =VLOOKUP($A38,'Onsite Role Distribution'!$B$13:$G$17,6,FALSE) -> 1
A39: Tester | B39: Onsite-Landed | C39: =A39&B39 -> TesterOnsite-Landed | D39: =VLOOKUP($A39,'Onsite Role Distribution'!$B$13:$G$17,2,FALSE) -> 1 | E39: =VLOOKUP($A39,'Onsite Role Distribution'!$B$13:$G$17,2,FALSE) -> 1 | F39: =VLOOKUP($A39,'Onsite Role Distribution'!$B$13:$G$17,2,FALSE) -> 1 | G39: =VLOOKUP($A39,'Onsite Role Distribution'!$B$13:$G$17,2,FALSE) -> 1 | H39: =VLOOKUP($A39,'Onsite Role Distribution'!$B$13:$G$17,2,FALSE) -> 1 | I39: =VLOOKUP($A39,'Onsite Role Distribution'!$B$13:$G$17,2,FALSE) -> 1 | J39: =VLOOKUP($A39,'Onsite Role Distribution'!$B$13:$G$17,2,FALSE) -> 1 | K39: =VLOOKUP($A39,'Onsite Role Distribution'!$B$13:$G$17,2,FALSE) -> 1 | ... O39: =VLOOKUP($A39,'Onsite Role Distribution'!$B$13:$G$17,2,FALSE) -> 1 | P39: =VLOOKUP($A39,'Onsite Role Distribution'!$B$13:$G$17,3,FALSE) -> 1 | Q39: =VLOOKUP($A39,'Onsite Role Distribution'!$B$13:$G$17,3,FALSE) -> 1 | R39: =VLOOKUP($A39,'Onsite Role Distribution'!$B$13:$G$17,3,FALSE) -> 1 | S39: =VLOOKUP($A39,'Onsite Role Distribution'!$B$13:$G$17,3,FALSE) -> 1 | T39: =VLOOKUP($A39,'Onsite Role Distribution'!$B$13:$G$17,3,FALSE) -> 1 | U39: =VLOOKUP($A39,'Onsite Role Distribution'!$B$13:$G$17,3,FALSE) -> 1 | V39: =VLOOKUP($A39,'Onsite Role Distribution'!$B$13:$G$17,3,FALSE) -> 1 | W39: =VLOOKUP($A39,'Onsite Role Distribution'!$B$13:$G$17,3,FALSE) -> 1 | ... AA39: =VLOOKUP($A39,'Onsite Role Distribution'!$B$13:$G$17,3,FALSE) -> 1 | AB39: =VLOOKUP($A39,'Onsite Role Distribution'!$B$13:$G$17,4,FALSE) -> 1 | AC39: =VLOOKUP($A39,'Onsite Role Distribution'!$B$13:$G$17,4,FALSE) -> 1 | AD39: =VLOOKUP($A39,'Onsite Role Distribution'!$B$13:$G$17,4,FALSE) -> 1 | AE39: =VLOOKUP($A39,'Onsite Role Distribution'!$B$13:$G$17,4,FALSE) -> 1 | AF39: =VLOOKUP($A39,'Onsite Role Distribution'!$B$13:$G$17,4,FALSE) -> 1 | AG39: =VLOOKUP($A39,'Onsite Role Distribution'!$B$13:$G$17,4,FALSE) -> 1 | AH39: =VLOOKUP($A39,'Onsite Role Distribution'!$B$13:$G$17,4,FALSE) -> 1 | AI39: =VLOOKUP($A39,'Onsite Role Distribution'!$B$13:$G$17,4,FALSE) -> 1 | ... AM39: =VLOOKUP($A39,'Onsite Role Distribution'!$B$13:$G$17,4,FALSE) -> 1 | AN39: =VLOOKUP($A39,'Onsite Role Distribution'!$B$13:$G$17,5,FALSE) -> 1 | AO39: =VLOOKUP($A39,'Onsite Role Distribution'!$B$13:$G$17,5,FALSE) -> 1 | AP39: =VLOOKUP($A39,'Onsite Role Distribution'!$B$13:$G$17,5,FALSE) -> 1 | AQ39: =VLOOKUP($A39,'Onsite Role Distribution'!$B$13:$G$17,5,FALSE) -> 1 | AR39: =VLOOKUP($A39,'Onsite Role Distribution'!$B$13:$G$17,5,FALSE) -> 1 | AS39: =VLOOKUP($A39,'Onsite Role Distribution'!$B$13:$G$17,5,FALSE) -> 1 | AT39: =VLOOKUP($A39,'Onsite Role Distribution'!$B$13:$G$17,5,FALSE) -> 1 | AU39: =VLOOKUP($A39,'Onsite Role Distribution'!$B$13:$G$17,5,FALSE) -> 1 | ... AY39: =VLOOKUP($A39,'Onsite Role Distribution'!$B$13:$G$17,5,FALSE) -> 1 | AZ39: =VLOOKUP($A39,'Onsite Role Distribution'!$B$13:$G$17,6,FALSE) -> 1 | BA39: =VLOOKUP($A39,'Onsite Role Distribution'!$B$13:$G$17,6,FALSE) -> 1 | BB39: =VLOOKUP($A39,'Onsite Role Distribution'!$B$13:$G$17,6,FALSE) -> 1 | BC39: =VLOOKUP($A39,'Onsite Role Distribution'!$B$13:$G$17,6,FALSE) -> 1 | BD39: =VLOOKUP($A39,'Onsite Role Distribution'!$B$13:$G$17,6,FALSE) -> 1 | BE39: =VLOOKUP($A39,'Onsite Role Distribution'!$B$13:$G$17,6,FALSE) -> 1 | BF39: =VLOOKUP($A39,'Onsite Role Distribution'!$B$13:$G$17,6,FALSE) -> 1 | BG39: =VLOOKUP($A39,'Onsite Role Distribution'!$B$13:$G$17,6,FALSE) -> 1 | ... BK39: =VLOOKUP($A39,'Onsite Role Distribution'!$B$13:$G$17,6,FALSE) -> 1
A40: PM | B40: Onsite-Landed | C40: =A40&B40 -> PMOnsite-Landed | D40: =VLOOKUP($A40,'Onsite Role Distribution'!$B$13:$G$17,2,FALSE) -> 0 | E40: =VLOOKUP($A40,'Onsite Role Distribution'!$B$13:$G$17,2,FALSE) -> 0 | F40: =VLOOKUP($A40,'Onsite Role Distribution'!$B$13:$G$17,2,FALSE) -> 0 | G40: =VLOOKUP($A40,'Onsite Role Distribution'!$B$13:$G$17,2,FALSE) -> 0 | H40: =VLOOKUP($A40,'Onsite Role Distribution'!$B$13:$G$17,2,FALSE) -> 0 | I40: =VLOOKUP($A40,'Onsite Role Distribution'!$B$13:$G$17,2,FALSE) -> 0 | J40: =VLOOKUP($A40,'Onsite Role Distribution'!$B$13:$G$17,2,FALSE) -> 0 | K40: =VLOOKUP($A40,'Onsite Role Distribution'!$B$13:$G$17,2,FALSE) -> 0 | ... O40: =VLOOKUP($A40,'Onsite Role Distribution'!$B$13:$G$17,2,FALSE) -> 0 | P40: =VLOOKUP($A40,'Onsite Role Distribution'!$B$13:$G$17,3,FALSE) -> 0 | Q40: =VLOOKUP($A40,'Onsite Role Distribution'!$B$13:$G$17,3,FALSE) -> 0 | R40: =VLOOKUP($A40,'Onsite Role Distribution'!$B$13:$G$17,3,FALSE) -> 0 | S40: =VLOOKUP($A40,'Onsite Role Distribution'!$B$13:$G$17,3,FALSE) -> 0 | T40: =VLOOKUP($A40,'Onsite Role Distribution'!$B$13:$G$17,3,FALSE) -> 0 | U40: =VLOOKUP($A40,'Onsite Role Distribution'!$B$13:$G$17,3,FALSE) -> 0 | V40: =VLOOKUP($A40,'Onsite Role Distribution'!$B$13:$G$17,3,FALSE) -> 0 | W40: =VLOOKUP($A40,'Onsite Role Distribution'!$B$13:$G$17,3,FALSE) -> 0 | ... AA40: =VLOOKUP($A40,'Onsite Role Distribution'!$B$13:$G$17,3,FALSE) -> 0 | AB40: =VLOOKUP($A40,'Onsite Role Distribution'!$B$13:$G$17,4,FALSE) -> 0 | AC40: =VLOOKUP($A40,'Onsite Role Distribution'!$B$13:$G$17,4,FALSE) -> 0 | AD40: =VLOOKUP($A40,'Onsite Role Distribution'!$B$13:$G$17,4,FALSE) -> 0 | AE40: =VLOOKUP($A40,'Onsite Role Distribution'!$B$13:$G$17,4,FALSE) -> 0 | AF40: =VLOOKUP($A40,'Onsite Role Distribution'!$B$13:$G$17,4,FALSE) -> 0 | AG40: =VLOOKUP($A40,'Onsite Role Distribution'!$B$13:$G$17,4,FALSE) -> 0 | AH40: =VLOOKUP($A40,'Onsite Role Distribution'!$B$13:$G$17,4,FALSE) -> 0 | AI40: =VLOOKUP($A40,'Onsite Role Distribution'!$B$13:$G$17,4,FALSE) -> 0 | ... AM40: =VLOOKUP($A40,'Onsite Role Distribution'!$B$13:$G$17,4,FALSE) -> 0 | AN40: =VLOOKUP($A40,'Onsite Role Distribution'!$B$13:$G$17,5,FALSE) -> 0 | AO40: =VLOOKUP($A40,'Onsite Role Distribution'!$B$13:$G$17,5,FALSE) -> 0 | AP40: =VLOOKUP($A40,'Onsite Role Distribution'!$B$13:$G$17,5,FALSE) -> 0 | AQ40: =VLOOKUP($A40,'Onsite Role Distribution'!$B$13:$G$17,5,FALSE) -> 0 | AR40: =VLOOKUP($A40,'Onsite Role Distribution'!$B$13:$G$17,5,FALSE) -> 0 | AS40: =VLOOKUP($A40,'Onsite Role Distribution'!$B$13:$G$17,5,FALSE) -> 0 | AT40: =VLOOKUP($A40,'Onsite Role Distribution'!$B$13:$G$17,5,FALSE) -> 0 | AU40: =VLOOKUP($A40,'Onsite Role Distribution'!$B$13:$G$17,5,FALSE) -> 0 | ... AY40: =VLOOKUP($A40,'Onsite Role Distribution'!$B$13:$G$17,5,FALSE) -> 0 | AZ40: =VLOOKUP($A40,'Onsite Role Distribution'!$B$13:$G$17,6,FALSE) -> 0 | BA40: =VLOOKUP($A40,'Onsite Role Distribution'!$B$13:$G$17,6,FALSE) -> 0 | BB40: =VLOOKUP($A40,'Onsite Role Distribution'!$B$13:$G$17,6,FALSE) -> 0 | BC40: =VLOOKUP($A40,'Onsite Role Distribution'!$B$13:$G$17,6,FALSE) -> 0 | BD40: =VLOOKUP($A40,'Onsite Role Distribution'!$B$13:$G$17,6,FALSE) -> 0 | BE40: =VLOOKUP($A40,'Onsite Role Distribution'!$B$13:$G$17,6,FALSE) -> 0 | BF40: =VLOOKUP($A40,'Onsite Role Distribution'!$B$13:$G$17,6,FALSE) -> 0 | BG40: =VLOOKUP($A40,'Onsite Role Distribution'!$B$13:$G$17,6,FALSE) -> 0 | ... BK40: =VLOOKUP($A40,'Onsite Role Distribution'!$B$13:$G$17,6,FALSE) -> 0
A41: Lead | B41: Onsite-Landed | C41: =A41&B41 -> LeadOnsite-Landed | D41: =VLOOKUP($A41,'Onsite Role Distribution'!$B$13:$G$17,2,FALSE) -> 1 | E41: =VLOOKUP($A41,'Onsite Role Distribution'!$B$13:$G$17,2,FALSE) -> 1 | F41: =VLOOKUP($A41,'Onsite Role Distribution'!$B$13:$G$17,2,FALSE) -> 1 | G41: =VLOOKUP($A41,'Onsite Role Distribution'!$B$13:$G$17,2,FALSE) -> 1 | H41: =VLOOKUP($A41,'Onsite Role Distribution'!$B$13:$G$17,2,FALSE) -> 1 | I41: =VLOOKUP($A41,'Onsite Role Distribution'!$B$13:$G$17,2,FALSE) -> 1 | J41: =VLOOKUP($A41,'Onsite Role Distribution'!$B$13:$G$17,2,FALSE) -> 1 | K41: =VLOOKUP($A41,'Onsite Role Distribution'!$B$13:$G$17,2,FALSE) -> 1 | ... O41: =VLOOKUP($A41,'Onsite Role Distribution'!$B$13:$G$17,2,FALSE) -> 1 | P41: =VLOOKUP($A41,'Onsite Role Distribution'!$B$13:$G$17,3,FALSE) -> 0 | Q41: =VLOOKUP($A41,'Onsite Role Distribution'!$B$13:$G$17,3,FALSE) -> 0 | R41: =VLOOKUP($A41,'Onsite Role Distribution'!$B$13:$G$17,3,FALSE) -> 0 | S41: =VLOOKUP($A41,'Onsite Role Distribution'!$B$13:$G$17,3,FALSE) -> 0 | T41: =VLOOKUP($A41,'Onsite Role Distribution'!$B$13:$G$17,3,FALSE) -> 0 | U41: =VLOOKUP($A41,'Onsite Role Distribution'!$B$13:$G$17,3,FALSE) -> 0 | V41: =VLOOKUP($A41,'Onsite Role Distribution'!$B$13:$G$17,3,FALSE) -> 0 | W41: =VLOOKUP($A41,'Onsite Role Distribution'!$B$13:$G$17,3,FALSE) -> 0 | ... AA41: =VLOOKUP($A41,'Onsite Role Distribution'!$B$13:$G$17,3,FALSE) -> 0 | AB41: =VLOOKUP($A41,'Onsite Role Distribution'!$B$13:$G$17,4,FALSE) -> 0 | AC41: =VLOOKUP($A41,'Onsite Role Distribution'!$B$13:$G$17,4,FALSE) -> 0 | AD41: =VLOOKUP($A41,'Onsite Role Distribution'!$B$13:$G$17,4,FALSE) -> 0 | AE41: =VLOOKUP($A41,'Onsite Role Distribution'!$B$13:$G$17,4,FALSE) -> 0 | AF41: =VLOOKUP($A41,'Onsite Role Distribution'!$B$13:$G$17,4,FALSE) -> 0 | AG41: =VLOOKUP($A41,'Onsite Role Distribution'!$B$13:$G$17,4,FALSE) -> 0 | AH41: =VLOOKUP($A41,'Onsite Role Distribution'!$B$13:$G$17,4,FALSE) -> 0 | AI41: =VLOOKUP($A41,'Onsite Role Distribution'!$B$13:$G$17,4,FALSE) -> 0 | ... AM41: =VLOOKUP($A41,'Onsite Role Distribution'!$B$13:$G$17,4,FALSE) -> 0 | AN41: =VLOOKUP($A41,'Onsite Role Distribution'!$B$13:$G$17,5,FALSE) -> 0 | AO41: =VLOOKUP($A41,'Onsite Role Distribution'!$B$13:$G$17,5,FALSE) -> 0 | AP41: =VLOOKUP($A41,'Onsite Role Distribution'!$B$13:$G$17,5,FALSE) -> 0 | AQ41: =VLOOKUP($A41,'Onsite Role Distribution'!$B$13:$G$17,5,FALSE) -> 0 | AR41: =VLOOKUP($A41,'Onsite Role Distribution'!$B$13:$G$17,5,FALSE) -> 0 | AS41: =VLOOKUP($A41,'Onsite Role Distribution'!$B$13:$G$17,5,FALSE) -> 0 | AT41: =VLOOKUP($A41,'Onsite Role Distribution'!$B$13:$G$17,5,FALSE) -> 0 | AU41: =VLOOKUP($A41,'Onsite Role Distribution'!$B$13:$G$17,5,FALSE) -> 0 | ... AY41: =VLOOKUP($A41,'Onsite Role Distribution'!$B$13:$G$17,5,FALSE) -> 0 | AZ41: =VLOOKUP($A41,'Onsite Role Distribution'!$B$13:$G$17,6,FALSE) -> 0 | BA41: =VLOOKUP($A41,'Onsite Role Distribution'!$B$13:$G$17,6,FALSE) -> 0 | BB41: =VLOOKUP($A41,'Onsite Role Distribution'!$B$13:$G$17,6,FALSE) -> 0 | BC41: =VLOOKUP($A41,'Onsite Role Distribution'!$B$13:$G$17,6,FALSE) -> 0 | BD41: =VLOOKUP($A41,'Onsite Role Distribution'!$B$13:$G$17,6,FALSE) -> 0 | BE41: =VLOOKUP($A41,'Onsite Role Distribution'!$B$13:$G$17,6,FALSE) -> 0 | BF41: =VLOOKUP($A41,'Onsite Role Distribution'!$B$13:$G$17,6,FALSE) -> 0 | BG41: =VLOOKUP($A41,'Onsite Role Distribution'!$B$13:$G$17,6,FALSE) -> 0 | ... BK41: =VLOOKUP($A41,'Onsite Role Distribution'!$B$13:$G$17,6,FALSE) -> 0

Sheet RLS Detail
A2: Role | B2: Location | C2: RoleLocation | D2: Pool | E2: M1 | F2: M2 | G2: M3 | H2: M4 | I2: M5 | J2: M6 | K2: M7 | L2: M8 | M2: M9 | N2: M10 | O2: M11 | P2: M12 | Q2: M13 | R2: M14 | S2: M15 | T2: M16 | U2: M17 | V2: M18 | W2: M19 | X2: M20 | Y2: M21 | Z2: M22 | AA2: M23 | AB2: M24 | AC2: M25 | AD2: M26 | AE2: M27 | AF2: M28 | AG2: M29 | AH2: M30 | AI2: M31 | AJ2: M32 | AK2: M33 | AL2: M34 | AM2: M35 | AN2: M36 | AO2: M37 | AP2: M38 | AQ2: M39 | AR2: M40 | AS2: M41 | AT2: M42 | AU2: M43 | AV2: M44 | AW2: M45 | AX2: M46 | AY2: M47 | AZ2: M48 | BA2: M49 | BB2: M50 | BC2: M51 | BD2: M52 | BE2: M53 | BF2: M54 | BG2: M55 | BH2: M56 | BI2: M57 | BJ2: M58 | BK2: M59 | BL2: M60
A3: BSA | B3: India | C3: =A3&B3 -> BSAIndia | D3: POD | E3: =ROUND(VLOOKUP($C3,RLS!$C$26:$O$31,3, FALSE)*'Unit Distribution'!$B3,0) -> 1 | F3: =ROUND(VLOOKUP($C3,RLS!$C$26:$O$31,3, FALSE)*'Unit Distribution'!$B3,0) -> 1 | G3: =ROUND(VLOOKUP($C3,RLS!$C$26:$O$31,3, FALSE)*'Unit Distribution'!$B3,0) -> 1 | H3: =ROUND(VLOOKUP($C3,RLS!$C$26:$O$31,3, FALSE)*'Unit Distribution'!$B3,0) -> 1 | I3: =ROUND(VLOOKUP($C3,RLS!$C$26:$O$31,3, FALSE)*'Unit Distribution'!$B3,0) -> 1 | J3: =ROUND(VLOOKUP($C3,RLS!$C$26:$O$31,3, FALSE)*'Unit Distribution'!$B3,0) -> 1 | K3: =ROUND(VLOOKUP($C3,RLS!$C$26:$O$31,3, FALSE)*'Unit Distribution'!$B3,0) -> 1 | L3: =ROUND(VLOOKUP($C3,RLS!$C$26:$O$31,3, FALSE)*'Unit Distribution'!$B3,0) -> 1 | ... P3: =ROUND(VLOOKUP($C3,RLS!$C$26:$O$31,3, FALSE)*'Unit Distribution'!$B3,0) -> 1
A4: BSA | B4: India | C4: =A4&B4 -> BSAIndia | D4: Team | E4: =ROUND(VLOOKUP($C4,RLS!$C$26:$O$31,3,FALSE)-E3,0) -> 1 | F4: =ROUND(VLOOKUP($C4,RLS!$C$26:$O$31,3,FALSE)-F3,0) -> 1 | G4: =ROUND(VLOOKUP($C4,RLS!$C$26:$O$31,3,FALSE)-G3,0) -> 1 | H4: =ROUND(VLOOKUP($C4,RLS!$C$26:$O$31,3,FALSE)-H3,0) -> 1 | I4: =ROUND(VLOOKUP($C4,RLS!$C$26:$O$31,3,FALSE)-I3,0) -> 1 | J4: =ROUND(VLOOKUP($C4,RLS!$C$26:$O$31,3,FALSE)-J3,0) -> 1 | K4: =ROUND(VLOOKUP($C4,RLS!$C$26:$O$31,3,FALSE)-K3,0) -> 1 | L4: =ROUND(VLOOKUP($C4,RLS!$C$26:$O$31,3,FALSE)-L3,0) -> 1 | ... P4: =ROUND(VLOOKUP($C4,RLS!$C$26:$O$31,3,FALSE)-P3,0) -> 1
A5: Dev | B5: India | C5: =A5&B5 -> DevIndia | D5: POD | E5: =ROUND(VLOOKUP($C5,RLS!$C$26:$O$31,3, FALSE)*'Unit Distribution'!$B3,0) -> 2 | F5: =ROUND(VLOOKUP($C5,RLS!$C$26:$O$31,3, FALSE)*'Unit Distribution'!$B3,0) -> 2 | G5: =ROUND(VLOOKUP($C5,RLS!$C$26:$O$31,3, FALSE)*'Unit Distribution'!$B3,0) -> 2 | H5: =ROUND(VLOOKUP($C5,RLS!$C$26:$O$31,3, FALSE)*'Unit Distribution'!$B3,0) -> 2 | I5: =ROUND(VLOOKUP($C5,RLS!$C$26:$O$31,3, FALSE)*'Unit Distribution'!$B3,0) -> 2 | J5: =ROUND(VLOOKUP($C5,RLS!$C$26:$O$31,3, FALSE)*'Unit Distribution'!$B3,0) -> 2 | K5: =ROUND(VLOOKUP($C5,RLS!$C$26:$O$31,3, FALSE)*'Unit Distribution'!$B3,0) -> 2 | L5: =ROUND(VLOOKUP($C5,RLS!$C$26:$O$31,3, FALSE)*'Unit Distribution'!$B3,0) -> 2 | ... P5: =ROUND(VLOOKUP($C5,RLS!$C$26:$O$31,3, FALSE)*'Unit Distribution'!$B3,0) -> 2
A6: Dev | B6: India | C6: =A6&B6 -> DevIndia | D6: Team | E6: =ROUND(VLOOKUP($C6,RLS!$C$26:$O$31,3,FALSE)-E5,2) -> 6 | F6: =ROUND(VLOOKUP($C6,RLS!$C$26:$O$31,3,FALSE)-F5,2) -> 6 | G6: =ROUND(VLOOKUP($C6,RLS!$C$26:$O$31,3,FALSE)-G5,2) -> 6 | H6: =ROUND(VLOOKUP($C6,RLS!$C$26:$O$31,3,FALSE)-H5,2) -> 6 | I6: =ROUND(VLOOKUP($C6,RLS!$C$26:$O$31,3,FALSE)-I5,2) -> 6 | J6: =ROUND(VLOOKUP($C6,RLS!$C$26:$O$31,3,FALSE)-J5,2) -> 6 | K6: =ROUND(VLOOKUP($C6,RLS!$C$26:$O$31,3,FALSE)-K5,2) -> 6 | L6: =ROUND(VLOOKUP($C6,RLS!$C$26:$O$31,3,FALSE)-L5,2) -> 6 | ... P6: =ROUND(VLOOKUP($C6,RLS!$C$26:$O$31,3,FALSE)-P5,2) -> 6
A7: Tester | B7: India | C7: =A7&B7 -> TesterIndia | D7: POD | E7: =ROUND(VLOOKUP($C7,RLS!$C$26:$O$31,3, FALSE)*'Unit Distribution'!$B3,0) -> 1 | F7: =ROUND(VLOOKUP($C7,RLS!$C$26:$O$31,3, FALSE)*'Unit Distribution'!$B3,0) -> 1 | G7: =ROUND(VLOOKUP($C7,RLS!$C$26:$O$31,3, FALSE)*'Unit Distribution'!$B3,0) -> 1 | H7: =ROUND(VLOOKUP($C7,RLS!$C$26:$O$31,3, FALSE)*'Unit Distribution'!$B3,0) -> 1 | I7: =ROUND(VLOOKUP($C7,RLS!$C$26:$O$31,3, FALSE)*'Unit Distribution'!$B3,0) -> 1 | J7: =ROUND(VLOOKUP($C7,RLS!$C$26:$O$31,3, FALSE)*'Unit Distribution'!$B3,0) -> 1 | K7: =ROUND(VLOOKUP($C7,RLS!$C$26:$O$31,3, FALSE)*'Unit Distribution'!$B3,0) -> 1 | L7: =ROUND(VLOOKUP($C7,RLS!$C$26:$O$31,3, FALSE)*'Unit Distribution'!$B3,0) -> 1 | ... P7: =ROUND(VLOOKUP($C7,RLS!$C$26:$O$31,3, FALSE)*'Unit Distribution'!$B3,0) -> 1
A8: Tester | B8: India | C8: =A8&B8 -> TesterIndia | D8: Team | E8: =ROUND(VLOOKUP($C8,RLS!$C$26:$O$31,3,FALSE)-E7,0) -> 3 | F8: =ROUND(VLOOKUP($C8,RLS!$C$26:$O$31,3,FALSE)-F7,0) -> 3 | G8: =ROUND(VLOOKUP($C8,RLS!$C$26:$O$31,3,FALSE)-G7,0) -> 3 | H8: =ROUND(VLOOKUP($C8,RLS!$C$26:$O$31,3,FALSE)-H7,0) -> 3 | I8: =ROUND(VLOOKUP($C8,RLS!$C$26:$O$31,3,FALSE)-I7,0) -> 3 | J8: =ROUND(VLOOKUP($C8,RLS!$C$26:$O$31,3,FALSE)-J7,0) -> 3 | K8: =ROUND(VLOOKUP($C8,RLS!$C$26:$O$31,3,FALSE)-K7,0) -> 3 | L8: =ROUND(VLOOKUP($C8,RLS!$C$26:$O$31,3,FALSE)-L7,0) -> 3 | ... P8: =ROUND(VLOOKUP($C8,RLS!$C$26:$O$31,3,FALSE)-P7,0) -> 3
A9: Maintenance | B9: India | C9: =A9&B9 -> MaintenanceIndia | D9: AMS | E9: =ROUND(VLOOKUP($C9,RLS!$C$26:$O$31,3, FALSE),0) -> 5 | F9: =ROUND(VLOOKUP($C9,RLS!$C$26:$O$31,3, FALSE),0) -> 5 | G9: =ROUND(VLOOKUP($C9,RLS!$C$26:$O$31,3, FALSE),0) -> 5 | H9: =ROUND(VLOOKUP($C9,RLS!$C$26:$O$31,3, FALSE),0) -> 5 | I9: =ROUND(VLOOKUP($C9,RLS!$C$26:$O$31,3, FALSE),0) -> 5 | J9: =ROUND(VLOOKUP($C9,RLS!$C$26:$O$31,3, FALSE),0) -> 5 | K9: =ROUND(VLOOKUP($C9,RLS!$C$26:$O$31,3, FALSE),0) -> 5 | L9: =ROUND(VLOOKUP($C9,RLS!$C$26:$O$31,3, FALSE),0) -> 5 | ... O9: =ROUND(VLOOKUP($C9,RLS!$C$26:$O$31,3, FALSE),0) -> 5 | P9: =ROUND(VLOOKUP($C9,RLS!$C$26:$O$31,4, FALSE),0) -> 5
A10: PM | B10: India | C10: =A10&B10 -> PMIndia | D10: HZ | E10: =ROUND(VLOOKUP($C10,RLS!$C$26:$O$31,3, FALSE),0) -> 2 | F10: =ROUND(VLOOKUP($C10,RLS!$C$26:$O$31,3, FALSE),0) -> 2 | G10: =ROUND(VLOOKUP($C10,RLS!$C$26:$O$31,3, FALSE),0) -> 2 | H10: =ROUND(VLOOKUP($C10,RLS!$C$26:$O$31,3, FALSE),0) -> 2 | I10: =ROUND(VLOOKUP($C10,RLS!$C$26:$O$31,3, FALSE),0) -> 2 | J10: =ROUND(VLOOKUP($C10,RLS!$C$26:$O$31,3, FALSE),0) -> 2 | K10: =ROUND(VLOOKUP($C10,RLS!$C$26:$O$31,3, FALSE),0) -> 2 | L10: =ROUND(VLOOKUP($C10,RLS!$C$26:$O$31,3, FALSE),0) -> 2 | ... P10: =ROUND(VLOOKUP($C10,RLS!$C$26:$O$31,3, FALSE),0) -> 2
A11: Lead | B11: India | C11: =A11&B11 -> LeadIndia | D11: POD | E11: =ROUND(VLOOKUP($C11,RLS!$C$26:$O$31,3, FALSE)*'Unit Distribution'!$B3,0) -> 1 | F11: =ROUND(VLOOKUP($C11,RLS!$C$26:$O$31,3, FALSE)*'Unit Distribution'!$B3,0) -> 1 | G11: =ROUND(VLOOKUP($C11,RLS!$C$26:$O$31,3, FALSE)*'Unit Distribution'!$B3,0) -> 1 | H11: =ROUND(VLOOKUP($C11,RLS!$C$26:$O$31,3, FALSE)*'Unit Distribution'!$B3,0) -> 1 | I11: =ROUND(VLOOKUP($C11,RLS!$C$26:$O$31,3, FALSE)*'Unit Distribution'!$B3,0) -> 1 | J11: =ROUND(VLOOKUP($C11,RLS!$C$26:$O$31,3, FALSE)*'Unit Distribution'!$B3,0) -> 1 | K11: =ROUND(VLOOKUP($C11,RLS!$C$26:$O$31,3, FALSE)*'Unit Distribution'!$B3,0) -> 1 | L11: =ROUND(VLOOKUP($C11,RLS!$C$26:$O$31,3, FALSE)*'Unit Distribution'!$B3,0) -> 1 | ... P11: =ROUND(VLOOKUP($C11,RLS!$C$26:$O$31,3, FALSE)*'Unit Distribution'!$B3,0) -> 1
A12: Lead | B12: India | C12: =A12&B12 -> LeadIndia | D12: Team | E12: =ROUND(VLOOKUP($C12,RLS!$C$26:$O$31,3, FALSE)*'Unit Distribution'!$B4,0) -> 1 | F12: =ROUND(VLOOKUP($C12,RLS!$C$26:$O$31,3, FALSE)*'Unit Distribution'!$B4,0) -> 1 | G12: =ROUND(VLOOKUP($C12,RLS!$C$26:$O$31,3, FALSE)*'Unit Distribution'!$B4,0) -> 1 | H12: =ROUND(VLOOKUP($C12,RLS!$C$26:$O$31,3, FALSE)*'Unit Distribution'!$B4,0) -> 1 | I12: =ROUND(VLOOKUP($C12,RLS!$C$26:$O$31,3, FALSE)*'Unit Distribution'!$B4,0) -> 1 | J12: =ROUND(VLOOKUP($C12,RLS!$C$26:$O$31,3, FALSE)*'Unit Distribution'!$B4,0) -> 1 | K12: =ROUND(VLOOKUP($C12,RLS!$C$26:$O$31,3, FALSE)*'Unit Distribution'!$B4,0) -> 1 | L12: =ROUND(VLOOKUP($C12,RLS!$C$26:$O$31,3, FALSE)*'Unit Distribution'!$B4,0) -> 1 | ... P12: =ROUND(VLOOKUP($C12,RLS!$C$26:$O$31,3, FALSE)*'Unit Distribution'!$B4,0) -> 1
A13: BSA | B13: Onsite | C13: =A13&B13 -> BSAOnsite | D13: POD | E13: =ROUND(VLOOKUP($C13,RLS!$C$32:$O$36,3, FALSE)*'Unit Distribution'!$B$3,0) -> 1 | F13: =ROUND(VLOOKUP($C13,RLS!$C$32:$O$36,3, FALSE)*'Unit Distribution'!$B$3,0) -> 1 | G13: =ROUND(VLOOKUP($C13,RLS!$C$32:$O$36,3, FALSE)*'Unit Distribution'!$B$3,0) -> 1 | H13: =ROUND(VLOOKUP($C13,RLS!$C$32:$O$36,3, FALSE)*'Unit Distribution'!$B$3,0) -> 1 | I13: =ROUND(VLOOKUP($C13,RLS!$C$32:$O$36,3, FALSE)*'Unit Distribution'!$B$3,0) -> 1 | J13: =ROUND(VLOOKUP($C13,RLS!$C$32:$O$36,3, FALSE)*'Unit Distribution'!$B$3,0) -> 1 | K13: =ROUND(VLOOKUP($C13,RLS!$C$32:$O$36,3, FALSE)*'Unit Distribution'!$B$3,0) -> 1 | L13: =ROUND(VLOOKUP($C13,RLS!$C$32:$O$36,3, FALSE)*'Unit Distribution'!$B$3,0) -> 1 | ... P13: =ROUND(VLOOKUP($C13,RLS!$C$32:$O$36,3, FALSE)*'Unit Distribution'!$B$3,0) -> 1
A14: BSA | B14: Onsite | C14: =A14&B14 -> BSAOnsite | D14: Team | E14: =ROUND(VLOOKUP($C14,RLS!$C$32:$O$36,3,FALSE)-E13,0) -> 1 | F14: =ROUND(VLOOKUP($C14,RLS!$C$32:$O$36,3,FALSE)-F13,0) -> 1 | G14: =ROUND(VLOOKUP($C14,RLS!$C$32:$O$36,3,FALSE)-G13,0) -> 1 | H14: =ROUND(VLOOKUP($C14,RLS!$C$32:$O$36,3,FALSE)-H13,0) -> 1 | I14: =ROUND(VLOOKUP($C14,RLS!$C$32:$O$36,3,FALSE)-I13,0) -> 1 | J14: =ROUND(VLOOKUP($C14,RLS!$C$32:$O$36,3,FALSE)-J13,0) -> 1 | K14: =ROUND(VLOOKUP($C14,RLS!$C$32:$O$36,3,FALSE)-K13,0) -> 1 | L14: =ROUND(VLOOKUP($C14,RLS!$C$32:$O$36,3,FALSE)-L13,0) -> 1 | ... P14: =ROUND(VLOOKUP($C14,RLS!$C$32:$O$36,3,FALSE)-P13,0) -> 1
A15: Dev | B15: Onsite | C15: =A15&B15 -> DevOnsite | D15: POD | E15: =ROUND(VLOOKUP($C15,RLS!$C$32:$O$36,3, FALSE)*'Unit Distribution'!$B$3,0) -> 1 | F15: =ROUND(VLOOKUP($C15,RLS!$C$32:$O$36,3, FALSE)*'Unit Distribution'!$B$3,0) -> 1 | G15: =ROUND(VLOOKUP($C15,RLS!$C$32:$O$36,3, FALSE)*'Unit Distribution'!$B$3,0) -> 1 | H15: =ROUND(VLOOKUP($C15,RLS!$C$32:$O$36,3, FALSE)*'Unit Distribution'!$B$3,0) -> 1 | I15: =ROUND(VLOOKUP($C15,RLS!$C$32:$O$36,3, FALSE)*'Unit Distribution'!$B$3,0) -> 1 | J15: =ROUND(VLOOKUP($C15,RLS!$C$32:$O$36,3, FALSE)*'Unit Distribution'!$B$3,0) -> 1 | K15: =ROUND(VLOOKUP($C15,RLS!$C$32:$O$36,3, FALSE)*'Unit Distribution'!$B$3,0) -> 1 | L15: =ROUND(VLOOKUP($C15,RLS!$C$32:$O$36,3, FALSE)*'Unit Distribution'!$B$3,0) -> 1 | ... P15: =ROUND(VLOOKUP($C15,RLS!$C$32:$O$36,3, FALSE)*'Unit Distribution'!$B$3,0) -> 1
A16: Dev | B16: Onsite | C16: =A16&B16 -> DevOnsite | D16: Team | E16: =ROUND(VLOOKUP($C16,RLS!$C$32:$O$36,3,FALSE)-E15,0) -> 1 | F16: =ROUND(VLOOKUP($C16,RLS!$C$32:$O$36,3,FALSE)-F15,0) -> 1 | G16: =ROUND(VLOOKUP($C16,RLS!$C$32:$O$36,3,FALSE)-G15,0) -> 1 | H16: =ROUND(VLOOKUP($C16,RLS!$C$32:$O$36,3,FALSE)-H15,0) -> 1 | I16: =ROUND(VLOOKUP($C16,RLS!$C$32:$O$36,3,FALSE)-I15,0) -> 1 | J16: =ROUND(VLOOKUP($C16,RLS!$C$32:$O$36,3,FALSE)-J15,0) -> 1 | K16: =ROUND(VLOOKUP($C16,RLS!$C$32:$O$36,3,FALSE)-K15,0) -> 1 | L16: =ROUND(VLOOKUP($C16,RLS!$C$32:$O$36,3,FALSE)-L15,0) -> 1 | ... P16: =ROUND(VLOOKUP($C16,RLS!$C$32:$O$36,3,FALSE)-P15,0) -> 1
A17: Tester | B17: Onsite | C17: =A17&B17 -> TesterOnsite | D17: POD | E17: =ROUND(VLOOKUP($C17,RLS!$C$32:$O$36,3, FALSE)*'Unit Distribution'!$B$3,0) -> 0 | F17: =ROUND(VLOOKUP($C17,RLS!$C$32:$O$36,3, FALSE)*'Unit Distribution'!$B$3,0) -> 0 | G17: =ROUND(VLOOKUP($C17,RLS!$C$32:$O$36,3, FALSE)*'Unit Distribution'!$B$3,0) -> 0 | H17: =ROUND(VLOOKUP($C17,RLS!$C$32:$O$36,3, FALSE)*'Unit Distribution'!$B$3,0) -> 0 | I17: =ROUND(VLOOKUP($C17,RLS!$C$32:$O$36,3, FALSE)*'Unit Distribution'!$B$3,0) -> 0 | J17: =ROUND(VLOOKUP($C17,RLS!$C$32:$O$36,3, FALSE)*'Unit Distribution'!$B$3,0) -> 0 | K17: =ROUND(VLOOKUP($C17,RLS!$C$32:$O$36,3, FALSE)*'Unit Distribution'!$B$3,0) -> 0 | L17: =ROUND(VLOOKUP($C17,RLS!$C$32:$O$36,3, FALSE)*'Unit Distribution'!$B$3,0) -> 0 | ... P17: =ROUND(VLOOKUP($C17,RLS!$C$32:$O$36,3, FALSE)*'Unit Distribution'!$B$3,0) -> 0
A18: Tester | B18: Onsite | C18: =A18&B18 -> TesterOnsite | D18: Team | E18: =ROUND(VLOOKUP($C18,RLS!$C$32:$O$36,3,FALSE)-E17,0) -> 1 | F18: =ROUND(VLOOKUP($C18,RLS!$C$32:$O$36,3,FALSE)-F17,0) -> 1 | G18: =ROUND(VLOOKUP($C18,RLS!$C$32:$O$36,3,FALSE)-G17,0) -> 1 | H18: =ROUND(VLOOKUP($C18,RLS!$C$32:$O$36,3,FALSE)-H17,0) -> 1 | I18: =ROUND(VLOOKUP($C18,RLS!$C$32:$O$36,3,FALSE)-I17,0) -> 1 | J18: =ROUND(VLOOKUP($C18,RLS!$C$32:$O$36,3,FALSE)-J17,0) -> 1 | K18: =ROUND(VLOOKUP($C18,RLS!$C$32:$O$36,3,FALSE)-K17,0) -> 1 | L18: =ROUND(VLOOKUP($C18,RLS!$C$32:$O$36,3,FALSE)-L17,0) -> 1 | ... P18: =ROUND(VLOOKUP($C18,RLS!$C$32:$O$36,3,FALSE)-P17,0) -> 1
A19: PM | B19: Onsite | C19: =A19&B19 -> PMOnsite | D19: HZ | E19: =ROUND(VLOOKUP($C19,RLS!$C$32:$O$36,3, FALSE),0) -> 0 | F19: =ROUND(VLOOKUP($C19,RLS!$C$32:$O$36,3, FALSE),2) -> 0 | G19: =ROUND(VLOOKUP($C19,RLS!$C$32:$O$36,3, FALSE),2) -> 0 | H19: =ROUND(VLOOKUP($C19,RLS!$C$32:$O$36,3, FALSE),2) -> 0 | I19: =ROUND(VLOOKUP($C19,RLS!$C$32:$O$36,3, FALSE),2) -> 0 | J19: =ROUND(VLOOKUP($C19,RLS!$C$32:$O$36,3, FALSE),2) -> 0 | K19: =ROUND(VLOOKUP($C19,RLS!$C$32:$O$36,3, FALSE),2) -> 0 | L19: =ROUND(VLOOKUP($C19,RLS!$C$32:$O$36,3, FALSE),2) -> 0 | M19: =ROUND(VLOOKUP($C19,RLS!$C$32:$O$36,3, FALSE),2) -> 0 | ... P19: =ROUND(VLOOKUP($C19,RLS!$C$32:$O$36,3, FALSE),2) -> 0
A20: Lead | B20: Onsite | C20: =A20&B20 -> LeadOnsite | E20: =ROUND(VLOOKUP($C20,RLS!$C$32:$O$36,3, FALSE),2) -> 1 | F20: =ROUND(VLOOKUP($C20,RLS!$C$32:$O$36,3, FALSE),2) -> 1 | G20: =ROUND(VLOOKUP($C20,RLS!$C$32:$O$36,3, FALSE),2) -> 1 | H20: =ROUND(VLOOKUP($C20,RLS!$C$32:$O$36,3, FALSE),2) -> 1 | I20: =ROUND(VLOOKUP($C20,RLS!$C$32:$O$36,3, FALSE),2) -> 1 | J20: =ROUND(VLOOKUP($C20,RLS!$C$32:$O$36,3, FALSE),2) -> 1 | K20: =ROUND(VLOOKUP($C20,RLS!$C$32:$O$36,3, FALSE),2) -> 1 | L20: =ROUND(VLOOKUP($C20,RLS!$C$32:$O$36,3, FALSE),2) -> 1 | ... P20: =ROUND(VLOOKUP($C20,RLS!$C$32:$O$36,3, FALSE),2) -> 1
A21: BSA | B21: Onsite-Landed | C21: =A21&B21 -> BSAOnsite-Landed | D21: POD | E21: =ROUND(VLOOKUP($C21,RLS!$C$37:$O$41,3, FALSE)*'Unit Distribution'!$B$3,0) -> 1 | F21: =ROUND(VLOOKUP($C21,RLS!$C$37:$O$41,3, FALSE)*'Unit Distribution'!$B$3,0) -> 1 | G21: =ROUND(VLOOKUP($C21,RLS!$C$37:$O$41,3, FALSE)*'Unit Distribution'!$B$3,0) -> 1 | H21: =ROUND(VLOOKUP($C21,RLS!$C$37:$O$41,3, FALSE)*'Unit Distribution'!$B$3,0) -> 1 | I21: =ROUND(VLOOKUP($C21,RLS!$C$37:$O$41,3, FALSE)*'Unit Distribution'!$B$3,0) -> 1 | J21: =ROUND(VLOOKUP($C21,RLS!$C$37:$O$41,3, FALSE)*'Unit Distribution'!$B$3,0) -> 1 | K21: =ROUND(VLOOKUP($C21,RLS!$C$37:$O$41,3, FALSE)*'Unit Distribution'!$B$3,0) -> 1 | L21: =ROUND(VLOOKUP($C21,RLS!$C$37:$O$41,3, FALSE)*'Unit Distribution'!$B$3,0) -> 1 | ... P21: =ROUND(VLOOKUP($C21,RLS!$C$37:$O$41,3, FALSE)*'Unit Distribution'!$B$3,0) -> 1
A22: BSA | B22: Onsite-Landed | C22: =A22&B22 -> BSAOnsite-Landed | D22: Team | E22: =ROUND(VLOOKUP($C22,RLS!$C$37:$O$41,3,FALSE)-E21,0) -> 1 | F22: =ROUND(VLOOKUP($C22,RLS!$C$37:$O$41,3,FALSE)-F21,0) -> 1 | G22: =ROUND(VLOOKUP($C22,RLS!$C$37:$O$41,3,FALSE)-G21,0) -> 1 | H22: =ROUND(VLOOKUP($C22,RLS!$C$37:$O$41,3,FALSE)-H21,0) -> 1 | I22: =ROUND(VLOOKUP($C22,RLS!$C$37:$O$41,3,FALSE)-I21,0) -> 1 | J22: =ROUND(VLOOKUP($C22,RLS!$C$37:$O$41,3,FALSE)-J21,0) -> 1 | K22: =ROUND(VLOOKUP($C22,RLS!$C$37:$O$41,3,FALSE)-K21,0) -> 1 | L22: =ROUND(VLOOKUP($C22,RLS!$C$37:$O$41,3,FALSE)-L21,0) -> 1 | ... P22: =ROUND(VLOOKUP($C22,RLS!$C$37:$O$41,3,FALSE)-P21,0) -> 1
A23: Dev | B23: Onsite-Landed | C23: =A23&B23 -> DevOnsite-Landed | D23: POD | E23: =ROUND(VLOOKUP($C23,RLS!$C$37:$O$41,3, FALSE)*'Unit Distribution'!$B$3,0) -> 1 | F23: =ROUND(VLOOKUP($C23,RLS!$C$37:$O$41,3, FALSE)*'Unit Distribution'!$B$3,0) -> 1 | G23: =ROUND(VLOOKUP($C23,RLS!$C$37:$O$41,3, FALSE)*'Unit Distribution'!$B$3,0) -> 1 | H23: =ROUND(VLOOKUP($C23,RLS!$C$37:$O$41,3, FALSE)*'Unit Distribution'!$B$3,0) -> 1 | I23: =ROUND(VLOOKUP($C23,RLS!$C$37:$O$41,3, FALSE)*'Unit Distribution'!$B$3,0) -> 1 | J23: =ROUND(VLOOKUP($C23,RLS!$C$37:$O$41,3, FALSE)*'Unit Distribution'!$B$3,0) -> 1 | K23: =ROUND(VLOOKUP($C23,RLS!$C$37:$O$41,3, FALSE)*'Unit Distribution'!$B$3,0) -> 1 | L23: =ROUND(VLOOKUP($C23,RLS!$C$37:$O$41,3, FALSE)*'Unit Distribution'!$B$3,0) -> 1 | ... P23: =ROUND(VLOOKUP($C23,RLS!$C$37:$O$41,3, FALSE)*'Unit Distribution'!$B$3,0) -> 1
A24: Dev | B24: Onsite-Landed | C24: =A24&B24 -> DevOnsite-Landed | D24: Team | E24: =ROUND(VLOOKUP($C24,RLS!$C$37:$O$41,3,FALSE)-E23,0) -> 2 | F24: =ROUND(VLOOKUP($C24,RLS!$C$37:$O$41,3,FALSE)-F23,0) -> 2 | G24: =ROUND(VLOOKUP($C24,RLS!$C$37:$O$41,3,FALSE)-G23,0) -> 2 | H24: =ROUND(VLOOKUP($C24,RLS!$C$37:$O$41,3,FALSE)-H23,0) -> 2 | I24: =ROUND(VLOOKUP($C24,RLS!$C$37:$O$41,3,FALSE)-I23,0) -> 2 | J24: =ROUND(VLOOKUP($C24,RLS!$C$37:$O$41,3,FALSE)-J23,0) -> 2 | K24: =ROUND(VLOOKUP($C24,RLS!$C$37:$O$41,3,FALSE)-K23,0) -> 2 | L24: =ROUND(VLOOKUP($C24,RLS!$C$37:$O$41,3,FALSE)-L23,0) -> 2 | ... P24: =ROUND(VLOOKUP($C24,RLS!$C$37:$O$41,3,FALSE)-P23,0) -> 2
A25: Tester | B25: Onsite-Landed | C25: =A25&B25 -> TesterOnsite-Landed | D25: POD | E25: =ROUND(VLOOKUP($C25,RLS!$C$37:$O$41,3, FALSE)*'Unit Distribution'!$B$3,0) -> 0 | F25: =ROUND(VLOOKUP($C25,RLS!$C$37:$O$41,3, FALSE)*'Unit Distribution'!$B$3,0) -> 0 | G25: =ROUND(VLOOKUP($C25,RLS!$C$37:$O$41,3, FALSE)*'Unit Distribution'!$B$3,0) -> 0 | H25: =ROUND(VLOOKUP($C25,RLS!$C$37:$O$41,3, FALSE)*'Unit Distribution'!$B$3,0) -> 0 | I25: =ROUND(VLOOKUP($C25,RLS!$C$37:$O$41,3, FALSE)*'Unit Distribution'!$B$3,0) -> 0 | J25: =ROUND(VLOOKUP($C25,RLS!$C$37:$O$41,3, FALSE)*'Unit Distribution'!$B$3,0) -> 0 | K25: =ROUND(VLOOKUP($C25,RLS!$C$37:$O$41,3, FALSE)*'Unit Distribution'!$B$3,0) -> 0 | L25: =ROUND(VLOOKUP($C25,RLS!$C$37:$O$41,3, FALSE)*'Unit Distribution'!$B$3,0) -> 0 | ... P25: =ROUND(VLOOKUP($C25,RLS!$C$37:$O$41,3, FALSE)*'Unit Distribution'!$B$3,0) -> 0
A26: Tester | B26: Onsite-Landed | C26: =A26&B26 -> TesterOnsite-Landed | D26: Team | E26: =ROUND(VLOOKUP($C26,RLS!$C$37:$O$41,3,FALSE)-E25,0) -> 1 | F26: =ROUND(VLOOKUP($C26,RLS!$C$37:$O$41,3,FALSE)-F25,0) -> 1 | G26: =ROUND(VLOOKUP($C26,RLS!$C$37:$O$41,3,FALSE)-G25,0) -> 1 | H26: =ROUND(VLOOKUP($C26,RLS!$C$37:$O$41,3,FALSE)-H25,0) -> 1 | I26: =ROUND(VLOOKUP($C26,RLS!$C$37:$O$41,3,FALSE)-I25,0) -> 1 | J26: =ROUND(VLOOKUP($C26,RLS!$C$37:$O$41,3,FALSE)-J25,0) -> 1 | K26: =ROUND(VLOOKUP($C26,RLS!$C$37:$O$41,3,FALSE)-K25,0) -> 1 | L26: =ROUND(VLOOKUP($C26,RLS!$C$37:$O$41,3,FALSE)-L25,0) -> 1 | ... P26: =ROUND(VLOOKUP($C26,RLS!$C$37:$O$41,3,FALSE)-P25,0) -> 1
A27: PM | B27: Onsite-Landed | C27: =A27&B27 -> PMOnsite-Landed | E27: =ROUND(VLOOKUP($C27,RLS!$C$37:$O$41,3, FALSE),0) -> 0 | F27: =ROUND(VLOOKUP($C27,RLS!$C$37:$O$41,3, FALSE),0) -> 0 | G27: =ROUND(VLOOKUP($C27,RLS!$C$37:$O$41,3, FALSE),0) -> 0 | H27: =ROUND(VLOOKUP($C27,RLS!$C$37:$O$41,3, FALSE),0) -> 0 | I27: =ROUND(VLOOKUP($C27,RLS!$C$37:$O$41,3, FALSE),0) -> 0 | J27: =ROUND(VLOOKUP($C27,RLS!$C$37:$O$41,3, FALSE),0) -> 0 | K27: =ROUND(VLOOKUP($C27,RLS!$C$37:$O$41,3, FALSE),0) -> 0 | L27: =ROUND(VLOOKUP($C27,RLS!$C$37:$O$41,3, FALSE),0) -> 0 | ... P27: =ROUND(VLOOKUP($C27,RLS!$C$37:$O$41,3, FALSE),0) -> 0
A28: Lead | B28: Onsite-Landed | C28: =A28&B28 -> LeadOnsite-Landed | D28: POD | E28: =ROUND(VLOOKUP($C28,RLS!$C$37:$O$41,3, FALSE),0) -> 1 | F28: =ROUND(VLOOKUP($C28,RLS!$C$37:$O$41,3, FALSE),0) -> 1 | G28: =ROUND(VLOOKUP($C28,RLS!$C$37:$O$41,3, FALSE),0) -> 1 | H28: =ROUND(VLOOKUP($C28,RLS!$C$37:$O$41,3, FALSE),0) -> 1 | I28: =ROUND(VLOOKUP($C28,RLS!$C$37:$O$41,3, FALSE),0) -> 1 | J28: =ROUND(VLOOKUP($C28,RLS!$C$37:$O$41,3, FALSE),0) -> 1 | K28: =ROUND(VLOOKUP($C28,RLS!$C$37:$O$41,3, FALSE),0) -> 1 | L28: =ROUND(VLOOKUP($C28,RLS!$C$37:$O$41,3, FALSE),0) -> 1 | ... P28: =ROUND(VLOOKUP($C28,RLS!$C$37:$O$41,3, FALSE),0) -> 1

Sheet Unit Distribution
A2: Unit | B2: Percentage
A3: POD | B3: 0.295
A4: Team | B4: 0.705
