Workbook

Sheet FTE
A1: TOTAL FTE Year 1 | B1: 39
B2: Year1 | C2: Year2 | D2: Year3 | E2: Year4 | F2: Year5
A3: Onsite FTE (non-FSI) | B3: 3 | C3: 3 | D3: 1 | E3: 1 | F3: 1
A4: Onsite FTE (FSI) | B4: 6 | C4: 4 | D4: 2 | E4: 1 | F4: 0
A5: Onsite FTE (Landed) | B5: 7 | C5: 2 | D5: 1 | E5: 1 | F5: 1
A6: Onsite | B6: =B3+B4+B5 -> 16 | C6: =C3+C4+C5 -> 9 | D6: =D3+D4+D5 -> 4 | E6: =E3+E4+E5 -> 3 | F6: =F3+F4+F5 -> 2
A7: Offshore | B7: 10 | C7: 13 | D7: 14 | E7: 12 | F7: 12
A8: Total | B8: =SUM(B6:B7) -> 26 | C8: =SUM(C6:C7) -> 22 | D8: =SUM(D6:D7) -> 18 | E8: =SUM(E6:E7) -> 15 | F8: =SUM(F6:F7) -> 14

Sheet India Role Distribution
A2: India | B2: BSA | C2: 0.112 | D2: 1
A3: India | B3: Developer | C3: 0.398 | D3: 4
A4: India | B4: Tester | C4: 0.265 | D4: 3
A5: India | B5: Maintenance | C5: 0.108 | D5: 1
A6: India | B6: PM | C6: 0.074 | D6: 1
A7: India | B7: Other | C7: 0.043 | D7: 0
C13: =10*C3 -> 3.98

Sheet Onsite Role Distribution
C2: Year1 | D2: Year2 | E2: Year3 | F2: Year4 | G2: Year5
A3: Onsite | B3: PM | C3: 0 | D3: 0 | E3: 0 | F3: 0 | G3: 0
B4: Lead | C4: 1 | D4: 1 | E4: 0 | F4: 0 | G4: 0
B5: BSA | C5: 0 | D5: 0 | E5: 0 | F5: 0 | G5: 0
B6: Dev | C6: 1 | D6: 1 | E6: 1 | F6: 1 | G6: 0
B7: Tester | C7: 1 | D7: 1 | E7: 0 | F7: 0 | G7: 0
A8: Onsite-FSI | B8: PM
B9: Lead
B10: BSA | C10: 2 | D10: 1 | E10: 1 | F10: 0 | G10: 0
B11: Dev | C11: 4 | D11: 3 | E11: 1 | F11: 1 | G11: 0
B12: Tester
A13: Onsite-Landed | B13: PM
B14: Lead | C14: 1 | D14: 0 | E14: 0 | F14: 0 | G14: 0
B15: BSA | C15: 2 | D15: 1 | E15: 0 | F15: 0 | G15: 0
B16: Dev | C16: 2 | D16: 1 | E16: 1 | F16: 1 | G16: 1
B17: Tester | C17: 2 | D17: 0 | E17: 0 | F17: 0 | G17: 0

Sheet Productivity
B2: Year1 | C2: Year2 | D2: Year3 | E2: Year4 | F2: Year5
A3: Productivity | C3: 0.15 | D3: 0.34 | E3: 0.39 | F3: 0.44

Sheet Unit Distribution
A2: Unit | B2: Percentage | C2: Year2 | D2: Year3 | E2: Year4 | F2: Year5
A3: POD1 | B3: =7/23 -> 0.30434783 | C3: =6/18 -> 0.33333333 | D3: =7/14 -> 0.5 | E3: =6/12 -> 0.5 | F3: =6/12 -> 0.5
A4: POD2 | B4: =7/23 -> 0.30434783 | C4: =7/18 -> 0.38888889 | D4: =7/14 -> 0.5 | E4: =6/12 -> 0.5 | F4: =6/12 -> 0.5
A5: Team | B5: =9/23 -> 0.39130435 | C5: =5/18 -> 0.27777778 | D5: 0 | E5: 0 | F5: 0

Sheet Transfer
B2: Year1 | C2: Year2 | D2: Year3 | E2: Year4 | F2: Year5
A3: Transfer | E3: 0.15 | F3: 0.15

Sheet RLS
A25: Role | B25: Location | C25: RoleLocation | D25: M1 | E25: M2 | F25: M3 | G25: M4 | H25: M5 | I25: M6 | J25: M7 | K25: M8 | L25: M9 | M25: M10 | N25: M11 | O25: M12 | P25: M13 | Q25: M14 | R25: M15 | S25: M16 | T25: M17 | U25: M18 | V25: M19 | W25: M20 | X25: M21 | Y25: M22 | Z25: M23 | AA25: M24 | AB25: M25 | AC25: M26 | AD25: M27 | AE25: M28 | AF25: M29 | AG25: M30 | AH25: M31 | AI25: M32 | AJ25: M33 | AK25: M34 | AL25: M35 | AM25: M36 | AN25: M37 | AO25: M38 | AP25: M39 | AQ25: M40 | AR25: M41 | AS25: M42 | AT25: M43 | AU25: M44 | AV25: M45 | AW25: M46 | AX25: M47 | AY25: M48 | AZ25: M49 | BA25: M50 | BB25: M51 | BC25: M52 | BD25: M53 | BE25: M54 | BF25: M55 | BG25: M56 | BH25: M57 | BI25: M58 | BJ25: M59 | BK25: M60
A26: BSA | B26: India | C26: =A26&B26 -> BSAIndia | D26: =ROUND(FTE!$B$7*'India Role Distribution'!$C2,0) -> 1 | E26: =ROUND(FTE!$B$7*'India Role Distribution'!$C2,0) -> 1 | F26: =ROUND(FTE!$B$7*'India Role Distribution'!$C2,0) -> 1 | G26: =ROUND(FTE!$B$7*'India Role Distribution'!$C2,0) -> 1 | H26: =ROUND(FTE!$B$7*'India Role Distribution'!$C2,0) -> 1 | I26: =ROUND(FTE!$B$7*'India Role Distribution'!$C2,0) -> 1 | J26: =ROUND(FTE!$B$7*'India Role Distribution'!$C2,0) -> 1 | K26: =ROUND(FTE!$B$7*'India Role Distribution'!$C2,0) -> 1 | ... O26: =ROUND(FTE!$B$7*'India Role Distribution'!$C2,0) -> 1 | P26: =FTE!$C$7-SUM(P27:P31) -> 2 | Q26: =FTE!$C$7-SUM(Q27:Q31) -> 2 | R26: =FTE!$C$7-SUM(R27:R31) -> 2 | S26: =FTE!$C$7-SUM(S27:S31) -> 2 | T26: =FTE!$C$7-SUM(T27:T31) -> 2 | U26: =FTE!$C$7-SUM(U27:U31) -> 2 | V26: =FTE!$C$7-SUM(V27:V31) -> 2 | W26: =FTE!$C$7-SUM(W27:W31) -> 2 | ... AA26: =FTE!$C$7-SUM(AA27:AA31) -> 2 | AB26: =ROUND(FTE!$D$7*'India Role Distribution'!$C2,0) -> 2 | AC26: =ROUND(FTE!$D$7*'India Role Distribution'!$C2,0) -> 2 | AD26: =ROUND(FTE!$D$7*'India Role Distribution'!$C2,0) -> 2 | AE26: =ROUND(FTE!$D$7*'India Role Distribution'!$C2,0) -> 2 | AF26: =ROUND(FTE!$D$7*'India Role Distribution'!$C2,0) -> 2 | AG26: =ROUND(FTE!$D$7*'India Role Distribution'!$C2,0) -> 2 | AH26: =ROUND(FTE!$D$7*'India Role Distribution'!$C2,0) -> 2 | AI26: =ROUND(FTE!$D$7*'India Role Distribution'!$C2,0) -> 2 | ... AM26: =ROUND(FTE!$D$7*'India Role Distribution'!$C2,0) -> 2 | AN26: =ROUND(FTE!$E$7*'India Role Distribution'!$C2,0) -> 1 | AO26: =ROUND(FTE!$E$7*'India Role Distribution'!$C2,0) -> 1 | AP26: =ROUND(FTE!$E$7*'India Role Distribution'!$C2,0) -> 1 | AQ26: =ROUND(FTE!$E$7*'India Role Distribution'!$C2,0) -> 1 | AR26: =ROUND(FTE!$E$7*'India Role Distribution'!$C2,0) -> 1 | AS26: =ROUND(FTE!$E$7*'India Role Distribution'!$C2,0) -> 1 | AT26: =ROUND(FTE!$E$7*'India Role Distribution'!$C2,0) -> 1 | AU26: =ROUND(FTE!$E$7*'India Role Distribution'!$C2,0) -> 1 | ... AY26: =ROUND(FTE!$E$7*'India Role Distribution'!$C2,0) -> 1 | AZ26: 2 | BA26: 2 | BB26: 2 | BC26: 2 | BD26: 2 | BE26: 2 | BF26: 2 | BG26: 2 | BH26: 2 | BI26: 2 | BJ26: 2 | BK26: 2
A27: Dev | B27: India | C27: =A27&B27 -> DevIndia | D27: =ROUND(FTE!$B$7*'India Role Distribution'!$C3,0) -> 4 | E27: =ROUND(FTE!$B$7*'India Role Distribution'!$C3,0) -> 4 | F27: =ROUND(FTE!$B$7*'India Role Distribution'!$C3,0) -> 4 | G27: =ROUND(FTE!$B$7*'India Role Distribution'!$C3,0) -> 4 | H27: =ROUND(FTE!$B$7*'India Role Distribution'!$C3,0) -> 4 | I27: =ROUND(FTE!$B$7*'India Role Distribution'!$C3,0) -> 4 | J27: =ROUND(FTE!$B$7*'India Role Distribution'!$C3,0) -> 4 | K27: =ROUND(FTE!$B$7*'India Role Distribution'!$C3,0) -> 4 | ... O27: =ROUND(FTE!$B$7*'India Role Distribution'!$C3,0) -> 4 | P27: =ROUND(FTE!$C$7*'India Role Distribution'!$C3,0) -> 5 | Q27: =ROUND(FTE!$C$7*'India Role Distribution'!$C3,0) -> 5 | R27: =ROUND(FTE!$C$7*'India Role Distribution'!$C3,0) -> 5 | S27: =ROUND(FTE!$C$7*'India Role Distribution'!$C3,0) -> 5 | T27: =ROUND(FTE!$C$7*'India Role Distribution'!$C3,0) -> 5 | U27: =ROUND(FTE!$C$7*'India Role Distribution'!$C3,0) -> 5 | V27: =ROUND(FTE!$C$7*'India Role Distribution'!$C3,0) -> 5 | W27: =ROUND(FTE!$C$7*'India Role Distribution'!$C3,0) -> 5 | ... AA27: =ROUND(FTE!$C$7*'India Role Distribution'!$C3,0) -> 5 | AB27: =FTE!$D$7-(AB26+AB28+AB29+AB30+AB31) -> 4 | AC27: =FTE!$D$7-(AC26+AC28+AC29+AC30+AC31) -> 4 | AD27: =FTE!$D$7-(AD26+AD28+AD29+AD30+AD31) -> 4 | AE27: =FTE!$D$7-(AE26+AE28+AE29+AE30+AE31) -> 4 | AF27: =FTE!$D$7-(AF26+AF28+AF29+AF30+AF31) -> 4 | AG27: =FTE!$D$7-(AG26+AG28+AG29+AG30+AG31) -> 4 | AH27: =FTE!$D$7-(AH26+AH28+AH29+AH30+AH31) -> 4 | AI27: =FTE!$D$7-(AI26+AI28+AI29+AI30+AI31) -> 4 | ... AM27: =FTE!$D$7-(AM26+AM28+AM29+AM30+AM31) -> 4 | AN27: =ROUND(FTE!$E$7*'India Role Distribution'!$C3,0) -> 5 | AO27: =ROUND(FTE!$E$7*'India Role Distribution'!$C3,0) -> 5 | AP27: =ROUND(FTE!$E$7*'India Role Distribution'!$C3,0) -> 5 | AQ27: =ROUND(FTE!$E$7*'India Role Distribution'!$C3,0) -> 5 | AR27: =ROUND(FTE!$E$7*'India Role Distribution'!$C3,0) -> 5 | AS27: =ROUND(FTE!$E$7*'India Role Distribution'!$C3,0) -> 5 | AT27: =ROUND(FTE!$E$7*'India Role Distribution'!$C3,0) -> 5 | AU27: =ROUND(FTE!$E$7*'India Role Distribution'!$C3,0) -> 5 | ... AY27: =ROUND(FTE!$E$7*'India Role Distribution'!$C3,0) -> 5 | AZ27: 5 | BA27: 5 | BB27: 5 | BC27: 5 | BD27: 5 | BE27: 5 | BF27: 5 | BG27: 5 | BH27: 5 | BI27: 5 | BJ27: 5 | BK27: 5
A28: Tester | B28: India | C28: =A28&B28 -> TesterIndia | D28: =ROUND(FTE!$B$7*'India Role Distribution'!$C4,0) -> 3 | E28: =ROUND(FTE!$B$7*'India Role Distribution'!$C4,0) -> 3 | F28: =ROUND(FTE!$B$7*'India Role Distribution'!$C4,0) -> 3 | G28: =ROUND(FTE!$B$7*'India Role Distribution'!$C4,0) -> 3 | H28: =ROUND(FTE!$B$7*'India Role Distribution'!$C4,0) -> 3 | I28: =ROUND(FTE!$B$7*'India Role Distribution'!$C4,0) -> 3 | J28: =ROUND(FTE!$B$7*'India Role Distribution'!$C4,0) -> 3 | K28: =ROUND(FTE!$B$7*'India Role Distribution'!$C4,0) -> 3 | ... O28: =ROUND(FTE!$B$7*'India Role Distribution'!$C4,0) -> 3 | P28: =ROUND(FTE!$C$7*'India Role Distribution'!$C4,0) -> 3 | Q28: =ROUND(FTE!$C$7*'India Role Distribution'!$C4,0) -> 3 | R28: =ROUND(FTE!$C$7*'India Role Distribution'!$C4,0) -> 3 | S28: =ROUND(FTE!$C$7*'India Role Distribution'!$C4,0) -> 3 | T28: =ROUND(FTE!$C$7*'India Role Distribution'!$C4,0) -> 3 | U28: =ROUND(FTE!$C$7*'India Role Distribution'!$C4,0) -> 3 | V28: =ROUND(FTE!$C$7*'India Role Distribution'!$C4,0) -> 3 | W28: =ROUND(FTE!$C$7*'India Role Distribution'!$C4,0) -> 3 | ... AA28: =ROUND(FTE!$C$7*'India Role Distribution'!$C4,0) -> 3 | AB28: =ROUND(FTE!$D$7*'India Role Distribution'!$C4,0) -> 4 | AC28: =ROUND(FTE!$D$7*'India Role Distribution'!$C4,0) -> 4 | AD28: =ROUND(FTE!$D$7*'India Role Distribution'!$C4,0) -> 4 | AE28: =ROUND(FTE!$D$7*'India Role Distribution'!$C4,0) -> 4 | AF28: =ROUND(FTE!$D$7*'India Role Distribution'!$C4,0) -> 4 | AG28: =ROUND(FTE!$D$7*'India Role Distribution'!$C4,0) -> 4 | AH28: =ROUND(FTE!$D$7*'India Role Distribution'!$C4,0) -> 4 | AI28: =ROUND(FTE!$D$7*'India Role Distribution'!$C4,0) -> 4 | ... AM28: =ROUND(FTE!$D$7*'India Role Distribution'!$C4,0) -> 4 | AN28: =ROUND(FTE!$E$7*'India Role Distribution'!$C4,0) -> 3 | AO28: =ROUND(FTE!$E$7*'India Role Distribution'!$C4,0) -> 3 | AP28: =ROUND(FTE!$E$7*'India Role Distribution'!$C4,0) -> 3 | AQ28: =ROUND(FTE!$E$7*'India Role Distribution'!$C4,0) -> 3 | AR28: =ROUND(FTE!$E$7*'India Role Distribution'!$C4,0) -> 3 | AS28: =ROUND(FTE!$E$7*'India Role Distribution'!$C4,0) -> 3 | AT28: =ROUND(FTE!$E$7*'India Role Distribution'!$C4,0) -> 3 | AU28: =ROUND(FTE!$E$7*'India Role Distribution'!$C4,0) -> 3 | ... AY28: =ROUND(FTE!$E$7*'India Role Distribution'!$C4,0) -> 3 | AZ28: 3 | BA28: =ROUND(FTE!$F$7*'India Role Distribution'!$C4,0) -> 3 | BB28: =ROUND(FTE!$F$7*'India Role Distribution'!$C4,0) -> 3 | BC28: =ROUND(FTE!$F$7*'India Role Distribution'!$C4,0) -> 3 | BD28: =ROUND(FTE!$F$7*'India Role Distribution'!$C4,0) -> 3 | BE28: =ROUND(FTE!$F$7*'India Role Distribution'!$C4,0) -> 3 | BF28: =ROUND(FTE!$F$7*'India Role Distribution'!$C4,0) -> 3 | BG28: =ROUND(FTE!$F$7*'India Role Distribution'!$C4,0) -> 3 | BH28: =ROUND(FTE!$F$7*'India Role Distribution'!$C4,0) -> 3 | ... BK28: =ROUND(FTE!$F$7*'India Role Distribution'!$C4,0) -> 3
A29: Maintenance | B29: India | C29: =A29&B29 -> MaintenanceIndia | D29: =ROUND(FTE!$B$7*'India Role Distribution'!$C5,0) -> 1 | E29: =ROUND(FTE!$B$7*'India Role Distribution'!$C5,0) -> 1 | F29: =ROUND(FTE!$B$7*'India Role Distribution'!$C5,0) -> 1 | G29: =ROUND(FTE!$B$7*'India Role Distribution'!$C5,0) -> 1 | H29: =ROUND(FTE!$B$7*'India Role Distribution'!$C5,0) -> 1 | I29: =ROUND(FTE!$B$7*'India Role Distribution'!$C5,0) -> 1 | J29: =ROUND(FTE!$B$7*'India Role Distribution'!$C5,0) -> 1 | K29: =ROUND(FTE!$B$7*'India Role Distribution'!$C5,0) -> 1 | ... O29: =ROUND(FTE!$B$7*'India Role Distribution'!$C5,0) -> 1 | P29: =ROUND(FTE!$C$7*'India Role Distribution'!$C5,0) -> 1 | Q29: =ROUND(FTE!$C$7*'India Role Distribution'!$C5,0) -> 1 | R29: =ROUND(FTE!$C$7*'India Role Distribution'!$C5,0) -> 1 | S29: =ROUND(FTE!$C$7*'India Role Distribution'!$C5,0) -> 1 | T29: =ROUND(FTE!$C$7*'India Role Distribution'!$C5,0) -> 1 | U29: =ROUND(FTE!$C$7*'India Role Distribution'!$C5,0) -> 1 | V29: =ROUND(FTE!$C$7*'India Role Distribution'!$C5,0) -> 1 | W29: =ROUND(FTE!$C$7*'India Role Distribution'!$C5,0) -> 1 | ... AA29: =ROUND(FTE!$C$7*'India Role Distribution'!$C5,0) -> 1 | AB29: =ROUND(FTE!$D$7*'India Role Distribution'!$C5,0) -> 2 | AC29: =ROUND(FTE!$D$7*'India Role Distribution'!$C5,0) -> 2 | AD29: =ROUND(FTE!$D$7*'India Role Distribution'!$C5,0) -> 2 | AE29: =ROUND(FTE!$D$7*'India Role Distribution'!$C5,0) -> 2 | AF29: =ROUND(FTE!$D$7*'India Role Distribution'!$C5,0) -> 2 | AG29: =ROUND(FTE!$D$7*'India Role Distribution'!$C5,0) -> 2 | AH29: =ROUND(FTE!$D$7*'India Role Distribution'!$C5,0) -> 2 | AI29: =ROUND(FTE!$D$7*'India Role Distribution'!$C5,0) -> 2 | ... AM29: =ROUND(FTE!$D$7*'India Role Distribution'!$C5,0) -> 2 | AN29: =ROUND(FTE!$E$7*'India Role Distribution'!$C5,0) -> 1 | AO29: =ROUND(FTE!$E$7*'India Role Distribution'!$C5,0) -> 1 | AP29: =ROUND(FTE!$E$7*'India Role Distribution'!$C5,0) -> 1 | AQ29: =ROUND(FTE!$E$7*'India Role Distribution'!$C5,0) -> 1 | AR29: =ROUND(FTE!$E$7*'India Role Distribution'!$C5,0) -> 1 | AS29: =ROUND(FTE!$E$7*'India Role Distribution'!$C5,0) -> 1 | AT29: =ROUND(FTE!$E$7*'India Role Distribution'!$C5,0) -> 1 | AU29: =ROUND(FTE!$E$7*'India Role Distribution'!$C5,0) -> 1 | ... AY29: =ROUND(FTE!$E$7*'India Role Distribution'!$C5,0) -> 1 | AZ29: 1 | BA29: =ROUND(FTE!$F$7*'India Role Distribution'!$C5,0) -> 1 | BB29: =ROUND(FTE!$F$7*'India Role Distribution'!$C5,0) -> 1 | BC29: =ROUND(FTE!$F$7*'India Role Distribution'!$C5,0) -> 1 | BD29: =ROUND(FTE!$F$7*'India Role Distribution'!$C5,0) -> 1 | BE29: =ROUND(FTE!$F$7*'India Role Distribution'!$C5,0) -> 1 | BF29: =ROUND(FTE!$F$7*'India Role Distribution'!$C5,0) -> 1 | BG29: =ROUND(FTE!$F$7*'India Role Distribution'!$C5,0) -> 1 | BH29: =ROUND(FTE!$F$7*'India Role Distribution'!$C5,0) -> 1 | ... BK29: =ROUND(FTE!$F$7*'India Role Distribution'!$C5,0) -> 1
A30: PM | B30: India | C30: =A30&B30 -> PMIndia | D30: =FTE!$B$7-SUM(D26:D29,D31) -> 0 | E30: =FTE!$B$7-SUM(E26:E29,E31) -> 0 | F30: =FTE!$B$7-SUM(F26:F29,F31) -> 0 | G30: =FTE!$B$7-SUM(G26:G29,G31) -> 0 | H30: =FTE!$B$7-SUM(H26:H29,H31) -> 0 | I30: =FTE!$B$7-SUM(I26:I29,I31) -> 0 | J30: =FTE!$B$7-SUM(J26:J29,J31) -> 0 | K30: =FTE!$B$7-SUM(K26:K29,K31) -> 0 | ... O30: =FTE!$B$7-SUM(O26:O29,O31) -> 0 | P30: =ROUND(FTE!$C$7*'India Role Distribution'!$C6,0) -> 1 | Q30: =ROUND(FTE!$C$7*'India Role Distribution'!$C6,0) -> 1 | R30: =ROUND(FTE!$C$7*'India Role Distribution'!$C6,0) -> 1 | S30: =ROUND(FTE!$C$7*'India Role Distribution'!$C6,0) -> 1 | T30: =ROUND(FTE!$C$7*'India Role Distribution'!$C6,0) -> 1 | U30: =ROUND(FTE!$C$7*'India Role Distribution'!$C6,0) -> 1 | V30: =ROUND(FTE!$C$7*'India Role Distribution'!$C6,0) -> 1 | W30: =ROUND(FTE!$C$7*'India Role Distribution'!$C6,0) -> 1 | ... AA30: =ROUND(FTE!$C$7*'India Role Distribution'!$C6,0) -> 1 | AB30: =ROUND(FTE!$D$7*'India Role Distribution'!$C6,0) -> 1 | AC30: =ROUND(FTE!$D$7*'India Role Distribution'!$C6,0) -> 1 | AD30: =ROUND(FTE!$D$7*'India Role Distribution'!$C6,0) -> 1 | AE30: =ROUND(FTE!$D$7*'India Role Distribution'!$C6,0) -> 1 | AF30: =ROUND(FTE!$D$7*'India Role Distribution'!$C6,0) -> 1 | AG30: =ROUND(FTE!$D$7*'India Role Distribution'!$C6,0) -> 1 | AH30: =ROUND(FTE!$D$7*'India Role Distribution'!$C6,0) -> 1 | AI30: =ROUND(FTE!$D$7*'India Role Distribution'!$C6,0) -> 1 | ... AM30: =ROUND(FTE!$D$7*'India Role Distribution'!$C6,0) -> 1 | AN30: =ROUND(FTE!$E$7*'India Role Distribution'!$C6,0) -> 1 | AO30: =ROUND(FTE!$E$7*'India Role Distribution'!$C6,0) -> 1 | AP30: =ROUND(FTE!$E$7*'India Role Distribution'!$C6,0) -> 1 | AQ30: =ROUND(FTE!$E$7*'India Role Distribution'!$C6,0) -> 1 | AR30: =ROUND(FTE!$E$7*'India Role Distribution'!$C6,0) -> 1 | AS30: =ROUND(FTE!$E$7*'India Role Distribution'!$C6,0) -> 1 | AT30: =ROUND(FTE!$E$7*'India Role Distribution'!$C6,0) -> 1 | AU30: =ROUND(FTE!$E$7*'India Role Distribution'!$C6,0) -> 1 | ... AY30: =ROUND(FTE!$E$7*'India Role Distribution'!$C6,0) -> 1 | AZ30: 0 | BA30: 0 | BB30: 0 | BC30: 0 | BD30: 0 | BE30: 0 | BF30: 0 | BG30: 0 | BH30: 0 | BI30: 0 | BJ30: 0 | BK30: 0
A31: Lead | B31: India | C31: =A31&B31 -> LeadIndia | D31: 1 | E31: 1 | F31: 1 | G31: 1 | H31: 1 | I31: 1 | J31: 1 | K31: 1 | L31: 1 | M31: 1 | N31: 1 | O31: 1 | P31: =ROUND(FTE!$C$7*'India Role Distribution'!$C7,0) -> 1 | Q31: =ROUND(FTE!$C$7*'India Role Distribution'!$C7,0) -> 1 | R31: =ROUND(FTE!$C$7*'India Role Distribution'!$C7,0) -> 1 | S31: =ROUND(FTE!$C$7*'India Role Distribution'!$C7,0) -> 1 | T31: =ROUND(FTE!$C$7*'India Role Distribution'!$C7,0) -> 1 | U31: =ROUND(FTE!$C$7*'India Role Distribution'!$C7,0) -> 1 | V31: =ROUND(FTE!$C$7*'India Role Distribution'!$C7,0) -> 1 | W31: =ROUND(FTE!$C$7*'India Role Distribution'!$C7,0) -> 1 | ... AA31: =ROUND(FTE!$C$7*'India Role Distribution'!$C7,0) -> 1 | AB31: =ROUND(FTE!$D$7*'India Role Distribution'!$C7,0) -> 1 | AC31: =ROUND(FTE!$D$7*'India Role Distribution'!$C7,0) -> 1 | AD31: =ROUND(FTE!$D$7*'India Role Distribution'!$C7,0) -> 1 | AE31: =ROUND(FTE!$D$7*'India Role Distribution'!$C7,0) -> 1 | AF31: =ROUND(FTE!$D$7*'India Role Distribution'!$C7,0) -> 1 | AG31: =ROUND(FTE!$D$7*'India Role Distribution'!$C7,0) -> 1 | AH31: =ROUND(FTE!$D$7*'India Role Distribution'!$C7,0) -> 1 | AI31: =ROUND(FTE!$D$7*'India Role Distribution'!$C7,0) -> 1 | ... AM31: =ROUND(FTE!$D$7*'India Role Distribution'!$C7,0) -> 1 | AN31: =ROUND(FTE!$E$7*'India Role Distribution'!$C7,0) -> 1 | AO31: =ROUND(FTE!$E$7*'India Role Distribution'!$C7,0) -> 1 | AP31: =ROUND(FTE!$E$7*'India Role Distribution'!$C7,0) -> 1 | AQ31: =ROUND(FTE!$E$7*'India Role Distribution'!$C7,0) -> 1 | AR31: =ROUND(FTE!$E$7*'India Role Distribution'!$C7,0) -> 1 | AS31: =ROUND(FTE!$E$7*'India Role Distribution'!$C7,0) -> 1 | AT31: =ROUND(FTE!$E$7*'India Role Distribution'!$C7,0) -> 1 | AU31: =ROUND(FTE!$E$7*'India Role Distribution'!$C7,0) -> 1 | ... AY31: =ROUND(FTE!$E$7*'India Role Distribution'!$C7,0) -> 1 | AZ31: 1 | BA31: =ROUND(FTE!$F$7*'India Role Distribution'!$C7,0) -> 1 | BB31: =ROUND(FTE!$F$7*'India Role Distribution'!$C7,0) -> 1 | BC31: =ROUND(FTE!$F$7*'India Role Distribution'!$C7,0) -> 1 | BD31: =ROUND(FTE!$F$7*'India Role Distribution'!$C7,0) -> 1 | BE31: =ROUND(FTE!$F$7*'India Role Distribution'!$C7,0) -> 1 | BF31: =ROUND(FTE!$F$7*'India Role Distribution'!$C7,0) -> 1 | BG31: =ROUND(FTE!$F$7*'India Role Distribution'!$C7,0) -> 1 | BH31: =ROUND(FTE!$F$7*'India Role Distribution'!$C7,0) -> 1 | ... BK31: =ROUND(FTE!$F$7*'India Role Distribution'!$C7,0) -> 1
A32: BSA | B32: Onsite | C32: =A32&B32 -> BSAOnsite | D32: =VLOOKUP($A32,'Onsite Role Distribution'!$B$3:$G$7,2,FALSE)+VLOOKUP($A32,'Onsite Role Distribution'!$B$8:$G$12,2,FALSE) -> 2 | E32: =VLOOKUP($A32,'Onsite Role Distribution'!$B$3:$G$7,2,FALSE)+VLOOKUP($A32,'Onsite Role Distribution'!$B$8:$G$12,2,FALSE) -> 2 | F32: =VLOOKUP($A32,'Onsite Role Distribution'!$B$3:$G$7,2,FALSE)+VLOOKUP($A32,'Onsite Role Distribution'!$B$8:$G$12,2,FALSE) -> 2 | G32: =VLOOKUP($A32,'Onsite Role Distribution'!$B$3:$G$7,2,FALSE)+VLOOKUP($A32,'Onsite Role Distribution'!$B$8:$G$12,2,FALSE) -> 2 | H32: =VLOOKUP($A32,'Onsite Role Distribution'!$B$3:$G$7,2,FALSE)+VLOOKUP($A32,'Onsite Role Distribution'!$B$8:$G$12,2,FALSE) -> 2 | I32: =VLOOKUP($A32,'Onsite Role Distribution'!$B$3:$G$7,2,FALSE)+VLOOKUP($A32,'Onsite Role Distribution'!$B$8:$G$12,2,FALSE) -> 2 | J32: =VLOOKUP($A32,'Onsite Role Distribution'!$B$3:$G$7,2,FALSE)+VLOOKUP($A32,'Onsite Role Distribution'!$B$8:$G$12,2,FALSE) -> 2 | K32: =VLOOKUP($A32,'Onsite Role Distribution'!$B$3:$G$7,2,FALSE)+VLOOKUP($A32,'Onsite Role Distribution'!$B$8:$G$12,2,FALSE) -> 2 | ... O32: =VLOOKUP($A32,'Onsite Role Distribution'!$B$3:$G$7,2,FALSE)+VLOOKUP($A32,'Onsite Role Distribution'!$B$8:$G$12,2,FALSE) -> 2 | P32: =VLOOKUP($A32,'Onsite Role Distribution'!$B$3:$G$7,3,FALSE)+VLOOKUP($A32,'Onsite Role Distribution'!$B$8:$G$12,3,FALSE) -> 1 | Q32: =VLOOKUP($A32,'Onsite Role Distribution'!$B$3:$G$7,3,FALSE)+VLOOKUP($A32,'Onsite Role Distribution'!$B$8:$G$12,3,FALSE) -> 1 | R32: =VLOOKUP($A32,'Onsite Role Distribution'!$B$3:$G$7,3,FALSE)+VLOOKUP($A32,'Onsite Role Distribution'!$B$8:$G$12,3,FALSE) -> 1 | S32: =VLOOKUP($A32,'Onsite Role Distribution'!$B$3:$G$7,3,FALSE)+VLOOKUP($A32,'Onsite Role Distribution'!$B$8:$G$12,3,FALSE) -> 1 | T32: =VLOOKUP($A32,'Onsite Role Distribution'!$B$3:$G$7,3,FALSE)+VLOOKUP($A32,'Onsite Role Distribution'!$B$8:$G$12,3,FALSE) -> 1 | U32: =VLOOKUP($A32,'Onsite Role Distribution'!$B$3:$G$7,3,FALSE)+VLOOKUP($A32,'Onsite Role Distribution'!$B$8:$G$12,3,FALSE) -> 1 | V32: =VLOOKUP($A32,'Onsite Role Distribution'!$B$3:$G$7,3,FALSE)+VLOOKUP($A32,'Onsite Role Distribution'!$B$8:$G$12,3,FALSE) -> 1 | W32: =VLOOKUP($A32,'Onsite Role Distribution'!$B$3:$G$7,3,FALSE)+VLOOKUP($A32,'Onsite Role Distribution'!$B$8:$G$12,3,FALSE) -> 1 | ... AA32: =VLOOKUP($A32,'Onsite Role Distribution'!$B$3:$G$7,3,FALSE)+VLOOKUP($A32,'Onsite Role Distribution'!$B$8:$G$12,3,FALSE) -> 1 | AB32: =VLOOKUP($A32,'Onsite Role Distribution'!$B$3:$G$7,4,FALSE)+VLOOKUP($A32,'Onsite Role Distribution'!$B$8:$G$12,4,FALSE) -> 1 | AC32: =VLOOKUP($A32,'Onsite Role Distribution'!$B$3:$G$7,4,FALSE)+VLOOKUP($A32,'Onsite Role Distribution'!$B$8:$G$12,4,FALSE) -> 1 | AD32: =VLOOKUP($A32,'Onsite Role Distribution'!$B$3:$G$7,4,FALSE)+VLOOKUP($A32,'Onsite Role Distribution'!$B$8:$G$12,4,FALSE) -> 1 | AE32: =VLOOKUP($A32,'Onsite Role Distribution'!$B$3:$G$7,4,FALSE)+VLOOKUP($A32,'Onsite Role Distribution'!$B$8:$G$12,4,FALSE) -> 1 | AF32: =VLOOKUP($A32,'Onsite Role Distribution'!$B$3:$G$7,4,FALSE)+VLOOKUP($A32,'Onsite Role Distribution'!$B$8:$G$12,4,FALSE) -> 1 | AG32: =VLOOKUP($A32,'Onsite Role Distribution'!$B$3:$G$7,4,FALSE)+VLOOKUP($A32,'Onsite Role Distribution'!$B$8:$G$12,4,FALSE) -> 1 | AH32: =VLOOKUP($A32,'Onsite Role Distribution'!$B$3:$G$7,4,FALSE)+VLOOKUP($A32,'Onsite Role Distribution'!$B$8:$G$12,4,FALSE) -> 1 | AI32: =VLOOKUP($A32,'Onsite Role Distribution'!$B$3:$G$7,4,FALSE)+VLOOKUP($A32,'Onsite Role Distribution'!$B$8:$G$12,4,FALSE) -> 1 | ... AM32: =VLOOKUP($A32,'Onsite Role Distribution'!$B$3:$G$7,4,FALSE)+VLOOKUP($A32,'Onsite Role Distribution'!$B$8:$G$12,4,FALSE) -> 1 | AN32: =VLOOKUP($A32,'Onsite Role Distribution'!$B$3:$G$7,5,FALSE)+VLOOKUP($A32,'Onsite Role Distribution'!$B$8:$G$12,5,FALSE) -> 0 | AO32: =VLOOKUP($A32,'Onsite Role Distribution'!$B$3:$G$7,5,FALSE)+VLOOKUP($A32,'Onsite Role Distribution'!$B$8:$G$12,5,FALSE) -> 0 | AP32: =VLOOKUP($A32,'Onsite Role Distribution'!$B$3:$G$7,5,FALSE)+VLOOKUP($A32,'Onsite Role Distribution'!$B$8:$G$12,5,FALSE) -> 0 | AQ32: =VLOOKUP($A32,'Onsite Role Distribution'!$B$3:$G$7,5,FALSE)+VLOOKUP($A32,'Onsite Role Distribution'!$B$8:$G$12,5,FALSE) -> 0 | AR32: =VLOOKUP($A32,'Onsite Role Distribution'!$B$3:$G$7,5,FALSE)+VLOOKUP($A32,'Onsite Role Distribution'!$B$8:$G$12,5,FALSE) -> 0 | AS32: =VLOOKUP($A32,'Onsite Role Distribution'!$B$3:$G$7,5,FALSE)+VLOOKUP($A32,'Onsite Role Distribution'!$B$8:$G$12,5,FALSE) -> 0 | AT32: =VLOOKUP($A32,'Onsite Role Distribution'!$B$3:$G$7,5,FALSE)+VLOOKUP($A32,'Onsite Role Distribution'!$B$8:$G$12,5,FALSE) -> 0 | AU32: =VLOOKUP($A32,'Onsite Role Distribution'!$B$3:$G$7,5,FALSE)+VLOOKUP($A32,'Onsite Role Distribution'!$B$8:$G$12,5,FALSE) -> 0 | ... AY32: =VLOOKUP($A32,'Onsite Role Distribution'!$B$3:$G$7,5,FALSE)+VLOOKUP($A32,'Onsite Role Distribution'!$B$8:$G$12,5,FALSE) -> 0 | AZ32: 0 | BA32: =VLOOKUP($A32,'Onsite Role Distribution'!$B$3:$G$7,6,FALSE)+VLOOKUP($A32,'Onsite Role Distribution'!$B$8:$G$12,6,FALSE) -> 0 | BB32: =VLOOKUP($A32,'Onsite Role Distribution'!$B$3:$G$7,6,FALSE)+VLOOKUP($A32,'Onsite Role Distribution'!$B$8:$G$12,6,FALSE) -> 0 | BC32: =VLOOKUP($A32,'Onsite Role Distribution'!$B$3:$G$7,6,FALSE)+VLOOKUP($A32,'Onsite Role Distribution'!$B$8:$G$12,6,FALSE) -> 0 | BD32: =VLOOKUP($A32,'Onsite Role Distribution'!$B$3:$G$7,6,FALSE)+VLOOKUP($A32,'Onsite Role Distribution'!$B$8:$G$12,6,FALSE) -> 0 | BE32: =VLOOKUP($A32,'Onsite Role Distribution'!$B$3:$G$7,6,FALSE)+VLOOKUP($A32,'Onsite Role Distribution'!$B$8:$G$12,6,FALSE) -> 0 | BF32: =VLOOKUP($A32,'Onsite Role Distribution'!$B$3:$G$7,6,FALSE)+VLOOKUP($A32,'Onsite Role Distribution'!$B$8:$G$12,6,FALSE) -> 0 | BG32: =VLOOKUP($A32,'Onsite Role Distribution'!$B$3:$G$7,6,FALSE)+VLOOKUP($A32,'Onsite Role Distribution'!$B$8:$G$12,6,FALSE) -> 0 | BH32: =VLOOKUP($A32,'Onsite Role Distribution'!$B$3:$G$7,6,FALSE)+VLOOKUP($A32,'Onsite Role Distribution'!$B$8:$G$12,6,FALSE) -> 0 | ... BK32: =VLOOKUP($A32,'Onsite Role Distribution'!$B$3:$G$7,6,FALSE)+VLOOKUP($A32,'Onsite Role Distribution'!$B$8:$G$12,6,FALSE) -> 0
A33: Dev | B33: Onsite | C33: =A33&B33 -> DevOnsite | D33: =VLOOKUP($A33,'Onsite Role Distribution'!$B$3:$G$7,2,FALSE)+VLOOKUP($A33,'Onsite Role Distribution'!$B$8:$G$12,2,FALSE) -> 5 | E33: =VLOOKUP($A33,'Onsite Role Distribution'!$B$3:$G$7,2,FALSE)+VLOOKUP($A33,'Onsite Role Distribution'!$B$8:$G$12,2,FALSE) -> 5 | F33: =VLOOKUP($A33,'Onsite Role Distribution'!$B$3:$G$7,2,FALSE)+VLOOKUP($A33,'Onsite Role Distribution'!$B$8:$G$12,2,FALSE) -> 5 | G33: =VLOOKUP($A33,'Onsite Role Distribution'!$B$3:$G$7,2,FALSE)+VLOOKUP($A33,'Onsite Role Distribution'!$B$8:$G$12,2,FALSE) -> 5 | H33: =VLOOKUP($A33,'Onsite Role Distribution'!$B$3:$G$7,2,FALSE)+VLOOKUP($A33,'Onsite Role Distribution'!$B$8:$G$12,2,FALSE) -> 5 | I33: =VLOOKUP($A33,'Onsite Role Distribution'!$B$3:$G$7,2,FALSE)+VLOOKUP($A33,'Onsite Role Distribution'!$B$8:$G$12,2,FALSE) -> 5 | J33: =VLOOKUP($A33,'Onsite Role Distribution'!$B$3:$G$7,2,FALSE)+VLOOKUP($A33,'Onsite Role Distribution'!$B$8:$G$12,2,FALSE) -> 5 | K33: =VLOOKUP($A33,'Onsite Role Distribution'!$B$3:$G$7,2,FALSE)+VLOOKUP($A33,'Onsite Role Distribution'!$B$8:$G$12,2,FALSE) -> 5 | ... O33: =VLOOKUP($A33,'Onsite Role Distribution'!$B$3:$G$7,2,FALSE)+VLOOKUP($A33,'Onsite Role Distribution'!$B$8:$G$12,2,FALSE) -> 5 | P33: =VLOOKUP($A33,'Onsite Role Distribution'!$B$3:$G$7,3,FALSE)+VLOOKUP($A33,'Onsite Role Distribution'!$B$8:$G$12,3,FALSE) -> 4 | Q33: =VLOOKUP($A33,'Onsite Role Distribution'!$B$3:$G$7,3,FALSE)+VLOOKUP($A33,'Onsite Role Distribution'!$B$8:$G$12,3,FALSE) -> 4 | R33: =VLOOKUP($A33,'Onsite Role Distribution'!$B$3:$G$7,3,FALSE)+VLOOKUP($A33,'Onsite Role Distribution'!$B$8:$G$12,3,FALSE) -> 4 | S33: =VLOOKUP($A33,'Onsite Role Distribution'!$B$3:$G$7,3,FALSE)+VLOOKUP($A33,'Onsite Role Distribution'!$B$8:$G$12,3,FALSE) -> 4 | T33: =VLOOKUP($A33,'Onsite Role Distribution'!$B$3:$G$7,3,FALSE)+VLOOKUP($A33,'Onsite Role Distribution'!$B$8:$G$12,3,FALSE) -> 4 | U33: =VLOOKUP($A33,'Onsite Role Distribution'!$B$3:$G$7,3,FALSE)+VLOOKUP($A33,'Onsite Role Distribution'!$B$8:$G$12,3,FALSE) -> 4 | V33: =VLOOKUP($A33,'Onsite Role Distribution'!$B$3:$G$7,3,FALSE)+VLOOKUP($A33,'Onsite Role Distribution'!$B$8:$G$12,3,FALSE) -> 4 | W33: =VLOOKUP($A33,'Onsite Role Distribution'!$B$3:$G$7,3,FALSE)+VLOOKUP($A33,'Onsite Role Distribution'!$B$8:$G$12,3,FALSE) -> 4 | ... AA33: =VLOOKUP($A33,'Onsite Role Distribution'!$B$3:$G$7,3,FALSE)+VLOOKUP($A33,'Onsite Role Distribution'!$B$8:$G$12,3,FALSE) -> 4 | AB33: =VLOOKUP($A33,'Onsite Role Distribution'!$B$3:$G$7,4,FALSE)+VLOOKUP($A33,'Onsite Role Distribution'!$B$8:$G$12,4,FALSE) -> 2 | AC33: =VLOOKUP($A33,'Onsite Role Distribution'!$B$3:$G$7,4,FALSE)+VLOOKUP($A33,'Onsite Role Distribution'!$B$8:$G$12,4,FALSE) -> 2 | AD33: =VLOOKUP($A33,'Onsite Role Distribution'!$B$3:$G$7,4,FALSE)+VLOOKUP($A33,'Onsite Role Distribution'!$B$8:$G$12,4,FALSE) -> 2 | AE33: =VLOOKUP($A33,'Onsite Role Distribution'!$B$3:$G$7,4,FALSE)+VLOOKUP($A33,'Onsite Role Distribution'!$B$8:$G$12,4,FALSE) -> 2 | AF33: =VLOOKUP($A33,'Onsite Role Distribution'!$B$3:$G$7,4,FALSE)+VLOOKUP($A33,'Onsite Role Distribution'!$B$8:$G$12,4,FALSE) -> 2 | AG33: =VLOOKUP($A33,'Onsite Role Distribution'!$B$3:$G$7,4,FALSE)+VLOOKUP($A33,'Onsite Role Distribution'!$B$8:$G$12,4,FALSE) -> 2 | AH33: =VLOOKUP($A33,'Onsite Role Distribution'!$B$3:$G$7,4,FALSE)+VLOOKUP($A33,'Onsite Role Distribution'!$B$8:$G$12,4,FALSE) -> 2 | AI33: =VLOOKUP($A33,'Onsite Role Distribution'!$B$3:$G$7,4,FALSE)+VLOOKUP($A33,'Onsite Role Distribution'!$B$8:$G$12,4,FALSE) -> 2 | ... AM33: =VLOOKUP($A33,'Onsite Role Distribution'!$B$3:$G$7,4,FALSE)+VLOOKUP($A33,'Onsite Role Distribution'!$B$8:$G$12,4,FALSE) -> 2 | AN33: =VLOOKUP($A33,'Onsite Role Distribution'!$B$3:$G$7,5,FALSE)+VLOOKUP($A33,'Onsite Role Distribution'!$B$8:$G$12,5,FALSE) -> 2 | AO33: =VLOOKUP($A33,'Onsite Role Distribution'!$B$3:$G$7,5,FALSE)+VLOOKUP($A33,'Onsite Role Distribution'!$B$8:$G$12,5,FALSE) -> 2 | AP33: =VLOOKUP($A33,'Onsite Role Distribution'!$B$3:$G$7,5,FALSE)+VLOOKUP($A33,'Onsite Role Distribution'!$B$8:$G$12,5,FALSE) -> 2 | AQ33: =VLOOKUP($A33,'Onsite Role Distribution'!$B$3:$G$7,5,FALSE)+VLOOKUP($A33,'Onsite Role Distribution'!$B$8:$G$12,5,FALSE) -> 2 | AR33: =VLOOKUP($A33,'Onsite Role Distribution'!$B$3:$G$7,5,FALSE)+VLOOKUP($A33,'Onsite Role Distribution'!$B$8:$G$12,5,FALSE) -> 2 | AS33: =VLOOKUP($A33,'Onsite Role Distribution'!$B$3:$G$7,5,FALSE)+VLOOKUP($A33,'Onsite Role Distribution'!$B$8:$G$12,5,FALSE) -> 2 | AT33: =VLOOKUP($A33,'Onsite Role Distribution'!$B$3:$G$7,5,FALSE)+VLOOKUP($A33,'Onsite Role Distribution'!$B$8:$G$12,5,FALSE) -> 2 | AU33: =VLOOKUP($A33,'Onsite Role Distribution'!$B$3:$G$7,5,FALSE)+VLOOKUP($A33,'Onsite Role Distribution'!$B$8:$G$12,5,FALSE) -> 2 | ... AY33: =VLOOKUP($A33,'Onsite Role Distribution'!$B$3:$G$7,5,FALSE)+VLOOKUP($A33,'Onsite Role Distribution'!$B$8:$G$12,5,FALSE) -> 2 | AZ33: 1 | BA33: 1 | BB33: 1 | BC33: 1 | BD33: 1 | BE33: 1 | BF33: 1 | BG33: 1 | BH33: 1 | BI33: 1 | BJ33: 1 | BK33: 1
A34: Tester | B34: Onsite | C34: =A34&B34 -> TesterOnsite | D34: =VLOOKUP($A34,'Onsite Role Distribution'!$B$3:$G$7,2,FALSE)+VLOOKUP($A34,'Onsite Role Distribution'!$B$8:$G$12,2,FALSE) -> 1 | E34: =VLOOKUP($A34,'Onsite Role Distribution'!$B$3:$G$7,2,FALSE)+VLOOKUP($A34,'Onsite Role Distribution'!$B$8:$G$12,2,FALSE) -> 1 | F34: =VLOOKUP($A34,'Onsite Role Distribution'!$B$3:$G$7,2,FALSE)+VLOOKUP($A34,'Onsite Role Distribution'!$B$8:$G$12,2,FALSE) -> 1 | G34: =VLOOKUP($A34,'Onsite Role Distribution'!$B$3:$G$7,2,FALSE)+VLOOKUP($A34,'Onsite Role Distribution'!$B$8:$G$12,2,FALSE) -> 1 | H34: =VLOOKUP($A34,'Onsite Role Distribution'!$B$3:$G$7,2,FALSE)+VLOOKUP($A34,'Onsite Role Distribution'!$B$8:$G$12,2,FALSE) -> 1 | I34: =VLOOKUP($A34,'Onsite Role Distribution'!$B$3:$G$7,2,FALSE)+VLOOKUP($A34,'Onsite Role Distribution'!$B$8:$G$12,2,FALSE) -> 1 | J34: =VLOOKUP($A34,'Onsite Role Distribution'!$B$3:$G$7,2,FALSE)+VLOOKUP($A34,'Onsite Role Distribution'!$B$8:$G$12,2,FALSE) -> 1 | K34: =VLOOKUP($A34,'Onsite Role Distribution'!$B$3:$G$7,2,FALSE)+VLOOKUP($A34,'Onsite Role Distribution'!$B$8:$G$12,2,FALSE) -> 1 | ... O34: =VLOOKUP($A34,'Onsite Role Distribution'!$B$3:$G$7,2,FALSE)+VLOOKUP($A34,'Onsite Role Distribution'!$B$8:$G$12,2,FALSE) -> 1 | P34: =VLOOKUP($A34,'Onsite Role Distribution'!$B$3:$G$7,3,FALSE)+VLOOKUP($A34,'Onsite Role Distribution'!$B$8:$G$12,3,FALSE) -> 1 | Q34: =VLOOKUP($A34,'Onsite Role Distribution'!$B$3:$G$7,3,FALSE)+VLOOKUP($A34,'Onsite Role Distribution'!$B$8:$G$12,3,FALSE) -> 1 | R34: =VLOOKUP($A34,'Onsite Role Distribution'!$B$3:$G$7,3,FALSE)+VLOOKUP($A34,'Onsite Role Distribution'!$B$8:$G$12,3,FALSE) -> 1 | S34: =VLOOKUP($A34,'Onsite Role Distribution'!$B$3:$G$7,3,FALSE)+VLOOKUP($A34,'Onsite Role Distribution'!$B$8:$G$12,3,FALSE) -> 1 | T34: =VLOOKUP($A34,'Onsite Role Distribution'!$B$3:$G$7,3,FALSE)+VLOOKUP($A34,'Onsite Role Distribution'!$B$8:$G$12,3,FALSE) -> 1 | U34: =VLOOKUP($A34,'Onsite Role Distribution'!$B$3:$G$7,3,FALSE)+VLOOKUP($A34,'Onsite Role Distribution'!$B$8:$G$12,3,FALSE) -> 1 | V34: =VLOOKUP($A34,'Onsite Role Distribution'!$B$3:$G$7,3,FALSE)+VLOOKUP($A34,'Onsite Role Distribution'!$B$8:$G$12,3,FALSE) -> 1 | W34: =VLOOKUP($A34,'Onsite Role Distribution'!$B$3:$G$7,3,FALSE)+VLOOKUP($A34,'Onsite Role Distribution'!$B$8:$G$12,3,FALSE) -> 1 | ... AA34: =VLOOKUP($A34,'Onsite Role Distribution'!$B$3:$G$7,3,FALSE)+VLOOKUP($A34,'Onsite Role Distribution'!$B$8:$G$12,3,FALSE) -> 1 | AB34: =VLOOKUP($A34,'Onsite Role Distribution'!$B$3:$G$7,4,FALSE)+VLOOKUP($A34,'Onsite Role Distribution'!$B$8:$G$12,4,FALSE) -> 0 | AC34: =VLOOKUP($A34,'Onsite Role Distribution'!$B$3:$G$7,4,FALSE)+VLOOKUP($A34,'Onsite Role Distribution'!$B$8:$G$12,4,FALSE) -> 0 | AD34: =VLOOKUP($A34,'Onsite Role Distribution'!$B$3:$G$7,4,FALSE)+VLOOKUP($A34,'Onsite Role Distribution'!$B$8:$G$12,4,FALSE) -> 0 | AE34: =VLOOKUP($A34,'Onsite Role Distribution'!$B$3:$G$7,4,FALSE)+VLOOKUP($A34,'Onsite Role Distribution'!$B$8:$G$12,4,FALSE) -> 0 | AF34: =VLOOKUP($A34,'Onsite Role Distribution'!$B$3:$G$7,4,FALSE)+VLOOKUP($A34,'Onsite Role Distribution'!$B$8:$G$12,4,FALSE) -> 0 | AG34: =VLOOKUP($A34,'Onsite Role Distribution'!$B$3:$G$7,4,FALSE)+VLOOKUP($A34,'Onsite Role Distribution'!$B$8:$G$12,4,FALSE) -> 0 | AH34: =VLOOKUP($A34,'Onsite Role Distribution'!$B$3:$G$7,4,FALSE)+VLOOKUP($A34,'Onsite Role Distribution'!$B$8:$G$12,4,FALSE) -> 0 | AI34: =VLOOKUP($A34,'Onsite Role Distribution'!$B$3:$G$7,4,FALSE)+VLOOKUP($A34,'Onsite Role Distribution'!$B$8:$G$12,4,FALSE) -> 0 | ... AM34: =VLOOKUP($A34,'Onsite Role Distribution'!$B$3:$G$7,4,FALSE)+VLOOKUP($A34,'Onsite Role Distribution'!$B$8:$G$12,4,FALSE) -> 0 | AN34: =VLOOKUP($A34,'Onsite Role Distribution'!$B$3:$G$7,5,FALSE)+VLOOKUP($A34,'Onsite Role Distribution'!$B$8:$G$12,5,FALSE) -> 0 | AO34: =VLOOKUP($A34,'Onsite Role Distribution'!$B$3:$G$7,5,FALSE)+VLOOKUP($A34,'Onsite Role Distribution'!$B$8:$G$12,5,FALSE) -> 0 | AP34: =VLOOKUP($A34,'Onsite Role Distribution'!$B$3:$G$7,5,FALSE)+VLOOKUP($A34,'Onsite Role Distribution'!$B$8:$G$12,5,FALSE) -> 0 | AQ34: =VLOOKUP($A34,'Onsite Role Distribution'!$B$3:$G$7,5,FALSE)+VLOOKUP($A34,'Onsite Role Distribution'!$B$8:$G$12,5,FALSE) -> 0 | AR34: =VLOOKUP($A34,'Onsite Role Distribution'!$B$3:$G$7,5,FALSE)+VLOOKUP($A34,'Onsite Role Distribution'!$B$8:$G$12,5,FALSE) -> 0 | AS34: =VLOOKUP($A34,'Onsite Role Distribution'!$B$3:$G$7,5,FALSE)+VLOOKUP($A34,'Onsite Role Distribution'!$B$8:$G$12,5,FALSE) -> 0 | AT34: =VLOOKUP($A34,'Onsite Role Distribution'!$B$3:$G$7,5,FALSE)+VLOOKUP($A34,'Onsite Role Distribution'!$B$8:$G$12,5,FALSE) -> 0 | AU34: =VLOOKUP($A34,'Onsite Role Distribution'!$B$3:$G$7,5,FALSE)+VLOOKUP($A34,'Onsite Role Distribution'!$B$8:$G$12,5,FALSE) -> 0 | ... AY34: =VLOOKUP($A34,'Onsite Role Distribution'!$B$3:$G$7,5,FALSE)+VLOOKUP($A34,'Onsite Role Distribution'!$B$8:$G$12,5,FALSE) -> 0 | AZ34: 0 | BA34: =VLOOKUP($A34,'Onsite Role Distribution'!$B$3:$G$7,6,FALSE)+VLOOKUP($A34,'Onsite Role Distribution'!$B$8:$G$12,6,FALSE) -> 0 | BB34: =VLOOKUP($A34,'Onsite Role Distribution'!$B$3:$G$7,6,FALSE)+VLOOKUP($A34,'Onsite Role Distribution'!$B$8:$G$12,6,FALSE) -> 0 | BC34: =VLOOKUP($A34,'Onsite Role Distribution'!$B$3:$G$7,6,FALSE)+VLOOKUP($A34,'Onsite Role Distribution'!$B$8:$G$12,6,FALSE) -> 0 | BD34: =VLOOKUP($A34,'Onsite Role Distribution'!$B$3:$G$7,6,FALSE)+VLOOKUP($A34,'Onsite Role Distribution'!$B$8:$G$12,6,FALSE) -> 0 | BE34: =VLOOKUP($A34,'Onsite Role Distribution'!$B$3:$G$7,6,FALSE)+VLOOKUP($A34,'Onsite Role Distribution'!$B$8:$G$12,6,FALSE) -> 0 | BF34: =VLOOKUP($A34,'Onsite Role Distribution'!$B$3:$G$7,6,FALSE)+VLOOKUP($A34,'Onsite Role Distribution'!$B$8:$G$12,6,FALSE) -> 0 | BG34: =VLOOKUP($A34,'Onsite Role Distribution'!$B$3:$G$7,6,FALSE)+VLOOKUP($A34,'Onsite Role Distribution'!$B$8:$G$12,6,FALSE) -> 0 | BH34: =VLOOKUP($A34,'Onsite Role Distribution'!$B$3:$G$7,6,FALSE)+VLOOKUP($A34,'Onsite Role Distribution'!$B$8:$G$12,6,FALSE) -> 0 | ... BK34: =VLOOKUP($A34,'Onsite Role Distribution'!$B$3:$G$7,6,FALSE)+VLOOKUP($A34,'Onsite Role Distribution'!$B$8:$G$12,6,FALSE) -> 0
A35: PM | B35: Onsite | C35: =A35&B35 -> PMOnsite | D35: =VLOOKUP($A35,'Onsite Role Distribution'!$B$3:$G$7,2,FALSE)+VLOOKUP($A35,'Onsite Role Distribution'!$B$8:$G$12,2,FALSE) -> 0 | E35: =VLOOKUP($A35,'Onsite Role Distribution'!$B$3:$G$7,2,FALSE)+VLOOKUP($A35,'Onsite Role Distribution'!$B$8:$G$12,2,FALSE) -> 0 | F35: =VLOOKUP($A35,'Onsite Role Distribution'!$B$3:$G$7,2,FALSE)+VLOOKUP($A35,'Onsite Role Distribution'!$B$8:$G$12,2,FALSE) -> 0 | G35: =VLOOKUP($A35,'Onsite Role Distribution'!$B$3:$G$7,2,FALSE)+VLOOKUP($A35,'Onsite Role Distribution'!$B$8:$G$12,2,FALSE) -> 0 | H35: =VLOOKUP($A35,'Onsite Role Distribution'!$B$3:$G$7,2,FALSE)+VLOOKUP($A35,'Onsite Role Distribution'!$B$8:$G$12,2,FALSE) -> 0 | I35: =VLOOKUP($A35,'Onsite Role Distribution'!$B$3:$G$7,2,FALSE)+VLOOKUP($A35,'Onsite Role Distribution'!$B$8:$G$12,2,FALSE) -> 0 | J35: =VLOOKUP($A35,'Onsite Role Distribution'!$B$3:$G$7,2,FALSE)+VLOOKUP($A35,'Onsite Role Distribution'!$B$8:$G$12,2,FALSE) -> 0 | K35: =VLOOKUP($A35,'Onsite Role Distribution'!$B$3:$G$7,2,FALSE)+VLOOKUP($A35,'Onsite Role Distribution'!$B$8:$G$12,2,FALSE) -> 0 | ... O35: =VLOOKUP($A35,'Onsite Role Distribution'!$B$3:$G$7,2,FALSE)+VLOOKUP($A35,'Onsite Role Distribution'!$B$8:$G$12,2,FALSE) -> 0 | P35: =VLOOKUP($A35,'Onsite Role Distribution'!$B$3:$G$7,3,FALSE)+VLOOKUP($A35,'Onsite Role Distribution'!$B$8:$G$12,3,FALSE) -> 0 | Q35: =VLOOKUP($A35,'Onsite Role Distribution'!$B$3:$G$7,3,FALSE)+VLOOKUP($A35,'Onsite Role Distribution'!$B$8:$G$12,3,FALSE) -> 0 | R35: =VLOOKUP($A35,'Onsite Role Distribution'!$B$3:$G$7,3,FALSE)+VLOOKUP($A35,'Onsite Role Distribution'!$B$8:$G$12,3,FALSE) -> 0 | S35: =VLOOKUP($A35,'Onsite Role Distribution'!$B$3:$G$7,3,FALSE)+VLOOKUP($A35,'Onsite Role Distribution'!$B$8:$G$12,3,FALSE) -> 0 | T35: =VLOOKUP($A35,'Onsite Role Distribution'!$B$3:$G$7,3,FALSE)+VLOOKUP($A35,'Onsite Role Distribution'!$B$8:$G$12,3,FALSE) -> 0 | U35: =VLOOKUP($A35,'Onsite Role Distribution'!$B$3:$G$7,3,FALSE)+VLOOKUP($A35,'Onsite Role Distribution'!$B$8:$G$12,3,FALSE) -> 0 | V35: =VLOOKUP($A35,'Onsite Role Distribution'!$B$3:$G$7,3,FALSE)+VLOOKUP($A35,'Onsite Role Distribution'!$B$8:$G$12,3,FALSE) -> 0 | W35: =VLOOKUP($A35,'Onsite Role Distribution'!$B$3:$G$7,3,FALSE)+VLOOKUP($A35,'Onsite Role Distribution'!$B$8:$G$12,3,FALSE) -> 0 | ... AA35: =VLOOKUP($A35,'Onsite Role Distribution'!$B$3:$G$7,3,FALSE)+VLOOKUP($A35,'Onsite Role Distribution'!$B$8:$G$12,3,FALSE) -> 0 | AB35: =VLOOKUP($A35,'Onsite Role Distribution'!$B$3:$G$7,4,FALSE)+VLOOKUP($A35,'Onsite Role Distribution'!$B$8:$G$12,4,FALSE) -> 0 | AC35: =VLOOKUP($A35,'Onsite Role Distribution'!$B$3:$G$7,4,FALSE)+VLOOKUP($A35,'Onsite Role Distribution'!$B$8:$G$12,4,FALSE) -> 0 | AD35: =VLOOKUP($A35,'Onsite Role Distribution'!$B$3:$G$7,4,FALSE)+VLOOKUP($A35,'Onsite Role Distribution'!$B$8:$G$12,4,FALSE) -> 0 | AE35: =VLOOKUP($A35,'Onsite Role Distribution'!$B$3:$G$7,4,FALSE)+VLOOKUP($A35,'Onsite Role Distribution'!$B$8:$G$12,4,FALSE) -> 0 | AF35: =VLOOKUP($A35,'Onsite Role Distribution'!$B$3:$G$7,4,FALSE)+VLOOKUP($A35,'Onsite Role Distribution'!$B$8:$G$12,4,FALSE) -> 0 | AG35: =VLOOKUP($A35,'Onsite Role Distribution'!$B$3:$G$7,4,FALSE)+VLOOKUP($A35,'Onsite Role Distribution'!$B$8:$G$12,4,FALSE) -> 0 | AH35: =VLOOKUP($A35,'Onsite Role Distribution'!$B$3:$G$7,4,FALSE)+VLOOKUP($A35,'Onsite Role Distribution'!$B$8:$G$12,4,FALSE) -> 0 | AI35: =VLOOKUP($A35,'Onsite Role Distribution'!$B$3:$G$7,4,FALSE)+VLOOKUP($A35,'Onsite Role Distribution'!$B$8:$G$12,4,FALSE) -> 0 | ... AM35: =VLOOKUP($A35,'Onsite Role Distribution'!$B$3:$G$7,4,FALSE)+VLOOKUP($A35,'Onsite Role Distribution'!$B$8:$G$12,4,FALSE) -> 0 | AN35: =VLOOKUP($A35,'Onsite Role Distribution'!$B$3:$G$7,5,FALSE)+VLOOKUP($A35,'Onsite Role Distribution'!$B$8:$G$12,5,FALSE) -> 0 | AO35: =VLOOKUP($A35,'Onsite Role Distribution'!$B$3:$G$7,5,FALSE)+VLOOKUP($A35,'Onsite Role Distribution'!$B$8:$G$12,5,FALSE) -> 0 | AP35: =VLOOKUP($A35,'Onsite Role Distribution'!$B$3:$G$7,5,FALSE)+VLOOKUP($A35,'Onsite Role Distribution'!$B$8:$G$12,5,FALSE) -> 0 | AQ35: =VLOOKUP($A35,'Onsite Role Distribution'!$B$3:$G$7,5,FALSE)+VLOOKUP($A35,'Onsite Role Distribution'!$B$8:$G$12,5,FALSE) -> 0 | AR35: =VLOOKUP($A35,'Onsite Role Distribution'!$B$3:$G$7,5,FALSE)+VLOOKUP($A35,'Onsite Role Distribution'!$B$8:$G$12,5,FALSE) -> 0 | AS35: =VLOOKUP($A35,'Onsite Role Distribution'!$B$3:$G$7,5,FALSE)+VLOOKUP($A35,'Onsite Role Distribution'!$B$8:$G$12,5,FALSE) -> 0 | AT35: =VLOOKUP($A35,'Onsite Role Distribution'!$B$3:$G$7,5,FALSE)+VLOOKUP($A35,'Onsite Role Distribution'!$B$8:$G$12,5,FALSE) -> 0 | AU35: =VLOOKUP($A35,'Onsite Role Distribution'!$B$3:$G$7,5,FALSE)+VLOOKUP($A35,'Onsite Role Distribution'!$B$8:$G$12,5,FALSE) -> 0 | ... AY35: =VLOOKUP($A35,'Onsite Role Distribution'!$B$3:$G$7,5,FALSE)+VLOOKUP($A35,'Onsite Role Distribution'!$B$8:$G$12,5,FALSE) -> 0 | AZ35: 0 | BA35: =VLOOKUP($A35,'Onsite Role Distribution'!$B$3:$G$7,6,FALSE)+VLOOKUP($A35,'Onsite Role Distribution'!$B$8:$G$12,6,FALSE) -> 0 | BB35: =VLOOKUP($A35,'Onsite Role Distribution'!$B$3:$G$7,6,FALSE)+VLOOKUP($A35,'Onsite Role Distribution'!$B$8:$G$12,6,FALSE) -> 0 | BC35: =VLOOKUP($A35,'Onsite Role Distribution'!$B$3:$G$7,6,FALSE)+VLOOKUP($A35,'Onsite Role Distribution'!$B$8:$G$12,6,FALSE) -> 0 | BD35: =VLOOKUP($A35,'Onsite Role Distribution'!$B$3:$G$7,6,FALSE)+VLOOKUP($A35,'Onsite Role Distribution'!$B$8:$G$12,6,FALSE) -> 0 | BE35: =VLOOKUP($A35,'Onsite Role Distribution'!$B$3:$G$7,6,FALSE)+VLOOKUP($A35,'Onsite Role Distribution'!$B$8:$G$12,6,FALSE) -> 0 | BF35: =VLOOKUP($A35,'Onsite Role Distribution'!$B$3:$G$7,6,FALSE)+VLOOKUP($A35,'Onsite Role Distribution'!$B$8:$G$12,6,FALSE) -> 0 | BG35: =VLOOKUP($A35,'Onsite Role Distribution'!$B$3:$G$7,6,FALSE)+VLOOKUP($A35,'Onsite Role Distribution'!$B$8:$G$12,6,FALSE) -> 0 | BH35: =VLOOKUP($A35,'Onsite Role Distribution'!$B$3:$G$7,6,FALSE)+VLOOKUP($A35,'Onsite Role Distribution'!$B$8:$G$12,6,FALSE) -> 0 | ... BK35: =VLOOKUP($A35,'Onsite Role Distribution'!$B$3:$G$7,6,FALSE)+VLOOKUP($A35,'Onsite Role Distribution'!$B$8:$G$12,6,FALSE) -> 0
A36: Lead | B36: Onsite | C36: =A36&B36 -> LeadOnsite | D36: =VLOOKUP($A36,'Onsite Role Distribution'!$B$3:$G$7,2,FALSE)+VLOOKUP($A36,'Onsite Role Distribution'!$B$8:$G$12,2,FALSE) -> 1 | E36: =VLOOKUP($A36,'Onsite Role Distribution'!$B$3:$G$7,2,FALSE)+VLOOKUP($A36,'Onsite Role Distribution'!$B$8:$G$12,2,FALSE) -> 1 | F36: =VLOOKUP($A36,'Onsite Role Distribution'!$B$3:$G$7,2,FALSE)+VLOOKUP($A36,'Onsite Role Distribution'!$B$8:$G$12,2,FALSE) -> 1 | G36: =VLOOKUP($A36,'Onsite Role Distribution'!$B$3:$G$7,2,FALSE)+VLOOKUP($A36,'Onsite Role Distribution'!$B$8:$G$12,2,FALSE) -> 1 | H36: =VLOOKUP($A36,'Onsite Role Distribution'!$B$3:$G$7,2,FALSE)+VLOOKUP($A36,'Onsite Role Distribution'!$B$8:$G$12,2,FALSE) -> 1 | I36: =VLOOKUP($A36,'Onsite Role Distribution'!$B$3:$G$7,2,FALSE)+VLOOKUP($A36,'Onsite Role Distribution'!$B$8:$G$12,2,FALSE) -> 1 | J36: =VLOOKUP($A36,'Onsite Role Distribution'!$B$3:$G$7,2,FALSE)+VLOOKUP($A36,'Onsite Role Distribution'!$B$8:$G$12,2,FALSE) -> 1 | K36: =VLOOKUP($A36,'Onsite Role Distribution'!$B$3:$G$7,2,FALSE)+VLOOKUP($A36,'Onsite Role Distribution'!$B$8:$G$12,2,FALSE) -> 1 | ... O36: =VLOOKUP($A36,'Onsite Role Distribution'!$B$3:$G$7,2,FALSE)+VLOOKUP($A36,'Onsite Role Distribution'!$B$8:$G$12,2,FALSE) -> 1 | P36: =VLOOKUP($A36,'Onsite Role Distribution'!$B$3:$G$7,3,FALSE)+VLOOKUP($A36,'Onsite Role Distribution'!$B$8:$G$12,3,FALSE) -> 1 | Q36: =VLOOKUP($A36,'Onsite Role Distribution'!$B$3:$G$7,3,FALSE)+VLOOKUP($A36,'Onsite Role Distribution'!$B$8:$G$12,3,FALSE) -> 1 | R36: =VLOOKUP($A36,'Onsite Role Distribution'!$B$3:$G$7,3,FALSE)+VLOOKUP($A36,'Onsite Role Distribution'!$B$8:$G$12,3,FALSE) -> 1 | S36: =VLOOKUP($A36,'Onsite Role Distribution'!$B$3:$G$7,3,FALSE)+VLOOKUP($A36,'Onsite Role Distribution'!$B$8:$G$12,3,FALSE) -> 1 | T36: =VLOOKUP($A36,'Onsite Role Distribution'!$B$3:$G$7,3,FALSE)+VLOOKUP($A36,'Onsite Role Distribution'!$B$8:$G$12,3,FALSE) -> 1 | U36: =VLOOKUP($A36,'Onsite Role Distribution'!$B$3:$G$7,3,FALSE)+VLOOKUP($A36,'Onsite Role Distribution'!$B$8:$G$12,3,FALSE) -> 1 | V36: =VLOOKUP($A36,'Onsite Role Distribution'!$B$3:$G$7,3,FALSE)+VLOOKUP($A36,'Onsite Role Distribution'!$B$8:$G$12,3,FALSE) -> 1 | W36: =VLOOKUP($A36,'Onsite Role Distribution'!$B$3:$G$7,3,FALSE)+VLOOKUP($A36,'Onsite Role Distribution'!$B$8:$G$12,3,FALSE) -> 1 | ... AA36: =VLOOKUP($A36,'Onsite Role Distribution'!$B$3:$G$7,3,FALSE)+VLOOKUP($A36,'Onsite Role Distribution'!$B$8:$G$12,3,FALSE) -> 1 | AB36: =VLOOKUP($A36,'Onsite Role Distribution'!$B$3:$G$7,4,FALSE)+VLOOKUP($A36,'Onsite Role Distribution'!$B$8:$G$12,4,FALSE) -> 0 | AC36: =VLOOKUP($A36,'Onsite Role Distribution'!$B$3:$G$7,4,FALSE)+VLOOKUP($A36,'Onsite Role Distribution'!$B$8:$G$12,4,FALSE) -> 0 | AD36: =VLOOKUP($A36,'Onsite Role Distribution'!$B$3:$G$7,4,FALSE)+VLOOKUP($A36,'Onsite Role Distribution'!$B$8:$G$12,4,FALSE) -> 0 | AE36: =VLOOKUP($A36,'Onsite Role Distribution'!$B$3:$G$7,4,FALSE)+VLOOKUP($A36,'Onsite Role Distribution'!$B$8:$G$12,4,FALSE) -> 0 | AF36: =VLOOKUP($A36,'Onsite Role Distribution'!$B$3:$G$7,4,FALSE)+VLOOKUP($A36,'Onsite Role Distribution'!$B$8:$G$12,4,FALSE) -> 0 | AG36: =VLOOKUP($A36,'Onsite Role Distribution'!$B$3:$G$7,4,FALSE)+VLOOKUP($A36,'Onsite Role Distribution'!$B$8:$G$12,4,FALSE) -> 0 | AH36: =VLOOKUP($A36,'Onsite Role Distribution'!$B$3:$G$7,4,FALSE)+VLOOKUP($A36,'Onsite Role Distribution'!$B$8:$G$12,4,FALSE) -> 0 | AI36: =VLOOKUP($A36,'Onsite Role Distribution'!$B$3:$G$7,4,FALSE)+VLOOKUP($A36,'Onsite Role Distribution'!$B$8:$G$12,4,FALSE) -> 0 | ... AM36: =VLOOKUP($A36,'Onsite Role Distribution'!$B$3:$G$7,4,FALSE)+VLOOKUP($A36,'Onsite Role Distribution'!$B$8:$G$12,4,FALSE) -> 0 | AN36: =VLOOKUP($A36,'Onsite Role Distribution'!$B$3:$G$7,5,FALSE)+VLOOKUP($A36,'Onsite Role Distribution'!$B$8:$G$12,5,FALSE) -> 0 | AO36: =VLOOKUP($A36,'Onsite Role Distribution'!$B$3:$G$7,5,FALSE)+VLOOKUP($A36,'Onsite Role Distribution'!$B$8:$G$12,5,FALSE) -> 0 | AP36: =VLOOKUP($A36,'Onsite Role Distribution'!$B$3:$G$7,5,FALSE)+VLOOKUP($A36,'Onsite Role Distribution'!$B$8:$G$12,5,FALSE) -> 0 | AQ36: =VLOOKUP($A36,'Onsite Role Distribution'!$B$3:$G$7,5,FALSE)+VLOOKUP($A36,'Onsite Role Distribution'!$B$8:$G$12,5,FALSE) -> 0 | AR36: =VLOOKUP($A36,'Onsite Role Distribution'!$B$3:$G$7,5,FALSE)+VLOOKUP($A36,'Onsite Role Distribution'!$B$8:$G$12,5,FALSE) -> 0 | AS36: =VLOOKUP($A36,'Onsite Role Distribution'!$B$3:$G$7,5,FALSE)+VLOOKUP($A36,'Onsite Role Distribution'!$B$8:$G$12,5,FALSE) -> 0 | AT36: =VLOOKUP($A36,'Onsite Role Distribution'!$B$3:$G$7,5,FALSE)+VLOOKUP($A36,'Onsite Role Distribution'!$B$8:$G$12,5,FALSE) -> 0 | AU36: =VLOOKUP($A36,'Onsite Role Distribution'!$B$3:$G$7,5,FALSE)+VLOOKUP($A36,'Onsite Role Distribution'!$B$8:$G$12,5,FALSE) -> 0 | ... AY36: =VLOOKUP($A36,'Onsite Role Distribution'!$B$3:$G$7,5,FALSE)+VLOOKUP($A36,'Onsite Role Distribution'!$B$8:$G$12,5,FALSE) -> 0 | AZ36: 0 | BA36: =VLOOKUP($A36,'Onsite Role Distribution'!$B$3:$G$7,6,FALSE)+VLOOKUP($A36,'Onsite Role Distribution'!$B$8:$G$12,6,FALSE) -> 0 | BB36: =VLOOKUP($A36,'Onsite Role Distribution'!$B$3:$G$7,6,FALSE)+VLOOKUP($A36,'Onsite Role Distribution'!$B$8:$G$12,6,FALSE) -> 0 | BC36: =VLOOKUP($A36,'Onsite Role Distribution'!$B$3:$G$7,6,FALSE)+VLOOKUP($A36,'Onsite Role Distribution'!$B$8:$G$12,6,FALSE) -> 0 | BD36: =VLOOKUP($A36,'Onsite Role Distribution'!$B$3:$G$7,6,FALSE)+VLOOKUP($A36,'Onsite Role Distribution'!$B$8:$G$12,6,FALSE) -> 0 | BE36: =VLOOKUP($A36,'Onsite Role Distribution'!$B$3:$G$7,6,FALSE)+VLOOKUP($A36,'Onsite Role Distribution'!$B$8:$G$12,6,FALSE) -> 0 | BF36: =VLOOKUP($A36,'Onsite Role Distribution'!$B$3:$G$7,6,FALSE)+VLOOKUP($A36,'Onsite Role Distribution'!$B$8:$G$12,6,FALSE) -> 0 | BG36: =VLOOKUP($A36,'Onsite Role Distribution'!$B$3:$G$7,6,FALSE)+VLOOKUP($A36,'Onsite Role Distribution'!$B$8:$G$12,6,FALSE) -> 0 | BH36: =VLOOKUP($A36,'Onsite Role Distribution'!$B$3:$G$7,6,FALSE)+VLOOKUP($A36,'Onsite Role Distribution'!$B$8:$G$12,6,FALSE) -> 0 | ... BK36: =VLOOKUP($A36,'Onsite Role Distribution'!$B$3:$G$7,6,FALSE)+VLOOKUP($A36,'Onsite Role Distribution'!$B$8:$G$12,6,FALSE) -> 0
A37: BSA | B37: Onsite-Landed | C37: =A37&B37 -> BSAOnsite-Landed | D37: =VLOOKUP($A37,'Onsite Role Distribution'!$B$13:$G$17,2,FALSE) -> 2 | E37: =VLOOKUP($A37,'Onsite Role Distribution'!$B$13:$G$17,2,FALSE) -> 2 | F37: =VLOOKUP($A37,'Onsite Role Distribution'!$B$13:$G$17,2,FALSE) -> 2 | G37: =VLOOKUP($A37,'Onsite Role Distribution'!$B$13:$G$17,2,FALSE) -> 2 | H37: =VLOOKUP($A37,'Onsite Role Distribution'!$B$13:$G$17,2,FALSE) -> 2 | I37: =VLOOKUP($A37,'Onsite Role Distribution'!$B$13:$G$17,2,FALSE) -> 2 | J37: =VLOOKUP($A37,'Onsite Role Distribution'!$B$13:$G$17,2,FALSE) -> 2 | K37: =VLOOKUP($A37,'Onsite Role Distribution'!$B$13:$G$17,2,FALSE) -> 2 | ... O37: =VLOOKUP($A37,'Onsite Role Distribution'!$B$13:$G$17,2,FALSE) -> 2 | P37: =VLOOKUP($A37,'Onsite Role Distribution'!$B$13:$G$17,3,FALSE) -> 1 | Q37: =VLOOKUP($A37,'Onsite Role Distribution'!$B$13:$G$17,3,FALSE) -> 1 | R37: =VLOOKUP($A37,'Onsite Role Distribution'!$B$13:$G$17,3,FALSE) -> 1 | S37: =VLOOKUP($A37,'Onsite Role Distribution'!$B$13:$G$17,3,FALSE) -> 1 | T37: =VLOOKUP($A37,'Onsite Role Distribution'!$B$13:$G$17,3,FALSE) -> 1 | U37: =VLOOKUP($A37,'Onsite Role Distribution'!$B$13:$G$17,3,FALSE) -> 1 | V37: =VLOOKUP($A37,'Onsite Role Distribution'!$B$13:$G$17,3,FALSE) -> 1 | W37: =VLOOKUP($A37,'Onsite Role Distribution'!$B$13:$G$17,3,FALSE) -> 1 | ... AA37: =VLOOKUP($A37,'Onsite Role Distribution'!$B$13:$G$17,3,FALSE) -> 1 | AB37: =VLOOKUP($A37,'Onsite Role Distribution'!$B$13:$G$17,4,FALSE) -> 0 | AC37: =VLOOKUP($A37,'Onsite Role Distribution'!$B$13:$G$17,4,FALSE) -> 0 | AD37: =VLOOKUP($A37,'Onsite Role Distribution'!$B$13:$G$17,4,FALSE) -> 0 | AE37: =VLOOKUP($A37,'Onsite Role Distribution'!$B$13:$G$17,4,FALSE) -> 0 | AF37: =VLOOKUP($A37,'Onsite Role Distribution'!$B$13:$G$17,4,FALSE) -> 0 | AG37: =VLOOKUP($A37,'Onsite Role Distribution'!$B$13:$G$17,4,FALSE) -> 0 | AH37: =VLOOKUP($A37,'Onsite Role Distribution'!$B$13:$G$17,4,FALSE) -> 0 | AI37: =VLOOKUP($A37,'Onsite Role Distribution'!$B$13:$G$17,4,FALSE) -> 0 | ... AM37: =VLOOKUP($A37,'Onsite Role Distribution'!$B$13:$G$17,4,FALSE) -> 0 | AN37: =VLOOKUP($A37,'Onsite Role Distribution'!$B$13:$G$17,5,FALSE) -> 0 | AO37: =VLOOKUP($A37,'Onsite Role Distribution'!$B$13:$G$17,5,FALSE) -> 0 | AP37: =VLOOKUP($A37,'Onsite Role Distribution'!$B$13:$G$17,5,FALSE) -> 0 | AQ37: =VLOOKUP($A37,'Onsite Role Distribution'!$B$13:$G$17,5,FALSE) -> 0 | AR37: =VLOOKUP($A37,'Onsite Role Distribution'!$B$13:$G$17,5,FALSE) -> 0 | AS37: =VLOOKUP($A37,'Onsite Role Distribution'!$B$13:$G$17,5,FALSE) -> 0 | AT37: =VLOOKUP($A37,'Onsite Role Distribution'!$B$13:$G$17,5,FALSE) -> 0 | AU37: =VLOOKUP($A37,'Onsite Role Distribution'!$B$13:$G$17,5,FALSE) -> 0 | ... AY37: =VLOOKUP($A37,'Onsite Role Distribution'!$B$13:$G$17,5,FALSE) -> 0 | AZ37: 0 | BA37: =VLOOKUP($A37,'Onsite Role Distribution'!$B$13:$G$17,6,FALSE) -> 0 | BB37: =VLOOKUP($A37,'Onsite Role Distribution'!$B$13:$G$17,6,FALSE) -> 0 | BC37: =VLOOKUP($A37,'Onsite Role Distribution'!$B$13:$G$17,6,FALSE) -> 0 | BD37: =VLOOKUP($A37,'Onsite Role Distribution'!$B$13:$G$17,6,FALSE) -> 0 | BE37: =VLOOKUP($A37,'Onsite Role Distribution'!$B$13:$G$17,6,FALSE) -> 0 | BF37: =VLOOKUP($A37,'Onsite Role Distribution'!$B$13:$G$17,6,FALSE) -> 0 | BG37: =VLOOKUP($A37,'Onsite Role Distribution'!$B$13:$G$17,6,FALSE) -> 0 | BH37: =VLOOKUP($A37,'Onsite Role Distribution'!$B$13:$G$17,6,FALSE) -> 0 | ... BK37: =VLOOKUP($A37,'Onsite Role Distribution'!$B$13:$G$17,6,FALSE) -> 0
A38: Dev | B38: Onsite-Landed | C38: =A38&B38 -> DevOnsite-Landed | D38: =VLOOKUP($A38,'Onsite Role Distribution'!$B$13:$G$17,2,FALSE) -> 2 | E38: =VLOOKUP($A38,'Onsite Role Distribution'!$B$13:$G$17,2,FALSE) -> 2 | F38: =VLOOKUP($A38,'Onsite Role Distribution'!$B$13:$G$17,2,FALSE) -> 2 | G38: =VLOOKUP($A38,'Onsite Role Distribution'!$B$13:$G$17,2,FALSE) -> 2 | H38: =VLOOKUP($A38,'Onsite Role Distribution'!$B$13:$G$17,2,FALSE) -> 2 | I38: =VLOOKUP($A38,'Onsite Role Distribution'!$B$13:$G$17,2,FALSE) -> 2 | J38: =VLOOKUP($A38,'Onsite Role Distribution'!$B$13:$G$17,2,FALSE) -> 2 | K38: =VLOOKUP($A38,'Onsite Role Distribution'!$B$13:$G$17,2,FALSE) -> 2 | ... O38: =VLOOKUP($A38,'Onsite Role Distribution'!$B$13:$G$17,2,FALSE) -> 2 | P38: =VLOOKUP($A38,'Onsite Role Distribution'!$B$13:$G$17,3,FALSE) -> 1 | Q38: =VLOOKUP($A38,'Onsite Role Distribution'!$B$13:$G$17,3,FALSE) -> 1 | R38: =VLOOKUP($A38,'Onsite Role Distribution'!$B$13:$G$17,3,FALSE) -> 1 | S38: =VLOOKUP($A38,'Onsite Role Distribution'!$B$13:$G$17,3,FALSE) -> 1 | T38: =VLOOKUP($A38,'Onsite Role Distribution'!$B$13:$G$17,3,FALSE) -> 1 | U38: =VLOOKUP($A38,'Onsite Role Distribution'!$B$13:$G$17,3,FALSE) -> 1 | V38: =VLOOKUP($A38,'Onsite Role Distribution'!$B$13:$G$17,3,FALSE) -> 1 | W38: =VLOOKUP($A38,'Onsite Role Distribution'!$B$13:$G$17,3,FALSE) -> 1 | ... AA38: =VLOOKUP($A38,'Onsite Role Distribution'!$B$13:$G$17,3,FALSE) -> 1 | AB38: =VLOOKUP($A38,'Onsite Role Distribution'!$B$13:$G$17,4,FALSE) -> 1 | AC38: =VLOOKUP($A38,'Onsite Role Distribution'!$B$13:$G$17,4,FALSE) -> 1 | AD38: =VLOOKUP($A38,'Onsite Role Distribution'!$B$13:$G$17,4,FALSE) -> 1 | AE38: =VLOOKUP($A38,'Onsite Role Distribution'!$B$13:$G$17,4,FALSE) -> 1 | AF38: =VLOOKUP($A38,'Onsite Role Distribution'!$B$13:$G$17,4,FALSE) -> 1 | AG38: =VLOOKUP($A38,'Onsite Role Distribution'!$B$13:$G$17,4,FALSE) -> 1 | AH38: =VLOOKUP($A38,'Onsite Role Distribution'!$B$13:$G$17,4,FALSE) -> 1 | AI38: =VLOOKUP($A38,'Onsite Role Distribution'!$B$13:$G$17,4,FALSE) -> 1 | ... AM38: =VLOOKUP($A38,'Onsite Role Distribution'!$B$13:$G$17,4,FALSE) -> 1 | AN38: =VLOOKUP($A38,'Onsite Role Distribution'!$B$13:$G$17,5,FALSE) -> 1 | AO38: =VLOOKUP($A38,'Onsite Role Distribution'!$B$13:$G$17,5,FALSE) -> 1 | AP38: =VLOOKUP($A38,'Onsite Role Distribution'!$B$13:$G$17,5,FALSE) -> 1 | AQ38: =VLOOKUP($A38,'Onsite Role Distribution'!$B$13:$G$17,5,FALSE) -> 1 | AR38: =VLOOKUP($A38,'Onsite Role Distribution'!$B$13:$G$17,5,FALSE) -> 1 | AS38: =VLOOKUP($A38,'Onsite Role Distribution'!$B$13:$G$17,5,FALSE) -> 1 | AT38: =VLOOKUP($A38,'Onsite Role Distribution'!$B$13:$G$17,5,FALSE) -> 1 | AU38: =VLOOKUP($A38,'Onsite Role Distribution'!$B$13:$G$17,5,FALSE) -> 1 | ... AY38: =VLOOKUP($A38,'Onsite Role Distribution'!$B$13:$G$17,5,FALSE) -> 1 | AZ38: 1 | BA38: =VLOOKUP($A38,'Onsite Role Distribution'!$B$13:$G$17,6,FALSE) -> 1 | BB38: =VLOOKUP($A38,'Onsite Role Distribution'!$B$13:$G$17,6,FALSE) -> 1 | BC38: =VLOOKUP($A38,'Onsite Role Distribution'!$B$13:$G$17,6,FALSE) -> 1 | BD38: =VLOOKUP($A38,'Onsite Role Distribution'!$B$13:$G$17,6,FALSE) -> 1 | BE38: =VLOOKUP($A38,'Onsite Role Distribution'!$B$13:$G$17,6,FALSE) -> 1 | BF38: =VLOOKUP($A38,'Onsite Role Distribution'!$B$13:$G$17,6,FALSE) -> 1 | BG38: =VLOOKUP($A38,'Onsite Role Distribution'!$B$13:$G$17,6,FALSE) -> 1 | BH38: =VLOOKUP($A38,'Onsite Role Distribution'!$B$13:$G$17,6,FALSE) -> 1 | ... BK38: =VLOOKUP($A38,'Onsite Role Distribution'!$B$13:$G$17,6,FALSE) -> 1
A39: Tester | B39: Onsite-Landed | C39: =A39&B39 -> TesterOnsite-Landed | D39: =VLOOKUP($A39,'Onsite Role Distribution'!$B$13:$G$17,2,FALSE) -> 2 | E39: =VLOOKUP($A39,'Onsite Role Distribution'!$B$13:$G$17,2,FALSE) -> 2 | F39: =VLOOKUP($A39,'Onsite Role Distribution'!$B$13:$G$17,2,FALSE) -> 2 | G39: =VLOOKUP($A39,'Onsite Role Distribution'!$B$13:$G$17,2,FALSE) -> 2 | H39: =VLOOKUP($A39,'Onsite Role Distribution'!$B$13:$G$17,2,FALSE) -> 2 | I39: =VLOOKUP($A39,'Onsite Role Distribution'!$B$13:$G$17,2,FALSE) -> 2 | J39: =VLOOKUP($A39,'Onsite Role Distribution'!$B$13:$G$17,2,FALSE) -> 2 | K39: =VLOOKUP($A39,'Onsite Role Distribution'!$B$13:$G$17,2,FALSE) -> 2 | ... O39: =VLOOKUP($A39,'Onsite Role Distribution'!$B$13:$G$17,2,FALSE) -> 2 | P39: =VLOOKUP($A39,'Onsite Role Distribution'!$B$13:$G$17,3,FALSE) -> 0 | Q39: =VLOOKUP($A39,'Onsite Role Distribution'!$B$13:$G$17,3,FALSE) -> 0 | R39: =VLOOKUP($A39,'Onsite Role Distribution'!$B$13:$G$17,3,FALSE) -> 0 | S39: =VLOOKUP($A39,'Onsite Role Distribution'!$B$13:$G$17,3,FALSE) -> 0 | T39: =VLOOKUP($A39,'Onsite Role Distribution'!$B$13:$G$17,3,FALSE) -> 0 | U39: =VLOOKUP($A39,'Onsite Role Distribution'!$B$13:$G$17,3,FALSE) -> 0 | V39: =VLOOKUP($A39,'Onsite Role Distribution'!$B$13:$G$17,3,FALSE) -> 0 | W39: =VLOOKUP($A39,'Onsite Role Distribution'!$B$13:$G$17,3,FALSE) -> 0 | ... AA39: =VLOOKUP($A39,'Onsite Role Distribution'!$B$13:$G$17,3,FALSE) -> 0 | AB39: =VLOOKUP($A39,'Onsite Role Distribution'!$B$13:$G$17,4,FALSE) -> 0 | AC39: =VLOOKUP($A39,'Onsite Role Distribution'!$B$13:$G$17,4,FALSE) -> 0 | AD39: =VLOOKUP($A39,'Onsite Role Distribution'!$B$13:$G$17,4,FALSE) -> 0 | AE39: =VLOOKUP($A39,'Onsite Role Distribution'!$B$13:$G$17,4,FALSE) -> 0 | AF39: =VLOOKUP($A39,'Onsite Role Distribution'!$B$13:$G$17,4,FALSE) -> 0 | AG39: =VLOOKUP($A39,'Onsite Role Distribution'!$B$13:$G$17,4,FALSE) -> 0 | AH39: =VLOOKUP($A39,'Onsite Role Distribution'!$B$13:$G$17,4,FALSE) -> 0 | AI39: =VLOOKUP($A39,'Onsite Role Distribution'!$B$13:$G$17,4,FALSE) -> 0 | ... AM39: =VLOOKUP($A39,'Onsite Role Distribution'!$B$13:$G$17,4,FALSE) -> 0 | AN39: =VLOOKUP($A39,'Onsite Role Distribution'!$B$13:$G$17,5,FALSE) -> 0 | AO39: =VLOOKUP($A39,'Onsite Role Distribution'!$B$13:$G$17,5,FALSE) -> 0 | AP39: =VLOOKUP($A39,'Onsite Role Distribution'!$B$13:$G$17,5,FALSE) -> 0 | AQ39: =VLOOKUP($A39,'Onsite Role Distribution'!$B$13:$G$17,5,FALSE) -> 0 | AR39: =VLOOKUP($A39,'Onsite Role Distribution'!$B$13:$G$17,5,FALSE) -> 0 | AS39: =VLOOKUP($A39,'Onsite Role Distribution'!$B$13:$G$17,5,FALSE) -> 0 | AT39: =VLOOKUP($A39,'Onsite Role Distribution'!$B$13:$G$17,5,FALSE) -> 0 | AU39: =VLOOKUP($A39,'Onsite Role Distribution'!$B$13:$G$17,5,FALSE) -> 0 | ... AY39: =VLOOKUP($A39,'Onsite Role Distribution'!$B$13:$G$17,5,FALSE) -> 0 | AZ39: 0 | BA39: =VLOOKUP($A39,'Onsite Role Distribution'!$B$13:$G$17,6,FALSE) -> 0 | BB39: =VLOOKUP($A39,'Onsite Role Distribution'!$B$13:$G$17,6,FALSE) -> 0 | BC39: =VLOOKUP($A39,'Onsite Role Distribution'!$B$13:$G$17,6,FALSE) -> 0 | BD39: =VLOOKUP($A39,'Onsite Role Distribution'!$B$13:$G$17,6,FALSE) -> 0 | BE39: =VLOOKUP($A39,'Onsite Role Distribution'!$B$13:$G$17,6,FALSE) -> 0 | BF39: =VLOOKUP($A39,'Onsite Role Distribution'!$B$13:$G$17,6,FALSE) -> 0 | BG39: =VLOOKUP($A39,'Onsite Role Distribution'!$B$13:$G$17,6,FALSE) -> 0 | BH39: =VLOOKUP($A39,'Onsite Role Distribution'!$B$13:$G$17,6,FALSE) -> 0 | ... BK39: =VLOOKUP($A39,'Onsite Role Distribution'!$B$13:$G$17,6,FALSE) -> 0
A40: PM | B40: Onsite-Landed | C40: =A40&B40 -> PMOnsite-Landed | D40: =VLOOKUP($A40,'Onsite Role Distribution'!$B$13:$G$17,2,FALSE) -> 0 | E40: =VLOOKUP($A40,'Onsite Role Distribution'!$B$13:$G$17,2,FALSE) -> 0 | F40: =VLOOKUP($A40,'Onsite Role Distribution'!$B$13:$G$17,2,FALSE) -> 0 | G40: =VLOOKUP($A40,'Onsite Role Distribution'!$B$13:$G$17,2,FALSE) -> 0 | H40: =VLOOKUP($A40,'Onsite Role Distribution'!$B$13:$G$17,2,FALSE) -> 0 | I40: =VLOOKUP($A40,'Onsite Role Distribution'!$B$13:$G$17,2,FALSE) -> 0 | J40: =VLOOKUP($A40,'Onsite Role Distribution'!$B$13:$G$17,2,FALSE) -> 0 | K40: =VLOOKUP($A40,'Onsite Role Distribution'!$B$13:$G$17,2,FALSE) -> 0 | ... O40: =VLOOKUP($A40,'Onsite Role Distribution'!$B$13:$G$17,2,FALSE) -> 0 | P40: =VLOOKUP($A40,'Onsite Role Distribution'!$B$13:$G$17,3,FALSE) -> 0 | Q40: =VLOOKUP($A40,'Onsite Role Distribution'!$B$13:$G$17,3,FALSE) -> 0 | R40: =VLOOKUP($A40,'Onsite Role Distribution'!$B$13:$G$17,3,FALSE) -> 0 | S40: =VLOOKUP($A40,'Onsite Role Distribution'!$B$13:$G$17,3,FALSE) -> 0 | T40: =VLOOKUP($A40,'Onsite Role Distribution'!$B$13:$G$17,3,FALSE) -> 0 | U40: =VLOOKUP($A40,'Onsite Role Distribution'!$B$13:$G$17,3,FALSE) -> 0 | V40: =VLOOKUP($A40,'Onsite Role Distribution'!$B$13:$G$17,3,FALSE) -> 0 | W40: =VLOOKUP($A40,'Onsite Role Distribution'!$B$13:$G$17,3,FALSE) -> 0 | ... AA40: =VLOOKUP($A40,'Onsite Role Distribution'!$B$13:$G$17,3,FALSE) -> 0 | AB40: =VLOOKUP($A40,'Onsite Role Distribution'!$B$13:$G$17,4,FALSE) -> 0 | AC40: =VLOOKUP($A40,'Onsite Role Distribution'!$B$13:$G$17,4,FALSE) -> 0 | AD40: =VLOOKUP($A40,'Onsite Role Distribution'!$B$13:$G$17,4,FALSE) -> 0 | AE40: =VLOOKUP($A40,'Onsite Role Distribution'!$B$13:$G$17,4,FALSE) -> 0 | AF40: =VLOOKUP($A40,'Onsite Role Distribution'!$B$13:$G$17,4,FALSE) -> 0 | AG40: =VLOOKUP($A40,'Onsite Role Distribution'!$B$13:$G$17,4,FALSE) -> 0 | AH40: =VLOOKUP($A40,'Onsite Role Distribution'!$B$13:$G$17,4,FALSE) -> 0 | AI40: =VLOOKUP($A40,'Onsite Role Distribution'!$B$13:$G$17,4,FALSE) -> 0 | ... AM40: =VLOOKUP($A40,'Onsite Role Distribution'!$B$13:$G$17,4,FALSE) -> 0 | AN40: =VLOOKUP($A40,'Onsite Role Distribution'!$B$13:$G$17,5,FALSE) -> 0 | AO40: =VLOOKUP($A40,'Onsite Role Distribution'!$B$13:$G$17,5,FALSE) -> 0 | AP40: =VLOOKUP($A40,'Onsite Role Distribution'!$B$13:$G$17,5,FALSE) -> 0 | AQ40: =VLOOKUP($A40,'Onsite Role Distribution'!$B$13:$G$17,5,FALSE) -> 0 | AR40: =VLOOKUP($A40,'Onsite Role Distribution'!$B$13:$G$17,5,FALSE) -> 0 | AS40: =VLOOKUP($A40,'Onsite Role Distribution'!$B$13:$G$17,5,FALSE) -> 0 | AT40: =VLOOKUP($A40,'Onsite Role Distribution'!$B$13:$G$17,5,FALSE) -> 0 | AU40: =VLOOKUP($A40,'Onsite Role Distribution'!$B$13:$G$17,5,FALSE) -> 0 | ... AY40: =VLOOKUP($A40,'Onsite Role Distribution'!$B$13:$G$17,5,FALSE) -> 0 | AZ40: 0 | BA40: =VLOOKUP($A40,'Onsite Role Distribution'!$B$13:$G$17,6,FALSE) -> 0 | BB40: =VLOOKUP($A40,'Onsite Role Distribution'!$B$13:$G$17,6,FALSE) -> 0 | BC40: =VLOOKUP($A40,'Onsite Role Distribution'!$B$13:$G$17,6,FALSE) -> 0 | BD40: =VLOOKUP($A40,'Onsite Role Distribution'!$B$13:$G$17,6,FALSE) -> 0 | BE40: =VLOOKUP($A40,'Onsite Role Distribution'!$B$13:$G$17,6,FALSE) -> 0 | BF40: =VLOOKUP($A40,'Onsite Role Distribution'!$B$13:$G$17,6,FALSE) -> 0 | BG40: =VLOOKUP($A40,'Onsite Role Distribution'!$B$13:$G$17,6,FALSE) -> 0 | BH40: =VLOOKUP($A40,'Onsite Role Distribution'!$B$13:$G$17,6,FALSE) -> 0 | ... BK40: =VLOOKUP($A40,'Onsite Role Distribution'!$B$13:$G$17,6,FALSE) -> 0
A41: Lead | B41: Onsite-Landed | C41: =A41&B41 -> LeadOnsite-Landed | D41: =VLOOKUP($A41,'Onsite Role Distribution'!$B$13:$G$17,2,FALSE) -> 1 | E41: =VLOOKUP($A41,'Onsite Role Distribution'!$B$13:$G$17,2,FALSE) -> 1 | F41: =VLOOKUP($A41,'Onsite Role Distribution'!$B$13:$G$17,2,FALSE) -> 1 | G41: =VLOOKUP($A41,'Onsite Role Distribution'!$B$13:$G$17,2,FALSE) -> 1 | H41: =VLOOKUP($A41,'Onsite Role Distribution'!$B$13:$G$17,2,FALSE) -> 1 | I41: =VLOOKUP($A41,'Onsite Role Distribution'!$B$13:$G$17,2,FALSE) -> 1 | J41: =VLOOKUP($A41,'Onsite Role Distribution'!$B$13:$G$17,2,FALSE) -> 1 | K41: =VLOOKUP($A41,'Onsite Role Distribution'!$B$13:$G$17,2,FALSE) -> 1 | ... O41: =VLOOKUP($A41,'Onsite Role Distribution'!$B$13:$G$17,2,FALSE) -> 1 | P41: =VLOOKUP($A41,'Onsite Role Distribution'!$B$13:$G$17,3,FALSE) -> 0 | Q41: =VLOOKUP($A41,'Onsite Role Distribution'!$B$13:$G$17,3,FALSE) -> 0 | R41: =VLOOKUP($A41,'Onsite Role Distribution'!$B$13:$G$17,3,FALSE) -> 0 | S41: =VLOOKUP($A41,'Onsite Role Distribution'!$B$13:$G$17,3,FALSE) -> 0 | T41: =VLOOKUP($A41,'Onsite Role Distribution'!$B$13:$G$17,3,FALSE) -> 0 | U41: =VLOOKUP($A41,'Onsite Role Distribution'!$B$13:$G$17,3,FALSE) -> 0 | V41: =VLOOKUP($A41,'Onsite Role Distribution'!$B$13:$G$17,3,FALSE) -> 0 | W41: =VLOOKUP($A41,'Onsite Role Distribution'!$B$13:$G$17,3,FALSE) -> 0 | ... AA41: =VLOOKUP($A41,'Onsite Role Distribution'!$B$13:$G$17,3,FALSE) -> 0 | AB41: =VLOOKUP($A41,'Onsite Role Distribution'!$B$13:$G$17,4,FALSE) -> 0 | AC41: =VLOOKUP($A41,'Onsite Role Distribution'!$B$13:$G$17,4,FALSE) -> 0 | AD41: =VLOOKUP($A41,'Onsite Role Distribution'!$B$13:$G$17,4,FALSE) -> 0 | AE41: =VLOOKUP($A41,'Onsite Role Distribution'!$B$13:$G$17,4,FALSE) -> 0 | AF41: =VLOOKUP($A41,'Onsite Role Distribution'!$B$13:$G$17,4,FALSE) -> 0 | AG41: =VLOOKUP($A41,'Onsite Role Distribution'!$B$13:$G$17,4,FALSE) -> 0 | AH41: =VLOOKUP($A41,'Onsite Role Distribution'!$B$13:$G$17,4,FALSE) -> 0 | AI41: =VLOOKUP($A41,'Onsite Role Distribution'!$B$13:$G$17,4,FALSE) -> 0 | ... AM41: =VLOOKUP($A41,'Onsite Role Distribution'!$B$13:$G$17,4,FALSE) -> 0 | AN41: =VLOOKUP($A41,'Onsite Role Distribution'!$B$13:$G$17,5,FALSE) -> 0 | AO41: =VLOOKUP($A41,'Onsite Role Distribution'!$B$13:$G$17,5,FALSE) -> 0 | AP41: =VLOOKUP($A41,'Onsite Role Distribution'!$B$13:$G$17,5,FALSE) -> 0 | AQ41: =VLOOKUP($A41,'Onsite Role Distribution'!$B$13:$G$17,5,FALSE) -> 0 | AR41: =VLOOKUP($A41,'Onsite Role Distribution'!$B$13:$G$17,5,FALSE) -> 0 | AS41: =VLOOKUP($A41,'Onsite Role Distribution'!$B$13:$G$17,5,FALSE) -> 0 | AT41: =VLOOKUP($A41,'Onsite Role Distribution'!$B$13:$G$17,5,FALSE) -> 0 | AU41: =VLOOKUP($A41,'Onsite Role Distribution'!$B$13:$G$17,5,FALSE) -> 0 | ... AY41: =VLOOKUP($A41,'Onsite Role Distribution'!$B$13:$G$17,5,FALSE) -> 0 | AZ41: 0 | BA41: =VLOOKUP($A41,'Onsite Role Distribution'!$B$13:$G$17,6,FALSE) -> 0 | BB41: =VLOOKUP($A41,'Onsite Role Distribution'!$B$13:$G$17,6,FALSE) -> 0 | BC41: =VLOOKUP($A41,'Onsite Role Distribution'!$B$13:$G$17,6,FALSE) -> 0 | BD41: =VLOOKUP($A41,'Onsite Role Distribution'!$B$13:$G$17,6,FALSE) -> 0 | BE41: =VLOOKUP($A41,'Onsite Role Distribution'!$B$13:$G$17,6,FALSE) -> 0 | BF41: =VLOOKUP($A41,'Onsite Role Distribution'!$B$13:$G$17,6,FALSE) -> 0 | BG41: =VLOOKUP($A41,'Onsite Role Distribution'!$B$13:$G$17,6,FALSE) -> 0 | BH41: =VLOOKUP($A41,'Onsite Role Distribution'!$B$13:$G$17,6,FALSE) -> 0 | ... BK41: =VLOOKUP($A41,'Onsite Role Distribution'!$B$13:$G$17,6,FALSE) -> 0

Sheet RLS Detail
A2: Role | B2: Location | C2: RoleLocation | D2: Pool | E2: M1 | F2: M2 | G2: M3 | H2: M4 | I2: M5 | J2: M6 | K2: M7 | L2: M8 | M2: M9 | N2: M10 | O2: M11 | P2: M12 | Q2: M13 | R2: M14 | S2: M15 | T2: M16 | U2: M17 | V2: M18 | W2: M19 | X2: M20 | Y2: M21 | Z2: M22 | AA2: M23 | AB2: M24 | AC2: M25 | AD2: M26 | AE2: M27 | AF2: M28 | AG2: M29 | AH2: M30 | AI2: M31 | AJ2: M32 | AK2: M33 | AL2: M34 | AM2: M35 | AN2: M36 | AO2: M37 | AP2: M38 | AQ2: M39 | AR2: M40 | AS2: M41 | AT2: M42 | AU2: M43 | AV2: M44 | AW2: M45 | AX2: M46 | AY2: M47 | AZ2: M48 | BA2: M49 | BB2: M50 | BC2: M51 | BD2: M52 | BE2: M53 | BF2: M54 | BG2: M55 | BH2: M56 | BI2: M57 | BJ2: M58 | BK2: M59 | BL2: M60
A3: BSA | B3: India | C3: =A3&B3 -> BSAIndia | D3: POD1 | E3: =ROUND(VLOOKUP($C3,RLS!$C$26:$O$31,2,FALSE)*'Unit Distribution'!$B$3,0) -> 0 | F3: =ROUND(VLOOKUP($C3,RLS!$C$26:$O$31,3,FALSE)*'Unit Distribution'!$B$3,0) -> 0 | G3: =ROUND(VLOOKUP($C3,RLS!$C$26:$O$31,4,FALSE)*'Unit Distribution'!$B$3,0) -> 0 | H3: =ROUND(VLOOKUP($C3,RLS!$C$26:$O$31,5,FALSE)*'Unit Distribution'!$B$3,0) -> 0 | I3: =ROUND(VLOOKUP($C3,RLS!$C$26:$O$31,6,FALSE)*'Unit Distribution'!$B$3,0) -> 0 | J3: =ROUND(VLOOKUP($C3,RLS!$C$26:$O$31,7,FALSE)*'Unit Distribution'!$B$3,0) -> 0 | K3: =ROUND(VLOOKUP($C3,RLS!$C$26:$O$31,8,FALSE)*'Unit Distribution'!$B$3,0) -> 0 | L3: =ROUND(VLOOKUP($C3,RLS!$C$26:$O$31,9,FALSE)*'Unit Distribution'!$B$3,0) -> 0 | M3: =ROUND(VLOOKUP($C3,RLS!$C$26:$O$31,10,FALSE)*'Unit Distribution'!$B$3,0) -> 0 | N3: =ROUND(VLOOKUP($C3,RLS!$C$26:$O$31,11,FALSE)*'Unit Distribution'!$B$3,0) -> 0 | O3: =ROUND(VLOOKUP($C3,RLS!$C$26:$O$31,12,FALSE)*'Unit Distribution'!$B$3,0) -> 0 | P3: =ROUND(VLOOKUP($C3,RLS!$C$26:$O$31,13,FALSE)*'Unit Distribution'!$B$3,0) -> 0 | Q3: =ROUND(VLOOKUP($C3,RLS!$C$26:$P$31,14,FALSE)*'Unit Distribution'!$C$3,0) -> 1 | R3: =ROUND(VLOOKUP($C3,RLS!$C$26:$P$31,14,FALSE)*'Unit Distribution'!$C$3,0) -> 1 | S3: =ROUND(VLOOKUP($C3,RLS!$C$26:$P$31,14,FALSE)*'Unit Distribution'!$C$3,0) -> 1 | T3: =ROUND(VLOOKUP($C3,RLS!$C$26:$P$31,14,FALSE)*'Unit Distribution'!$C$3,0) -> 1 | U3: =ROUND(VLOOKUP($C3,RLS!$C$26:$P$31,14,FALSE)*'Unit Distribution'!$C$3,0) -> 1 | V3: =ROUND(VLOOKUP($C3,RLS!$C$26:$P$31,14,FALSE)*'Unit Distribution'!$C$3,0) -> 1 | W3: =ROUND(VLOOKUP($C3,RLS!$C$26:$P$31,14,FALSE)*'Unit Distribution'!$C$3,0) -> 1 | X3: =ROUND(VLOOKUP($C3,RLS!$C$26:$P$31,14,FALSE)*'Unit Distribution'!$C$3,0) -> 1 | ... AB3: =ROUND(VLOOKUP($C3,RLS!$C$26:$P$31,14,FALSE)*'Unit Distribution'!$C$3,0) -> 1 | AC3: =ROUND(VLOOKUP($C3,RLS!$C$26:$AB$31,26,FALSE)*'Unit Distribution'!$D$3,0) -> 1 | AD3: =ROUND(VLOOKUP($C3,RLS!$C$26:$AB$31,26,FALSE)*'Unit Distribution'!$D$3,0) -> 1 | AE3: =ROUND(VLOOKUP($C3,RLS!$C$26:$AB$31,26,FALSE)*'Unit Distribution'!$D$3,0) -> 1 | AF3: =ROUND(VLOOKUP($C3,RLS!$C$26:$AB$31,26,FALSE)*'Unit Distribution'!$D$3,0) -> 1 | AG3: =ROUND(VLOOKUP($C3,RLS!$C$26:$AB$31,26,FALSE)*'Unit Distribution'!$D$3,0) -> 1 | AH3: =ROUND(VLOOKUP($C3,RLS!$C$26:$AB$31,26,FALSE)*'Unit Distribution'!$D$3,0) -> 1 | AI3: =ROUND(VLOOKUP($C3,RLS!$C$26:$AB$31,26,FALSE)*'Unit Distribution'!$D$3,0) -> 1 | AJ3: =ROUND(VLOOKUP($C3,RLS!$C$26:$AB$31,26,FALSE)*'Unit Distribution'!$D$3,0) -> 1 | ... AN3: =ROUND(VLOOKUP($C3,RLS!$C$26:$AB$31,26,FALSE)*'Unit Distribution'!$D$3,0) -> 1 | AO3: =ROUNDDOWN(VLOOKUP($C3,RLS!$C$26:$AN$31,38,FALSE)*'Unit Distribution'!$E$3,0) -> 0 | AP3: =ROUNDDOWN(VLOOKUP($C3,RLS!$C$26:$AN$31,38,FALSE)*'Unit Distribution'!$E$3,0) -> 0 | AQ3: =ROUNDDOWN(VLOOKUP($C3,RLS!$C$26:$AN$31,38,FALSE)*'Unit Distribution'!$E$3,0) -> 0 | AR3: =ROUNDDOWN(VLOOKUP($C3,RLS!$C$26:$AN$31,38,FALSE)*'Unit Distribution'!$E$3,0) -> 0 | AS3: =ROUNDDOWN(VLOOKUP($C3,RLS!$C$26:$AN$31,38,FALSE)*'Unit Distribution'!$E$3,0) -> 0 | AT3: =ROUNDDOWN(VLOOKUP($C3,RLS!$C$26:$AN$31,38,FALSE)*'Unit Distribution'!$E$3,0) -> 0 | AU3: =ROUNDDOWN(VLOOKUP($C3,RLS!$C$26:$AN$31,38,FALSE)*'Unit Distribution'!$E$3,0) -> 0 | AV3: =ROUNDDOWN(VLOOKUP($C3,RLS!$C$26:$AN$31,38,FALSE)*'Unit Distribution'!$E$3,0) -> 0 | ... AZ3: =ROUNDDOWN(VLOOKUP($C3,RLS!$C$26:$AN$31,38,FALSE)*'Unit Distribution'!$E$3,0) -> 0 | BA3: =ROUND(VLOOKUP($C3,RLS!$C$26:$AZ$31,50,FALSE)*'Unit Distribution'!$F$3,0) -> 1 | BB3: =ROUND(VLOOKUP($C3,RLS!$C$26:$AZ$31,50,FALSE)*'Unit Distribution'!$F$3,0) -> 1 | BC3: =ROUND(VLOOKUP($C3,RLS!$C$26:$AZ$31,50,FALSE)*'Unit Distribution'!$F$3,0) -> 1 | BD3: =ROUND(VLOOKUP($C3,RLS!$C$26:$AZ$31,50,FALSE)*'Unit Distribution'!$F$3,0) -> 1 | BE3: =ROUND(VLOOKUP($C3,RLS!$C$26:$AZ$31,50,FALSE)*'Unit Distribution'!$F$3,0) -> 1 | BF3: =ROUND(VLOOKUP($C3,RLS!$C$26:$AZ$31,50,FALSE)*'Unit Distribution'!$F$3,0) -> 1 | BG3: =ROUND(VLOOKUP($C3,RLS!$C$26:$AZ$31,50,FALSE)*'Unit Distribution'!$F$3,0) -> 1 | BH3: =ROUND(VLOOKUP($C3,RLS!$C$26:$AZ$31,50,FALSE)*'Unit Distribution'!$F$3,0) -> 1 | ... BL3: =ROUND(VLOOKUP($C3,RLS!$C$26:$AZ$31,50,FALSE)*'Unit Distribution'!$F$3,0) -> 1
A4: BSA | B4: India | C4: =A4&B4 -> BSAIndia | D4: POD2 | E4: =ROUND(VLOOKUP($C4,RLS!$C$26:$O$31,2,FALSE)*'Unit Distribution'!$B$4,0) -> 0 | F4: =ROUND(VLOOKUP($C4,RLS!$C$26:$O$31,3,FALSE)*'Unit Distribution'!$B$4,0) -> 0 | G4: =ROUND(VLOOKUP($C4,RLS!$C$26:$O$31,4,FALSE)*'Unit Distribution'!$B$4,0) -> 0 | H4: =ROUND(VLOOKUP($C4,RLS!$C$26:$O$31,5,FALSE)*'Unit Distribution'!$B$4,0) -> 0 | I4: =ROUND(VLOOKUP($C4,RLS!$C$26:$O$31,6,FALSE)*'Unit Distribution'!$B$4,0) -> 0 | J4: =ROUND(VLOOKUP($C4,RLS!$C$26:$O$31,7,FALSE)*'Unit Distribution'!$B$4,0) -> 0 | K4: =ROUND(VLOOKUP($C4,RLS!$C$26:$O$31,8,FALSE)*'Unit Distribution'!$B$4,0) -> 0 | L4: =ROUND(VLOOKUP($C4,RLS!$C$26:$O$31,9,FALSE)*'Unit Distribution'!$B$4,0) -> 0 | M4: =ROUND(VLOOKUP($C4,RLS!$C$26:$O$31,10,FALSE)*'Unit Distribution'!$B$4,0) -> 0 | N4: =ROUND(VLOOKUP($C4,RLS!$C$26:$O$31,11,FALSE)*'Unit Distribution'!$B$4,0) -> 0 | O4: =ROUND(VLOOKUP($C4,RLS!$C$26:$O$31,12,FALSE)*'Unit Distribution'!$B$4,0) -> 0 | P4: =ROUND(VLOOKUP($C4,RLS!$C$26:$O$31,13,FALSE)*'Unit Distribution'!$B$4,0) -> 0 | Q4: =ROUND(VLOOKUP($C4,RLS!$C$26:$P$31,14,FALSE)*'Unit Distribution'!$C$4,0) -> 1 | R4: =ROUND(VLOOKUP($C4,RLS!$C$26:$P$31,14,FALSE)*'Unit Distribution'!$C$4,0) -> 1 | S4: =ROUND(VLOOKUP($C4,RLS!$C$26:$P$31,14,FALSE)*'Unit Distribution'!$C$4,0) -> 1 | T4: =ROUND(VLOOKUP($C4,RLS!$C$26:$P$31,14,FALSE)*'Unit Distribution'!$C$4,0) -> 1 | U4: =ROUND(VLOOKUP($C4,RLS!$C$26:$P$31,14,FALSE)*'Unit Distribution'!$C$4,0) -> 1 | V4: =ROUND(VLOOKUP($C4,RLS!$C$26:$P$31,14,FALSE)*'Unit Distribution'!$C$4,0) -> 1 | W4: =ROUND(VLOOKUP($C4,RLS!$C$26:$P$31,14,FALSE)*'Unit Distribution'!$C$4,0) -> 1 | X4: =ROUND(VLOOKUP($C4,RLS!$C$26:$P$31,14,FALSE)*'Unit Distribution'!$C$4,0) -> 1 | ... AB4: =ROUND(VLOOKUP($C4,RLS!$C$26:$P$31,14,FALSE)*'Unit Distribution'!$C$4,0) -> 1 | AC4: =VLOOKUP($C4,RLS!$C$26:$AB$31,26,FALSE)-AC3-AC5 -> 1 | AD4: =VLOOKUP($C4,RLS!$C$26:$AB$31,26,FALSE)-AD3-AD5 -> 1 | AE4: =VLOOKUP($C4,RLS!$C$26:$AB$31,26,FALSE)-AE3-AE5 -> 1 | AF4: =VLOOKUP($C4,RLS!$C$26:$AB$31,26,FALSE)-AF3-AF5 -> 1 | AG4: =VLOOKUP($C4,RLS!$C$26:$AB$31,26,FALSE)-AG3-AG5 -> 1 | AH4: =VLOOKUP($C4,RLS!$C$26:$AB$31,26,FALSE)-AH3-AH5 -> 1 | AI4: =VLOOKUP($C4,RLS!$C$26:$AB$31,26,FALSE)-AI3-AI5 -> 1 | AJ4: =VLOOKUP($C4,RLS!$C$26:$AB$31,26,FALSE)-AJ3-AJ5 -> 1 | ... AN4: =VLOOKUP($C4,RLS!$C$26:$AB$31,26,FALSE)-AN3-AN5 -> 1 | AO4: =VLOOKUP($C4,RLS!$C$26:$AN$31,38,FALSE)-AO3-AO5 -> 1 | AP4: =VLOOKUP($C4,RLS!$C$26:$AN$31,38,FALSE)-AP3-AP5 -> 1 | AQ4: =VLOOKUP($C4,RLS!$C$26:$AN$31,38,FALSE)-AQ3-AQ5 -> 1 | AR4: =VLOOKUP($C4,RLS!$C$26:$AN$31,38,FALSE)-AR3-AR5 -> 1 | AS4: =VLOOKUP($C4,RLS!$C$26:$AN$31,38,FALSE)-AS3-AS5 -> 1 | AT4: =VLOOKUP($C4,RLS!$C$26:$AN$31,38,FALSE)-AT3-AT5 -> 1 | AU4: =VLOOKUP($C4,RLS!$C$26:$AN$31,38,FALSE)-AU3-AU5 -> 1 | AV4: =VLOOKUP($C4,RLS!$C$26:$AN$31,38,FALSE)-AV3-AV5 -> 1 | ... AZ4: =VLOOKUP($C4,RLS!$C$26:$AN$31,38,FALSE)-AZ3-AZ5 -> 1 | BA4: =VLOOKUP($C4,RLS!$C$26:$AZ$31,50,FALSE)-BA3-BA5 -> 1 | BB4: =VLOOKUP($C4,RLS!$C$26:$AZ$31,50,FALSE)-BB3-BB5 -> 1 | BC4: =VLOOKUP($C4,RLS!$C$26:$AZ$31,50,FALSE)-BC3-BC5 -> 1 | BD4: =VLOOKUP($C4,RLS!$C$26:$AZ$31,50,FALSE)-BD3-BD5 -> 1 | BE4: =VLOOKUP($C4,RLS!$C$26:$AZ$31,50,FALSE)-BE3-BE5 -> 1 | BF4: =VLOOKUP($C4,RLS!$C$26:$AZ$31,50,FALSE)-BF3-BF5 -> 1 | BG4: =VLOOKUP($C4,RLS!$C$26:$AZ$31,50,FALSE)-BG3-BG5 -> 1 | BH4: =VLOOKUP($C4,RLS!$C$26:$AZ$31,50,FALSE)-BH3-BH5 -> 1 | ... BL4: =VLOOKUP($C4,RLS!$C$26:$AZ$31,50,FALSE)-BL3-BL5 -> 1
A5: BSA | B5: India | C5: =A5&B5 -> BSAIndia | D5: Team | E5: =VLOOKUP($C5,RLS!$C$26:$O$31,2,FALSE)-E3-E4 -> 1 | F5: =VLOOKUP($C5,RLS!$C$26:$O$31,3,FALSE)-F3-F4 -> 1 | G5: =VLOOKUP($C5,RLS!$C$26:$O$31,4,FALSE)-G3-G4 -> 1 | H5: =VLOOKUP($C5,RLS!$C$26:$O$31,5,FALSE)-H3-H4 -> 1 | I5: =VLOOKUP($C5,RLS!$C$26:$O$31,6,FALSE)-I3-I4 -> 1 | J5: =VLOOKUP($C5,RLS!$C$26:$O$31,7,FALSE)-J3-J4 -> 1 | K5: =VLOOKUP($C5,RLS!$C$26:$O$31,8,FALSE)-K3-K4 -> 1 | L5: =VLOOKUP($C5,RLS!$C$26:$O$31,9,FALSE)-L3-L4 -> 1 | M5: =VLOOKUP($C5,RLS!$C$26:$O$31,10,FALSE)-M3-M4 -> 1 | N5: =VLOOKUP($C5,RLS!$C$26:$O$31,11,FALSE)-N3-N4 -> 1 | O5: =VLOOKUP($C5,RLS!$C$26:$O$31,12,FALSE)-O3-O4 -> 1 | P5: =VLOOKUP($C5,RLS!$C$26:$O$31,13,FALSE)-P3-P4 -> 1 | Q5: =VLOOKUP($C5,RLS!$C$26:$P$31,14,FALSE)-Q3-Q4 -> 0 | R5: =VLOOKUP($C5,RLS!$C$26:$P$31,14,FALSE)-R3-R4 -> 0 | S5: =VLOOKUP($C5,RLS!$C$26:$P$31,14,FALSE)-S3-S4 -> 0 | T5: =VLOOKUP($C5,RLS!$C$26:$P$31,14,FALSE)-T3-T4 -> 0 | U5: =VLOOKUP($C5,RLS!$C$26:$P$31,14,FALSE)-U3-U4 -> 0 | V5: =VLOOKUP($C5,RLS!$C$26:$P$31,14,FALSE)-V3-V4 -> 0 | W5: =VLOOKUP($C5,RLS!$C$26:$P$31,14,FALSE)-W3-W4 -> 0 | X5: =VLOOKUP($C5,RLS!$C$26:$P$31,14,FALSE)-X3-X4 -> 0 | ... AB5: =VLOOKUP($C5,RLS!$C$26:$P$31,14,FALSE)-AB3-AB4 -> 0 | AC5: =ROUND(VLOOKUP($C5,RLS!$C$26:$AB$31,26,FALSE)*'Unit Distribution'!$D$5,0) -> 0 | AD5: =ROUND(VLOOKUP($C5,RLS!$C$26:$AB$31,26,FALSE)*'Unit Distribution'!$D$5,0) -> 0 | AE5: =ROUND(VLOOKUP($C5,RLS!$C$26:$AB$31,26,FALSE)*'Unit Distribution'!$D$5,0) -> 0 | AF5: =ROUND(VLOOKUP($C5,RLS!$C$26:$AB$31,26,FALSE)*'Unit Distribution'!$D$5,0) -> 0 | AG5: =ROUND(VLOOKUP($C5,RLS!$C$26:$AB$31,26,FALSE)*'Unit Distribution'!$D$5,0) -> 0 | AH5: =ROUND(VLOOKUP($C5,RLS!$C$26:$AB$31,26,FALSE)*'Unit Distribution'!$D$5,0) -> 0 | AI5: =ROUND(VLOOKUP($C5,RLS!$C$26:$AB$31,26,FALSE)*'Unit Distribution'!$D$5,0) -> 0 | AJ5: =ROUND(VLOOKUP($C5,RLS!$C$26:$AB$31,26,FALSE)*'Unit Distribution'!$D$5,0) -> 0 | ... AN5: =ROUND(VLOOKUP($C5,RLS!$C$26:$AB$31,26,FALSE)*'Unit Distribution'!$D$5,0) -> 0 | AO5: =ROUND(VLOOKUP($C5,RLS!$C$26:$AN$31,38,FALSE)*'Unit Distribution'!$E$5,0) -> 0 | AP5: =ROUND(VLOOKUP($C5,RLS!$C$26:$AN$31,38,FALSE)*'Unit Distribution'!$E$5,0) -> 0 | AQ5: =ROUND(VLOOKUP($C5,RLS!$C$26:$AN$31,38,FALSE)*'Unit Distribution'!$E$5,0) -> 0 | AR5: =ROUND(VLOOKUP($C5,RLS!$C$26:$AN$31,38,FALSE)*'Unit Distribution'!$E$5,0) -> 0 | AS5: =ROUND(VLOOKUP($C5,RLS!$C$26:$AN$31,38,FALSE)*'Unit Distribution'!$E$5,0) -> 0 | AT5: =ROUND(VLOOKUP($C5,RLS!$C$26:$AN$31,38,FALSE)*'Unit Distribution'!$E$5,0) -> 0 | AU5: =ROUND(VLOOKUP($C5,RLS!$C$26:$AN$31,38,FALSE)*'Unit Distribution'!$E$5,0) -> 0 | AV5: =ROUND(VLOOKUP($C5,RLS!$C$26:$AN$31,38,FALSE)*'Unit Distribution'!$E$5,0) -> 0 | ... AZ5: =ROUND(VLOOKUP($C5,RLS!$C$26:$AN$31,38,FALSE)*'Unit Distribution'!$E$5,0) -> 0 | BA5: =ROUND(VLOOKUP($C5,RLS!$C$26:$AZ$31,50,FALSE)*'Unit Distribution'!$F$5,0) -> 0 | BB5: =ROUND(VLOOKUP($C5,RLS!$C$26:$AZ$31,50,FALSE)*'Unit Distribution'!$F$5,0) -> 0 | BC5: =ROUND(VLOOKUP($C5,RLS!$C$26:$AZ$31,50,FALSE)*'Unit Distribution'!$F$5,0) -> 0 | BD5: =ROUND(VLOOKUP($C5,RLS!$C$26:$AZ$31,50,FALSE)*'Unit Distribution'!$F$5,0) -> 0 | BE5: =ROUND(VLOOKUP($C5,RLS!$C$26:$AZ$31,50,FALSE)*'Unit Distribution'!$F$5,0) -> 0 | BF5: =ROUND(VLOOKUP($C5,RLS!$C$26:$AZ$31,50,FALSE)*'Unit Distribution'!$F$5,0) -> 0 | BG5: =ROUND(VLOOKUP($C5,RLS!$C$26:$AZ$31,50,FALSE)*'Unit Distribution'!$F$5,0) -> 0 | BH5: =ROUND(VLOOKUP($C5,RLS!$C$26:$AZ$31,50,FALSE)*'Unit Distribution'!$F$5,0) -> 0 | ... BL5: =ROUND(VLOOKUP($C5,RLS!$C$26:$AZ$31,50,FALSE)*'Unit Distribution'!$F$5,0) -> 0
A6: Dev | B6: India | C6: =A6&B6 -> DevIndia | D6: POD1 | E6: =ROUND(VLOOKUP($C6,RLS!$C$26:$O$31,2,FALSE)*'Unit Distribution'!$B$3,0) -> 1 | F6: =ROUND(VLOOKUP($C6,RLS!$C$26:$O$31,3,FALSE)*'Unit Distribution'!$B$3,0) -> 1 | G6: =ROUND(VLOOKUP($C6,RLS!$C$26:$O$31,4,FALSE)*'Unit Distribution'!$B$3,0) -> 1 | H6: =ROUND(VLOOKUP($C6,RLS!$C$26:$O$31,5,FALSE)*'Unit Distribution'!$B$3,0) -> 1 | I6: =ROUND(VLOOKUP($C6,RLS!$C$26:$O$31,6,FALSE)*'Unit Distribution'!$B$3,0) -> 1 | J6: =ROUND(VLOOKUP($C6,RLS!$C$26:$O$31,7,FALSE)*'Unit Distribution'!$B$3,0) -> 1 | K6: =ROUND(VLOOKUP($C6,RLS!$C$26:$O$31,8,FALSE)*'Unit Distribution'!$B$3,0) -> 1 | L6: =ROUND(VLOOKUP($C6,RLS!$C$26:$O$31,9,FALSE)*'Unit Distribution'!$B$3,0) -> 1 | M6: =ROUND(VLOOKUP($C6,RLS!$C$26:$O$31,10,FALSE)*'Unit Distribution'!$B$3,0) -> 1 | N6: =ROUND(VLOOKUP($C6,RLS!$C$26:$O$31,11,FALSE)*'Unit Distribution'!$B$3,0) -> 1 | O6: =ROUND(VLOOKUP($C6,RLS!$C$26:$O$31,12,FALSE)*'Unit Distribution'!$B$3,0) -> 1 | P6: =ROUND(VLOOKUP($C6,RLS!$C$26:$O$31,13,FALSE)*'Unit Distribution'!$B$3,0) -> 1 | Q6: =ROUND(VLOOKUP($C6,RLS!$C$26:$P$31,14,FALSE)*'Unit Distribution'!$C$3,0) -> 2 | R6: =ROUND(VLOOKUP($C6,RLS!$C$26:$P$31,14,FALSE)*'Unit Distribution'!$C$3,0) -> 2 | S6: =ROUND(VLOOKUP($C6,RLS!$C$26:$P$31,14,FALSE)*'Unit Distribution'!$C$3,0) -> 2 | T6: =ROUND(VLOOKUP($C6,RLS!$C$26:$P$31,14,FALSE)*'Unit Distribution'!$C$3,0) -> 2 | U6: =ROUND(VLOOKUP($C6,RLS!$C$26:$P$31,14,FALSE)*'Unit Distribution'!$C$3,0) -> 2 | V6: =ROUND(VLOOKUP($C6,RLS!$C$26:$P$31,14,FALSE)*'Unit Distribution'!$C$3,0) -> 2 | W6: =ROUND(VLOOKUP($C6,RLS!$C$26:$P$31,14,FALSE)*'Unit Distribution'!$C$3,0) -> 2 | X6: =ROUND(VLOOKUP($C6,RLS!$C$26:$P$31,14,FALSE)*'Unit Distribution'!$C$3,0) -> 2 | ... AB6: =ROUND(VLOOKUP($C6,RLS!$C$26:$P$31,14,FALSE)*'Unit Distribution'!$C$3,0) -> 2 | AC6: =ROUND(VLOOKUP($C6,RLS!$C$26:$AB$31,26,FALSE)*'Unit Distribution'!$D$3,0) -> 2 | AD6: =ROUND(VLOOKUP($C6,RLS!$C$26:$AB$31,26,FALSE)*'Unit Distribution'!$D$3,0) -> 2 | AE6: =ROUND(VLOOKUP($C6,RLS!$C$26:$AB$31,26,FALSE)*'Unit Distribution'!$D$3,0) -> 2 | AF6: =ROUND(VLOOKUP($C6,RLS!$C$26:$AB$31,26,FALSE)*'Unit Distribution'!$D$3,0) -> 2 | AG6: =ROUND(VLOOKUP($C6,RLS!$C$26:$AB$31,26,FALSE)*'Unit Distribution'!$D$3,0) -> 2 | AH6: =ROUND(VLOOKUP($C6,RLS!$C$26:$AB$31,26,FALSE)*'Unit Distribution'!$D$3,0) -> 2 | AI6: =ROUND(VLOOKUP($C6,RLS!$C$26:$AB$31,26,FALSE)*'Unit Distribution'!$D$3,0) -> 2 | AJ6: =ROUND(VLOOKUP($C6,RLS!$C$26:$AB$31,26,FALSE)*'Unit Distribution'!$D$3,0) -> 2 | ... AN6: =ROUND(VLOOKUP($C6,RLS!$C$26:$AB$31,26,FALSE)*'Unit Distribution'!$D$3,0) -> 2 | AO6: =ROUND(VLOOKUP($C6,RLS!$C$26:$AN$31,38,FALSE)*'Unit Distribution'!$E$3,0) -> 3 | AP6: =ROUND(VLOOKUP($C6,RLS!$C$26:$AN$31,38,FALSE)*'Unit Distribution'!$E$3,0) -> 3 | AQ6: =ROUND(VLOOKUP($C6,RLS!$C$26:$AN$31,38,FALSE)*'Unit Distribution'!$E$3,0) -> 3 | AR6: =ROUND(VLOOKUP($C6,RLS!$C$26:$AN$31,38,FALSE)*'Unit Distribution'!$E$3,0) -> 3 | AS6: =ROUND(VLOOKUP($C6,RLS!$C$26:$AN$31,38,FALSE)*'Unit Distribution'!$E$3,0) -> 3 | AT6: =ROUND(VLOOKUP($C6,RLS!$C$26:$AN$31,38,FALSE)*'Unit Distribution'!$E$3,0) -> 3 | AU6: =ROUND(VLOOKUP($C6,RLS!$C$26:$AN$31,38,FALSE)*'Unit Distribution'!$E$3,0) -> 3 | AV6: =ROUND(VLOOKUP($C6,RLS!$C$26:$AN$31,38,FALSE)*'Unit Distribution'!$E$3,0) -> 3 | ... AZ6: =ROUND(VLOOKUP($C6,RLS!$C$26:$AN$31,38,FALSE)*'Unit Distribution'!$E$3,0) -> 3 | BA6: =ROUND(VLOOKUP($C6,RLS!$C$26:$AZ$31,50,FALSE)*'Unit Distribution'!$F$3,0) -> 3 | BB6: =ROUND(VLOOKUP($C6,RLS!$C$26:$AZ$31,50,FALSE)*'Unit Distribution'!$F$3,0) -> 3 | BC6: =ROUND(VLOOKUP($C6,RLS!$C$26:$AZ$31,50,FALSE)*'Unit Distribution'!$F$3,0) -> 3 | BD6: =ROUND(VLOOKUP($C6,RLS!$C$26:$AZ$31,50,FALSE)*'Unit Distribution'!$F$3,0) -> 3 | BE6: =ROUND(VLOOKUP($C6,RLS!$C$26:$AZ$31,50,FALSE)*'Unit Distribution'!$F$3,0) -> 3 | BF6: =ROUND(VLOOKUP($C6,RLS!$C$26:$AZ$31,50,FALSE)*'Unit Distribution'!$F$3,0) -> 3 | BG6: =ROUND(VLOOKUP($C6,RLS!$C$26:$AZ$31,50,FALSE)*'Unit Distribution'!$F$3,0) -> 3 | BH6: =ROUND(VLOOKUP($C6,RLS!$C$26:$AZ$31,50,FALSE)*'Unit Distribution'!$F$3,0) -> 3 | ... BL6: =ROUND(VLOOKUP($C6,RLS!$C$26:$AZ$31,50,FALSE)*'Unit Distribution'!$F$3,0) -> 3
A7: Dev | B7: India | C7: =A7&B7 -> DevIndia | D7: POD2 | E7: =ROUND(VLOOKUP($C7,RLS!$C$26:$O$31,2,FALSE)*'Unit Distribution'!$B$4,0) -> 1 | F7: =ROUND(VLOOKUP($C7,RLS!$C$26:$O$31,3,FALSE)*'Unit Distribution'!$B$4,0) -> 1 | G7: =ROUND(VLOOKUP($C7,RLS!$C$26:$O$31,4,FALSE)*'Unit Distribution'!$B$4,0) -> 1 | H7: =ROUND(VLOOKUP($C7,RLS!$C$26:$O$31,5,FALSE)*'Unit Distribution'!$B$4,0) -> 1 | I7: =ROUND(VLOOKUP($C7,RLS!$C$26:$O$31,6,FALSE)*'Unit Distribution'!$B$4,0) -> 1 | J7: =ROUND(VLOOKUP($C7,RLS!$C$26:$O$31,7,FALSE)*'Unit Distribution'!$B$4,0) -> 1 | K7: =ROUND(VLOOKUP($C7,RLS!$C$26:$O$31,8,FALSE)*'Unit Distribution'!$B$4,0) -> 1 | L7: =ROUND(VLOOKUP($C7,RLS!$C$26:$O$31,9,FALSE)*'Unit Distribution'!$B$4,0) -> 1 | M7: =ROUND(VLOOKUP($C7,RLS!$C$26:$O$31,10,FALSE)*'Unit Distribution'!$B$4,0) -> 1 | N7: =ROUND(VLOOKUP($C7,RLS!$C$26:$O$31,11,FALSE)*'Unit Distribution'!$B$4,0) -> 1 | O7: =ROUND(VLOOKUP($C7,RLS!$C$26:$O$31,12,FALSE)*'Unit Distribution'!$B$4,0) -> 1 | P7: =ROUND(VLOOKUP($C7,RLS!$C$26:$O$31,13,FALSE)*'Unit Distribution'!$B$4,0) -> 1 | Q7: =ROUND(VLOOKUP($C7,RLS!$C$26:$P$31,14,FALSE)*'Unit Distribution'!$C$4,0) -> 2 | R7: =ROUND(VLOOKUP($C7,RLS!$C$26:$P$31,14,FALSE)*'Unit Distribution'!$C$4,0) -> 2 | S7: =ROUND(VLOOKUP($C7,RLS!$C$26:$P$31,14,FALSE)*'Unit Distribution'!$C$4,0) -> 2 | T7: =ROUND(VLOOKUP($C7,RLS!$C$26:$P$31,14,FALSE)*'Unit Distribution'!$C$4,0) -> 2 | U7: =ROUND(VLOOKUP($C7,RLS!$C$26:$P$31,14,FALSE)*'Unit Distribution'!$C$4,0) -> 2 | V7: =ROUND(VLOOKUP($C7,RLS!$C$26:$P$31,14,FALSE)*'Unit Distribution'!$C$4,0) -> 2 | W7: =ROUND(VLOOKUP($C7,RLS!$C$26:$P$31,14,FALSE)*'Unit Distribution'!$C$4,0) -> 2 | X7: =ROUND(VLOOKUP($C7,RLS!$C$26:$P$31,14,FALSE)*'Unit Distribution'!$C$4,0) -> 2 | ... AB7: =ROUND(VLOOKUP($C7,RLS!$C$26:$P$31,14,FALSE)*'Unit Distribution'!$C$4,0) -> 2 | AC7: =VLOOKUP($C7,RLS!$C$26:$AB$31,26,FALSE)-AC6-AC8 -> 2 | AD7: =VLOOKUP($C7,RLS!$C$26:$AB$31,26,FALSE)-AD6-AD8 -> 2 | AE7: =VLOOKUP($C7,RLS!$C$26:$AB$31,26,FALSE)-AE6-AE8 -> 2 | AF7: =VLOOKUP($C7,RLS!$C$26:$AB$31,26,FALSE)-AF6-AF8 -> 2 | AG7: =VLOOKUP($C7,RLS!$C$26:$AB$31,26,FALSE)-AG6-AG8 -> 2 | AH7: =VLOOKUP($C7,RLS!$C$26:$AB$31,26,FALSE)-AH6-AH8 -> 2 | AI7: =VLOOKUP($C7,RLS!$C$26:$AB$31,26,FALSE)-AI6-AI8 -> 2 | AJ7: =VLOOKUP($C7,RLS!$C$26:$AB$31,26,FALSE)-AJ6-AJ8 -> 2 | ... AN7: =VLOOKUP($C7,RLS!$C$26:$AB$31,26,FALSE)-AN6-AN8 -> 2 | AO7: =VLOOKUP($C7,RLS!$C$26:$AN$31,38,FALSE)-AO6-AO8 -> 2 | AP7: =VLOOKUP($C7,RLS!$C$26:$AN$31,38,FALSE)-AP6-AP8 -> 2 | AQ7: =VLOOKUP($C7,RLS!$C$26:$AN$31,38,FALSE)-AQ6-AQ8 -> 2 | AR7: =VLOOKUP($C7,RLS!$C$26:$AN$31,38,FALSE)-AR6-AR8 -> 2 | AS7: =VLOOKUP($C7,RLS!$C$26:$AN$31,38,FALSE)-AS6-AS8 -> 2 | AT7: =VLOOKUP($C7,RLS!$C$26:$AN$31,38,FALSE)-AT6-AT8 -> 2 | AU7: =VLOOKUP($C7,RLS!$C$26:$AN$31,38,FALSE)-AU6-AU8 -> 2 | AV7: =VLOOKUP($C7,RLS!$C$26:$AN$31,38,FALSE)-AV6-AV8 -> 2 | ... AZ7: =VLOOKUP($C7,RLS!$C$26:$AN$31,38,FALSE)-AZ6-AZ8 -> 2 | BA7: =VLOOKUP($C7,RLS!$C$26:$AZ$31,50,FALSE)-BA6-BA8 -> 2 | BB7: =VLOOKUP($C7,RLS!$C$26:$AZ$31,50,FALSE)-BB6-BB8 -> 2 | BC7: =VLOOKUP($C7,RLS!$C$26:$AZ$31,50,FALSE)-BC6-BC8 -> 2 | BD7: =VLOOKUP($C7,RLS!$C$26:$AZ$31,50,FALSE)-BD6-BD8 -> 2 | BE7: =VLOOKUP($C7,RLS!$C$26:$AZ$31,50,FALSE)-BE6-BE8 -> 2 | BF7: =VLOOKUP($C7,RLS!$C$26:$AZ$31,50,FALSE)-BF6-BF8 -> 2 | BG7: =VLOOKUP($C7,RLS!$C$26:$AZ$31,50,FALSE)-BG6-BG8 -> 2 | BH7: =VLOOKUP($C7,RLS!$C$26:$AZ$31,50,FALSE)-BH6-BH8 -> 2 | ... BL7: =VLOOKUP($C7,RLS!$C$26:$AZ$31,50,FALSE)-BL6-BL8 -> 2
A8: Dev | B8: India | C8: =A8&B8 -> DevIndia | D8: Team | E8: =VLOOKUP($C8,RLS!$C$26:$O$31,2,FALSE)-E6-E7 -> 2 | F8: =VLOOKUP($C8,RLS!$C$26:$O$31,3,FALSE)-F6-F7 -> 2 | G8: =VLOOKUP($C8,RLS!$C$26:$O$31,4,FALSE)-G6-G7 -> 2 | H8: =VLOOKUP($C8,RLS!$C$26:$O$31,5,FALSE)-H6-H7 -> 2 | I8: =VLOOKUP($C8,RLS!$C$26:$O$31,6,FALSE)-I6-I7 -> 2 | J8: =VLOOKUP($C8,RLS!$C$26:$O$31,7,FALSE)-J6-J7 -> 2 | K8: =VLOOKUP($C8,RLS!$C$26:$O$31,8,FALSE)-K6-K7 -> 2 | L8: =VLOOKUP($C8,RLS!$C$26:$O$31,9,FALSE)-L6-L7 -> 2 | M8: =VLOOKUP($C8,RLS!$C$26:$O$31,10,FALSE)-M6-M7 -> 2 | N8: =VLOOKUP($C8,RLS!$C$26:$O$31,11,FALSE)-N6-N7 -> 2 | O8: =VLOOKUP($C8,RLS!$C$26:$O$31,12,FALSE)-O6-O7 -> 2 | P8: =VLOOKUP($C8,RLS!$C$26:$O$31,13,FALSE)-P6-P7 -> 2 | Q8: =VLOOKUP($C8,RLS!$C$26:$P$31,14,FALSE)-Q6-Q7 -> 1 | R8: =VLOOKUP($C8,RLS!$C$26:$P$31,14,FALSE)-R6-R7 -> 1 | S8: =VLOOKUP($C8,RLS!$C$26:$P$31,14,FALSE)-S6-S7 -> 1 | T8: =VLOOKUP($C8,RLS!$C$26:$P$31,14,FALSE)-T6-T7 -> 1 | U8: =VLOOKUP($C8,RLS!$C$26:$P$31,14,FALSE)-U6-U7 -> 1 | V8: =VLOOKUP($C8,RLS!$C$26:$P$31,14,FALSE)-V6-V7 -> 1 | W8: =VLOOKUP($C8,RLS!$C$26:$P$31,14,FALSE)-W6-W7 -> 1 | X8: =VLOOKUP($C8,RLS!$C$26:$P$31,14,FALSE)-X6-X7 -> 1 | ... AB8: =VLOOKUP($C8,RLS!$C$26:$P$31,14,FALSE)-AB6-AB7 -> 1 | AC8: =ROUND(VLOOKUP($C8,RLS!$C$26:$AB$31,26,FALSE)*'Unit Distribution'!$D$5,0) -> 0 | AD8: =ROUND(VLOOKUP($C8,RLS!$C$26:$AB$31,26,FALSE)*'Unit Distribution'!$D$5,0) -> 0 | AE8: =ROUND(VLOOKUP($C8,RLS!$C$26:$AB$31,26,FALSE)*'Unit Distribution'!$D$5,0) -> 0 | AF8: =ROUND(VLOOKUP($C8,RLS!$C$26:$AB$31,26,FALSE)*'Unit Distribution'!$D$5,0) -> 0 | AG8: =ROUND(VLOOKUP($C8,RLS!$C$26:$AB$31,26,FALSE)*'Unit Distribution'!$D$5,0) -> 0 | AH8: =ROUND(VLOOKUP($C8,RLS!$C$26:$AB$31,26,FALSE)*'Unit Distribution'!$D$5,0) -> 0 | AI8: =ROUND(VLOOKUP($C8,RLS!$C$26:$AB$31,26,FALSE)*'Unit Distribution'!$D$5,0) -> 0 | AJ8: =ROUND(VLOOKUP($C8,RLS!$C$26:$AB$31,26,FALSE)*'Unit Distribution'!$D$5,0) -> 0 | ... AN8: =ROUND(VLOOKUP($C8,RLS!$C$26:$AB$31,26,FALSE)*'Unit Distribution'!$D$5,0) -> 0 | AO8: =ROUND(VLOOKUP($C8,RLS!$C$26:$AN$31,38,FALSE)*'Unit Distribution'!$E$5,0) -> 0 | AP8: =ROUND(VLOOKUP($C8,RLS!$C$26:$AN$31,38,FALSE)*'Unit Distribution'!$E$5,0) -> 0 | AQ8: =ROUND(VLOOKUP($C8,RLS!$C$26:$AN$31,38,FALSE)*'Unit Distribution'!$E$5,0) -> 0 | AR8: =ROUND(VLOOKUP($C8,RLS!$C$26:$AN$31,38,FALSE)*'Unit Distribution'!$E$5,0) -> 0 | AS8: =ROUND(VLOOKUP($C8,RLS!$C$26:$AN$31,38,FALSE)*'Unit Distribution'!$E$5,0) -> 0 | AT8: =ROUND(VLOOKUP($C8,RLS!$C$26:$AN$31,38,FALSE)*'Unit Distribution'!$E$5,0) -> 0 | AU8: =ROUND(VLOOKUP($C8,RLS!$C$26:$AN$31,38,FALSE)*'Unit Distribution'!$E$5,0) -> 0 | AV8: =ROUND(VLOOKUP($C8,RLS!$C$26:$AN$31,38,FALSE)*'Unit Distribution'!$E$5,0) -> 0 | ... AZ8: =ROUND(VLOOKUP($C8,RLS!$C$26:$AN$31,38,FALSE)*'Unit Distribution'!$E$5,0) -> 0 | BA8: =ROUND(VLOOKUP($C8,RLS!$C$26:$AZ$31,50,FALSE)*'Unit Distribution'!$F$5,0) -> 0 | BB8: =ROUND(VLOOKUP($C8,RLS!$C$26:$AZ$31,50,FALSE)*'Unit Distribution'!$F$5,0) -> 0 | BC8: =ROUND(VLOOKUP($C8,RLS!$C$26:$AZ$31,50,FALSE)*'Unit Distribution'!$F$5,0) -> 0 | BD8: =ROUND(VLOOKUP($C8,RLS!$C$26:$AZ$31,50,FALSE)*'Unit Distribution'!$F$5,0) -> 0 | BE8: =ROUND(VLOOKUP($C8,RLS!$C$26:$AZ$31,50,FALSE)*'Unit Distribution'!$F$5,0) -> 0 | BF8: =ROUND(VLOOKUP($C8,RLS!$C$26:$AZ$31,50,FALSE)*'Unit Distribution'!$F$5,0) -> 0 | BG8: =ROUND(VLOOKUP($C8,RLS!$C$26:$AZ$31,50,FALSE)*'Unit Distribution'!$F$5,0) -> 0 | BH8: =ROUND(VLOOKUP($C8,RLS!$C$26:$AZ$31,50,FALSE)*'Unit Distribution'!$F$5,0) -> 0 | ... BL8: =ROUND(VLOOKUP($C8,RLS!$C$26:$AZ$31,50,FALSE)*'Unit Distribution'!$F$5,0) -> 0
A9: Tester | B9: India | C9: =A9&B9 -> TesterIndia | D9: POD1 | E9: =ROUND(VLOOKUP($C9,RLS!$C$26:$O$31,2,FALSE)*'Unit Distribution'!$B$3,0) -> 1 | F9: =ROUND(VLOOKUP($C9,RLS!$C$26:$O$31,3,FALSE)*'Unit Distribution'!$B$3,0) -> 1 | G9: =ROUND(VLOOKUP($C9,RLS!$C$26:$O$31,4,FALSE)*'Unit Distribution'!$B$3,0) -> 1 | H9: =ROUND(VLOOKUP($C9,RLS!$C$26:$O$31,5,FALSE)*'Unit Distribution'!$B$3,0) -> 1 | I9: =ROUND(VLOOKUP($C9,RLS!$C$26:$O$31,6,FALSE)*'Unit Distribution'!$B$3,0) -> 1 | J9: =ROUND(VLOOKUP($C9,RLS!$C$26:$O$31,7,FALSE)*'Unit Distribution'!$B$3,0) -> 1 | K9: =ROUND(VLOOKUP($C9,RLS!$C$26:$O$31,8,FALSE)*'Unit Distribution'!$B$3,0) -> 1 | L9: =ROUND(VLOOKUP($C9,RLS!$C$26:$O$31,9,FALSE)*'Unit Distribution'!$B$3,0) -> 1 | M9: =ROUND(VLOOKUP($C9,RLS!$C$26:$O$31,10,FALSE)*'Unit Distribution'!$B$3,0) -> 1 | N9: =ROUND(VLOOKUP($C9,RLS!$C$26:$O$31,11,FALSE)*'Unit Distribution'!$B$3,0) -> 1 | O9: =ROUND(VLOOKUP($C9,RLS!$C$26:$O$31,12,FALSE)*'Unit Distribution'!$B$3,0) -> 1 | P9: =ROUND(VLOOKUP($C9,RLS!$C$26:$O$31,13,FALSE)*'Unit Distribution'!$B$3,0) -> 1 | Q9: =ROUND(VLOOKUP($C9,RLS!$C$26:$P$31,14,FALSE)*'Unit Distribution'!$C$3,0) -> 1 | R9: =ROUND(VLOOKUP($C9,RLS!$C$26:$P$31,14,FALSE)*'Unit Distribution'!$C$3,0) -> 1 | S9: =ROUND(VLOOKUP($C9,RLS!$C$26:$P$31,14,FALSE)*'Unit Distribution'!$C$3,0) -> 1 | T9: =ROUND(VLOOKUP($C9,RLS!$C$26:$P$31,14,FALSE)*'Unit Distribution'!$C$3,0) -> 1 | U9: =ROUND(VLOOKUP($C9,RLS!$C$26:$P$31,14,FALSE)*'Unit Distribution'!$C$3,0) -> 1 | V9: =ROUND(VLOOKUP($C9,RLS!$C$26:$P$31,14,FALSE)*'Unit Distribution'!$C$3,0) -> 1 | W9: =ROUND(VLOOKUP($C9,RLS!$C$26:$P$31,14,FALSE)*'Unit Distribution'!$C$3,0) -> 1 | X9: =ROUND(VLOOKUP($C9,RLS!$C$26:$P$31,14,FALSE)*'Unit Distribution'!$C$3,0) -> 1 | ... AB9: =ROUND(VLOOKUP($C9,RLS!$C$26:$P$31,14,FALSE)*'Unit Distribution'!$C$3,0) -> 1 | AC9: =ROUND(VLOOKUP($C9,RLS!$C$26:$AB$31,26,FALSE)*'Unit Distribution'!$D$3,0) -> 2 | AD9: =ROUND(VLOOKUP($C9,RLS!$C$26:$AB$31,26,FALSE)*'Unit Distribution'!$D$3,0) -> 2 | AE9: =ROUND(VLOOKUP($C9,RLS!$C$26:$AB$31,26,FALSE)*'Unit Distribution'!$D$3,0) -> 2 | AF9: =ROUND(VLOOKUP($C9,RLS!$C$26:$AB$31,26,FALSE)*'Unit Distribution'!$D$3,0) -> 2 | AG9: =ROUND(VLOOKUP($C9,RLS!$C$26:$AB$31,26,FALSE)*'Unit Distribution'!$D$3,0) -> 2 | AH9: =ROUND(VLOOKUP($C9,RLS!$C$26:$AB$31,26,FALSE)*'Unit Distribution'!$D$3,0) -> 2 | AI9: =ROUND(VLOOKUP($C9,RLS!$C$26:$AB$31,26,FALSE)*'Unit Distribution'!$D$3,0) -> 2 | AJ9: =ROUND(VLOOKUP($C9,RLS!$C$26:$AB$31,26,FALSE)*'Unit Distribution'!$D$3,0) -> 2 | ... AN9: =ROUND(VLOOKUP($C9,RLS!$C$26:$AB$31,26,FALSE)*'Unit Distribution'!$D$3,0) -> 2 | AO9: =ROUND(VLOOKUP($C9,RLS!$C$26:$AN$31,38,FALSE)*'Unit Distribution'!$E$3,0) -> 2 | AP9: =ROUND(VLOOKUP($C9,RLS!$C$26:$AN$31,38,FALSE)*'Unit Distribution'!$E$3,0) -> 2 | AQ9: =ROUND(VLOOKUP($C9,RLS!$C$26:$AN$31,38,FALSE)*'Unit Distribution'!$E$3,0) -> 2 | AR9: =ROUND(VLOOKUP($C9,RLS!$C$26:$AN$31,38,FALSE)*'Unit Distribution'!$E$3,0) -> 2 | AS9: =ROUND(VLOOKUP($C9,RLS!$C$26:$AN$31,38,FALSE)*'Unit Distribution'!$E$3,0) -> 2 | AT9: =ROUND(VLOOKUP($C9,RLS!$C$26:$AN$31,38,FALSE)*'Unit Distribution'!$E$3,0) -> 2 | AU9: =ROUND(VLOOKUP($C9,RLS!$C$26:$AN$31,38,FALSE)*'Unit Distribution'!$E$3,0) -> 2 | AV9: =ROUND(VLOOKUP($C9,RLS!$C$26:$AN$31,38,FALSE)*'Unit Distribution'!$E$3,0) -> 2 | ... AZ9: =ROUND(VLOOKUP($C9,RLS!$C$26:$AN$31,38,FALSE)*'Unit Distribution'!$E$3,0) -> 2 | BA9: =ROUNDDOWN(VLOOKUP($C9,RLS!$C$26:$AZ$31,50,FALSE)*'Unit Distribution'!$F$3,0) -> 1 | BB9: =ROUNDDOWN(VLOOKUP($C9,RLS!$C$26:$AZ$31,50,FALSE)*'Unit Distribution'!$F$3,0) -> 1 | BC9: =ROUNDDOWN(VLOOKUP($C9,RLS!$C$26:$AZ$31,50,FALSE)*'Unit Distribution'!$F$3,0) -> 1 | BD9: =ROUNDDOWN(VLOOKUP($C9,RLS!$C$26:$AZ$31,50,FALSE)*'Unit Distribution'!$F$3,0) -> 1 | BE9: =ROUNDDOWN(VLOOKUP($C9,RLS!$C$26:$AZ$31,50,FALSE)*'Unit Distribution'!$F$3,0) -> 1 | BF9: =ROUNDDOWN(VLOOKUP($C9,RLS!$C$26:$AZ$31,50,FALSE)*'Unit Distribution'!$F$3,0) -> 1 | BG9: =ROUNDDOWN(VLOOKUP($C9,RLS!$C$26:$AZ$31,50,FALSE)*'Unit Distribution'!$F$3,0) -> 1 | BH9: =ROUNDDOWN(VLOOKUP($C9,RLS!$C$26:$AZ$31,50,FALSE)*'Unit Distribution'!$F$3,0) -> 1 | ... BL9: =ROUNDDOWN(VLOOKUP($C9,RLS!$C$26:$AZ$31,50,FALSE)*'Unit Distribution'!$F$3,0) -> 1
A10: Tester | B10: India | C10: =A10&B10 -> TesterIndia | D10: POD2 | E10: =ROUND(VLOOKUP($C10,RLS!$C$26:$O$31,2,FALSE)*'Unit Distribution'!$B$4,0) -> 1 | F10: =ROUND(VLOOKUP($C10,RLS!$C$26:$O$31,3,FALSE)*'Unit Distribution'!$B$4,0) -> 1 | G10: =ROUND(VLOOKUP($C10,RLS!$C$26:$O$31,4,FALSE)*'Unit Distribution'!$B$4,0) -> 1 | H10: =ROUND(VLOOKUP($C10,RLS!$C$26:$O$31,5,FALSE)*'Unit Distribution'!$B$4,0) -> 1 | I10: =ROUND(VLOOKUP($C10,RLS!$C$26:$O$31,6,FALSE)*'Unit Distribution'!$B$4,0) -> 1 | J10: =ROUND(VLOOKUP($C10,RLS!$C$26:$O$31,7,FALSE)*'Unit Distribution'!$B$4,0) -> 1 | K10: =ROUND(VLOOKUP($C10,RLS!$C$26:$O$31,8,FALSE)*'Unit Distribution'!$B$4,0) -> 1 | L10: =ROUND(VLOOKUP($C10,RLS!$C$26:$O$31,9,FALSE)*'Unit Distribution'!$B$4,0) -> 1 | M10: =ROUND(VLOOKUP($C10,RLS!$C$26:$O$31,10,FALSE)*'Unit Distribution'!$B$4,0) -> 1 | N10: =ROUND(VLOOKUP($C10,RLS!$C$26:$O$31,11,FALSE)*'Unit Distribution'!$B$4,0) -> 1 | O10: =ROUND(VLOOKUP($C10,RLS!$C$26:$O$31,12,FALSE)*'Unit Distribution'!$B$4,0) -> 1 | P10: =ROUND(VLOOKUP($C10,RLS!$C$26:$O$31,13,FALSE)*'Unit Distribution'!$B$4,0) -> 1 | Q10: =ROUND(VLOOKUP($C10,RLS!$C$26:$P$31,14,FALSE)*'Unit Distribution'!$C$4,0) -> 1 | R10: =ROUND(VLOOKUP($C10,RLS!$C$26:$P$31,14,FALSE)*'Unit Distribution'!$C$4,0) -> 1 | S10: =ROUND(VLOOKUP($C10,RLS!$C$26:$P$31,14,FALSE)*'Unit Distribution'!$C$4,0) -> 1 | T10: =ROUND(VLOOKUP($C10,RLS!$C$26:$P$31,14,FALSE)*'Unit Distribution'!$C$4,0) -> 1 | U10: =ROUND(VLOOKUP($C10,RLS!$C$26:$P$31,14,FALSE)*'Unit Distribution'!$C$4,0) -> 1 | V10: =ROUND(VLOOKUP($C10,RLS!$C$26:$P$31,14,FALSE)*'Unit Distribution'!$C$4,0) -> 1 | W10: =ROUND(VLOOKUP($C10,RLS!$C$26:$P$31,14,FALSE)*'Unit Distribution'!$C$4,0) -> 1 | X10: =ROUND(VLOOKUP($C10,RLS!$C$26:$P$31,14,FALSE)*'Unit Distribution'!$C$4,0) -> 1 | ... AB10: =ROUND(VLOOKUP($C10,RLS!$C$26:$P$31,14,FALSE)*'Unit Distribution'!$C$4,0) -> 1 | AC10: =VLOOKUP($C10,RLS!$C$26:$AB$31,26,FALSE)-AC9-AC11 -> 2 | AD10: =VLOOKUP($C10,RLS!$C$26:$AB$31,26,FALSE)-AD9-AD11 -> 2 | AE10: =VLOOKUP($C10,RLS!$C$26:$AB$31,26,FALSE)-AE9-AE11 -> 2 | AF10: =VLOOKUP($C10,RLS!$C$26:$AB$31,26,FALSE)-AF9-AF11 -> 2 | AG10: =VLOOKUP($C10,RLS!$C$26:$AB$31,26,FALSE)-AG9-AG11 -> 2 | AH10: =VLOOKUP($C10,RLS!$C$26:$AB$31,26,FALSE)-AH9-AH11 -> 2 | AI10: =VLOOKUP($C10,RLS!$C$26:$AB$31,26,FALSE)-AI9-AI11 -> 2 | AJ10: =VLOOKUP($C10,RLS!$C$26:$AB$31,26,FALSE)-AJ9-AJ11 -> 2 | ... AN10: =VLOOKUP($C10,RLS!$C$26:$AB$31,26,FALSE)-AN9-AN11 -> 2 | AO10: =VLOOKUP($C10,RLS!$C$26:$AN$31,38,FALSE)-AO9-AO11 -> 1 | AP10: =VLOOKUP($C10,RLS!$C$26:$AN$31,38,FALSE)-AP9-AP11 -> 1 | AQ10: =VLOOKUP($C10,RLS!$C$26:$AN$31,38,FALSE)-AQ9-AQ11 -> 1 | AR10: =VLOOKUP($C10,RLS!$C$26:$AN$31,38,FALSE)-AR9-AR11 -> 1 | AS10: =VLOOKUP($C10,RLS!$C$26:$AN$31,38,FALSE)-AS9-AS11 -> 1 | AT10: =VLOOKUP($C10,RLS!$C$26:$AN$31,38,FALSE)-AT9-AT11 -> 1 | AU10: =VLOOKUP($C10,RLS!$C$26:$AN$31,38,FALSE)-AU9-AU11 -> 1 | AV10: =VLOOKUP($C10,RLS!$C$26:$AN$31,38,FALSE)-AV9-AV11 -> 1 | ... AZ10: =VLOOKUP($C10,RLS!$C$26:$AN$31,38,FALSE)-AZ9-AZ11 -> 1 | BA10: =VLOOKUP($C10,RLS!$C$26:$AZ$31,50,FALSE)-BA9-BA11 -> 2 | BB10: =VLOOKUP($C10,RLS!$C$26:$AZ$31,50,FALSE)-BB9-BB11 -> 2 | BC10: =VLOOKUP($C10,RLS!$C$26:$AZ$31,50,FALSE)-BC9-BC11 -> 2 | BD10: =VLOOKUP($C10,RLS!$C$26:$AZ$31,50,FALSE)-BD9-BD11 -> 2 | BE10: =VLOOKUP($C10,RLS!$C$26:$AZ$31,50,FALSE)-BE9-BE11 -> 2 | BF10: =VLOOKUP($C10,RLS!$C$26:$AZ$31,50,FALSE)-BF9-BF11 -> 2 | BG10: =VLOOKUP($C10,RLS!$C$26:$AZ$31,50,FALSE)-BG9-BG11 -> 2 | BH10: =VLOOKUP($C10,RLS!$C$26:$AZ$31,50,FALSE)-BH9-BH11 -> 2 | ... BL10: =VLOOKUP($C10,RLS!$C$26:$AZ$31,50,FALSE)-BL9-BL11 -> 2
A11: Tester | B11: India | C11: =A11&B11 -> TesterIndia | D11: Team | E11: =VLOOKUP($C11,RLS!$C$26:$O$31,2,FALSE)-E9-E10 -> 1 | F11: =VLOOKUP($C11,RLS!$C$26:$O$31,3,FALSE)-F9-F10 -> 1 | G11: =VLOOKUP($C11,RLS!$C$26:$O$31,4,FALSE)-G9-G10 -> 1 | H11: =VLOOKUP($C11,RLS!$C$26:$O$31,5,FALSE)-H9-H10 -> 1 | I11: =VLOOKUP($C11,RLS!$C$26:$O$31,6,FALSE)-I9-I10 -> 1 | J11: =VLOOKUP($C11,RLS!$C$26:$O$31,7,FALSE)-J9-J10 -> 1 | K11: =VLOOKUP($C11,RLS!$C$26:$O$31,8,FALSE)-K9-K10 -> 1 | L11: =VLOOKUP($C11,RLS!$C$26:$O$31,9,FALSE)-L9-L10 -> 1 | M11: =VLOOKUP($C11,RLS!$C$26:$O$31,10,FALSE)-M9-M10 -> 1 | N11: =VLOOKUP($C11,RLS!$C$26:$O$31,11,FALSE)-N9-N10 -> 1 | O11: =VLOOKUP($C11,RLS!$C$26:$O$31,12,FALSE)-O9-O10 -> 1 | P11: =VLOOKUP($C11,RLS!$C$26:$O$31,13,FALSE)-P9-P10 -> 1 | Q11: =VLOOKUP($C11,RLS!$C$26:$P$31,14,FALSE)-Q9-Q10 -> 1 | R11: =VLOOKUP($C11,RLS!$C$26:$P$31,14,FALSE)-R9-R10 -> 1 | S11: =VLOOKUP($C11,RLS!$C$26:$P$31,14,FALSE)-S9-S10 -> 1 | T11: =VLOOKUP($C11,RLS!$C$26:$P$31,14,FALSE)-T9-T10 -> 1 | U11: =VLOOKUP($C11,RLS!$C$26:$P$31,14,FALSE)-U9-U10 -> 1 | V11: =VLOOKUP($C11,RLS!$C$26:$P$31,14,FALSE)-V9-V10 -> 1 | W11: =VLOOKUP($C11,RLS!$C$26:$P$31,14,FALSE)-W9-W10 -> 1 | X11: =VLOOKUP($C11,RLS!$C$26:$P$31,14,FALSE)-X9-X10 -> 1 | ... AB11: =VLOOKUP($C11,RLS!$C$26:$P$31,14,FALSE)-AB9-AB10 -> 1 | AC11: =ROUND(VLOOKUP($C11,RLS!$C$26:$AB$31,26,FALSE)*'Unit Distribution'!$D$5,0) -> 0 | AD11: =ROUND(VLOOKUP($C11,RLS!$C$26:$AB$31,26,FALSE)*'Unit Distribution'!$D$5,0) -> 0 | AE11: =ROUND(VLOOKUP($C11,RLS!$C$26:$AB$31,26,FALSE)*'Unit Distribution'!$D$5,0) -> 0 | AF11: =ROUND(VLOOKUP($C11,RLS!$C$26:$AB$31,26,FALSE)*'Unit Distribution'!$D$5,0) -> 0 | AG11: =ROUND(VLOOKUP($C11,RLS!$C$26:$AB$31,26,FALSE)*'Unit Distribution'!$D$5,0) -> 0 | AH11: =ROUND(VLOOKUP($C11,RLS!$C$26:$AB$31,26,FALSE)*'Unit Distribution'!$D$5,0) -> 0 | AI11: =ROUND(VLOOKUP($C11,RLS!$C$26:$AB$31,26,FALSE)*'Unit Distribution'!$D$5,0) -> 0 | AJ11: =ROUND(VLOOKUP($C11,RLS!$C$26:$AB$31,26,FALSE)*'Unit Distribution'!$D$5,0) -> 0 | ... AN11: =ROUND(VLOOKUP($C11,RLS!$C$26:$AB$31,26,FALSE)*'Unit Distribution'!$D$5,0) -> 0 | AO11: =ROUND(VLOOKUP($C11,RLS!$C$26:$AN$31,38,FALSE)*'Unit Distribution'!$E$5,0) -> 0 | AP11: =ROUND(VLOOKUP($C11,RLS!$C$26:$AN$31,38,FALSE)*'Unit Distribution'!$E$5,0) -> 0 | AQ11: =ROUND(VLOOKUP($C11,RLS!$C$26:$AN$31,38,FALSE)*'Unit Distribution'!$E$5,0) -> 0 | AR11: =ROUND(VLOOKUP($C11,RLS!$C$26:$AN$31,38,FALSE)*'Unit Distribution'!$E$5,0) -> 0 | AS11: =ROUND(VLOOKUP($C11,RLS!$C$26:$AN$31,38,FALSE)*'Unit Distribution'!$E$5,0) -> 0 | AT11: =ROUND(VLOOKUP($C11,RLS!$C$26:$AN$31,38,FALSE)*'Unit Distribution'!$E$5,0) -> 0 | AU11: =ROUND(VLOOKUP($C11,RLS!$C$26:$AN$31,38,FALSE)*'Unit Distribution'!$E$5,0) -> 0 | AV11: =ROUND(VLOOKUP($C11,RLS!$C$26:$AN$31,38,FALSE)*'Unit Distribution'!$E$5,0) -> 0 | ... AZ11: =ROUND(VLOOKUP($C11,RLS!$C$26:$AN$31,38,FALSE)*'Unit Distribution'!$E$5,0) -> 0 | BA11: =ROUND(VLOOKUP($C11,RLS!$C$26:$AZ$31,50,FALSE)*'Unit Distribution'!$F$5,0) -> 0 | BB11: =ROUND(VLOOKUP($C11,RLS!$C$26:$AZ$31,50,FALSE)*'Unit Distribution'!$F$5,0) -> 0 | BC11: =ROUND(VLOOKUP($C11,RLS!$C$26:$AZ$31,50,FALSE)*'Unit Distribution'!$F$5,0) -> 0 | BD11: =ROUND(VLOOKUP($C11,RLS!$C$26:$AZ$31,50,FALSE)*'Unit Distribution'!$F$5,0) -> 0 | BE11: =ROUND(VLOOKUP($C11,RLS!$C$26:$AZ$31,50,FALSE)*'Unit Distribution'!$F$5,0) -> 0 | BF11: =ROUND(VLOOKUP($C11,RLS!$C$26:$AZ$31,50,FALSE)*'Unit Distribution'!$F$5,0) -> 0 | BG11: =ROUND(VLOOKUP($C11,RLS!$C$26:$AZ$31,50,FALSE)*'Unit Distribution'!$F$5,0) -> 0 | BH11: =ROUND(VLOOKUP($C11,RLS!$C$26:$AZ$31,50,FALSE)*'Unit Distribution'!$F$5,0) -> 0 | ... BL11: =ROUND(VLOOKUP($C11,RLS!$C$26:$AZ$31,50,FALSE)*'Unit Distribution'!$F$5,0) -> 0
A12: Maintenance | B12: India | C12: =A12&B12 -> MaintenanceIndia | D12: HZ | E12: =VLOOKUP($C12,RLS!$C$26:$O$31,2,FALSE) -> 1 | F12: =VLOOKUP($C12,RLS!$C$26:$O$31,3,FALSE) -> 1 | G12: =VLOOKUP($C12,RLS!$C$26:$O$31,4,FALSE) -> 1 | H12: =VLOOKUP($C12,RLS!$C$26:$O$31,5,FALSE) -> 1 | I12: =VLOOKUP($C12,RLS!$C$26:$O$31,6,FALSE) -> 1 | J12: =VLOOKUP($C12,RLS!$C$26:$O$31,7,FALSE) -> 1 | K12: =VLOOKUP($C12,RLS!$C$26:$O$31,8,FALSE) -> 1 | L12: =VLOOKUP($C12,RLS!$C$26:$O$31,9,FALSE) -> 1 | M12: =VLOOKUP($C12,RLS!$C$26:$O$31,10,FALSE) -> 1 | N12: =VLOOKUP($C12,RLS!$C$26:$O$31,11,FALSE) -> 1 | O12: =VLOOKUP($C12,RLS!$C$26:$O$31,12,FALSE) -> 1 | P12: =VLOOKUP($C12,RLS!$C$26:$O$31,13,FALSE) -> 1 | Q12: =VLOOKUP($C12,RLS!$C$26:$P$31,14,FALSE) -> 1 | R12: =VLOOKUP($C12,RLS!$C$26:$P$31,14,FALSE) -> 1 | S12: =VLOOKUP($C12,RLS!$C$26:$P$31,14,FALSE) -> 1 | T12: =VLOOKUP($C12,RLS!$C$26:$P$31,14,FALSE) -> 1 | U12: =VLOOKUP($C12,RLS!$C$26:$P$31,14,FALSE) -> 1 | V12: =VLOOKUP($C12,RLS!$C$26:$P$31,14,FALSE) -> 1 | W12: =VLOOKUP($C12,RLS!$C$26:$P$31,14,FALSE) -> 1 | X12: =VLOOKUP($C12,RLS!$C$26:$P$31,14,FALSE) -> 1 | ... AB12: =VLOOKUP($C12,RLS!$C$26:$P$31,14,FALSE) -> 1 | AC12: =VLOOKUP($C12,RLS!$C$26:$AB$31,26,FALSE) -> 2 | AD12: =VLOOKUP($C12,RLS!$C$26:$AB$31,26,FALSE) -> 2 | AE12: =VLOOKUP($C12,RLS!$C$26:$AB$31,26,FALSE) -> 2 | AF12: =VLOOKUP($C12,RLS!$C$26:$AB$31,26,FALSE) -> 2 | AG12: =VLOOKUP($C12,RLS!$C$26:$AB$31,26,FALSE) -> 2 | AH12: =VLOOKUP($C12,RLS!$C$26:$AB$31,26,FALSE) -> 2 | AI12: =VLOOKUP($C12,RLS!$C$26:$AB$31,26,FALSE) -> 2 | AJ12: =VLOOKUP($C12,RLS!$C$26:$AB$31,26,FALSE) -> 2 | ... AN12: =VLOOKUP($C12,RLS!$C$26:$AB$31,26,FALSE) -> 2 | AO12: =VLOOKUP($C12,RLS!$C$26:$AN$31,38,FALSE) -> 1 | AP12: =VLOOKUP($C12,RLS!$C$26:$AN$31,38,FALSE) -> 1 | AQ12: =VLOOKUP($C12,RLS!$C$26:$AN$31,38,FALSE) -> 1 | AR12: =VLOOKUP($C12,RLS!$C$26:$AN$31,38,FALSE) -> 1 | AS12: =VLOOKUP($C12,RLS!$C$26:$AN$31,38,FALSE) -> 1 | AT12: =VLOOKUP($C12,RLS!$C$26:$AN$31,38,FALSE) -> 1 | AU12: =VLOOKUP($C12,RLS!$C$26:$AN$31,38,FALSE) -> 1 | AV12: =VLOOKUP($C12,RLS!$C$26:$AN$31,38,FALSE) -> 1 | ... AZ12: =VLOOKUP($C12,RLS!$C$26:$AN$31,38,FALSE) -> 1 | BA12: =VLOOKUP($C12,RLS!$C$26:$AZ$31,50,FALSE) -> 1 | BB12: =VLOOKUP($C12,RLS!$C$26:$AZ$31,50,FALSE) -> 1 | BC12: =VLOOKUP($C12,RLS!$C$26:$AZ$31,50,FALSE) -> 1 | BD12: =VLOOKUP($C12,RLS!$C$26:$AZ$31,50,FALSE) -> 1 | BE12: =VLOOKUP($C12,RLS!$C$26:$AZ$31,50,FALSE) -> 1 | BF12: =VLOOKUP($C12,RLS!$C$26:$AZ$31,50,FALSE) -> 1 | BG12: =VLOOKUP($C12,RLS!$C$26:$AZ$31,50,FALSE) -> 1 | BH12: =VLOOKUP($C12,RLS!$C$26:$AZ$31,50,FALSE) -> 1 | ... BL12: =VLOOKUP($C12,RLS!$C$26:$AZ$31,50,FALSE) -> 1
A13: PM | B13: India | C13: =A13&B13 -> PMIndia | D13: HZ | E13: =VLOOKUP($C13,RLS!$C$26:$O$31,2,FALSE) -> 0 | F13: =VLOOKUP($C13,RLS!$C$26:$O$31,3,FALSE) -> 0 | G13: =VLOOKUP($C13,RLS!$C$26:$O$31,4,FALSE) -> 0 | H13: =VLOOKUP($C13,RLS!$C$26:$O$31,5,FALSE) -> 0 | I13: =VLOOKUP($C13,RLS!$C$26:$O$31,6,FALSE) -> 0 | J13: =VLOOKUP($C13,RLS!$C$26:$O$31,7,FALSE) -> 0 | K13: =VLOOKUP($C13,RLS!$C$26:$O$31,8,FALSE) -> 0 | L13: =VLOOKUP($C13,RLS!$C$26:$O$31,9,FALSE) -> 0 | M13: =VLOOKUP($C13,RLS!$C$26:$O$31,10,FALSE) -> 0 | N13: =VLOOKUP($C13,RLS!$C$26:$O$31,11,FALSE) -> 0 | O13: =VLOOKUP($C13,RLS!$C$26:$O$31,12,FALSE) -> 0 | P13: =VLOOKUP($C13,RLS!$C$26:$O$31,13,FALSE) -> 0 | Q13: =VLOOKUP($C13,RLS!$C$26:$P$31,14,FALSE) -> 1 | R13: =VLOOKUP($C13,RLS!$C$26:$P$31,14,FALSE) -> 1 | S13: =VLOOKUP($C13,RLS!$C$26:$P$31,14,FALSE) -> 1 | T13: =VLOOKUP($C13,RLS!$C$26:$P$31,14,FALSE) -> 1 | U13: =VLOOKUP($C13,RLS!$C$26:$P$31,14,FALSE) -> 1 | V13: =VLOOKUP($C13,RLS!$C$26:$P$31,14,FALSE) -> 1 | W13: =VLOOKUP($C13,RLS!$C$26:$P$31,14,FALSE) -> 1 | X13: =VLOOKUP($C13,RLS!$C$26:$P$31,14,FALSE) -> 1 | ... AB13: =VLOOKUP($C13,RLS!$C$26:$P$31,14,FALSE) -> 1 | AC13: =VLOOKUP($C13,RLS!$C$26:$AB$31,26,FALSE) -> 1 | AD13: =VLOOKUP($C13,RLS!$C$26:$AB$31,26,FALSE) -> 1 | AE13: =VLOOKUP($C13,RLS!$C$26:$AB$31,26,FALSE) -> 1 | AF13: =VLOOKUP($C13,RLS!$C$26:$AB$31,26,FALSE) -> 1 | AG13: =VLOOKUP($C13,RLS!$C$26:$AB$31,26,FALSE) -> 1 | AH13: =VLOOKUP($C13,RLS!$C$26:$AB$31,26,FALSE) -> 1 | AI13: =VLOOKUP($C13,RLS!$C$26:$AB$31,26,FALSE) -> 1 | AJ13: =VLOOKUP($C13,RLS!$C$26:$AB$31,26,FALSE) -> 1 | ... AN13: =VLOOKUP($C13,RLS!$C$26:$AB$31,26,FALSE) -> 1 | AO13: =VLOOKUP($C13,RLS!$C$26:$AN$31,38,FALSE) -> 1 | AP13: =VLOOKUP($C13,RLS!$C$26:$AN$31,38,FALSE) -> 1 | AQ13: =VLOOKUP($C13,RLS!$C$26:$AN$31,38,FALSE) -> 1 | AR13: =VLOOKUP($C13,RLS!$C$26:$AN$31,38,FALSE) -> 1 | AS13: =VLOOKUP($C13,RLS!$C$26:$AN$31,38,FALSE) -> 1 | AT13: =VLOOKUP($C13,RLS!$C$26:$AN$31,38,FALSE) -> 1 | AU13: =VLOOKUP($C13,RLS!$C$26:$AN$31,38,FALSE) -> 1 | AV13: =VLOOKUP($C13,RLS!$C$26:$AN$31,38,FALSE) -> 1 | ... AZ13: =VLOOKUP($C13,RLS!$C$26:$AN$31,38,FALSE) -> 1 | BA13: =VLOOKUP($C13,RLS!$C$26:$AZ$31,50,FALSE) -> 0 | BB13: =VLOOKUP($C13,RLS!$C$26:$AZ$31,50,FALSE) -> 0 | BC13: =VLOOKUP($C13,RLS!$C$26:$AZ$31,50,FALSE) -> 0 | BD13: =VLOOKUP($C13,RLS!$C$26:$AZ$31,50,FALSE) -> 0 | BE13: =VLOOKUP($C13,RLS!$C$26:$AZ$31,50,FALSE) -> 0 | BF13: =VLOOKUP($C13,RLS!$C$26:$AZ$31,50,FALSE) -> 0 | BG13: =VLOOKUP($C13,RLS!$C$26:$AZ$31,50,FALSE) -> 0 | BH13: =VLOOKUP($C13,RLS!$C$26:$AZ$31,50,FALSE) -> 0 | ... BL13: =VLOOKUP($C13,RLS!$C$26:$AZ$31,50,FALSE) -> 0
A14: Lead | B14: India | C14: =A14&B14 -> LeadIndia | D14: POD1 | E14: =VLOOKUP($C14,RLS!$C$26:$O$31,2,FALSE) -> 1 | F14: =VLOOKUP($C14,RLS!$C$26:$O$31,3,FALSE) -> 1 | G14: =VLOOKUP($C14,RLS!$C$26:$O$31,4,FALSE) -> 1 | H14: =VLOOKUP($C14,RLS!$C$26:$O$31,5,FALSE) -> 1 | I14: =VLOOKUP($C14,RLS!$C$26:$O$31,6,FALSE) -> 1 | J14: =VLOOKUP($C14,RLS!$C$26:$O$31,7,FALSE) -> 1 | K14: =VLOOKUP($C14,RLS!$C$26:$O$31,8,FALSE) -> 1 | L14: =VLOOKUP($C14,RLS!$C$26:$O$31,9,FALSE) -> 1 | M14: =VLOOKUP($C14,RLS!$C$26:$O$31,10,FALSE) -> 1 | N14: =VLOOKUP($C14,RLS!$C$26:$O$31,11,FALSE) -> 1 | O14: =VLOOKUP($C14,RLS!$C$26:$O$31,12,FALSE) -> 1 | P14: =VLOOKUP($C14,RLS!$C$26:$O$31,13,FALSE) -> 1 | Q14: =VLOOKUP($C14,RLS!$C$26:$P$31,14,FALSE) -> 1 | R14: =VLOOKUP($C14,RLS!$C$26:$P$31,14,FALSE) -> 1 | S14: =VLOOKUP($C14,RLS!$C$26:$P$31,14,FALSE) -> 1 | T14: =VLOOKUP($C14,RLS!$C$26:$P$31,14,FALSE) -> 1 | U14: =VLOOKUP($C14,RLS!$C$26:$P$31,14,FALSE) -> 1 | V14: =VLOOKUP($C14,RLS!$C$26:$P$31,14,FALSE) -> 1 | W14: =VLOOKUP($C14,RLS!$C$26:$P$31,14,FALSE) -> 1 | X14: =VLOOKUP($C14,RLS!$C$26:$P$31,14,FALSE) -> 1 | ... AB14: =VLOOKUP($C14,RLS!$C$26:$P$31,14,FALSE) -> 1 | AC14: =VLOOKUP($C14,RLS!$C$26:$AB$31,26,FALSE) -> 1 | AD14: =VLOOKUP($C14,RLS!$C$26:$AB$31,26,FALSE) -> 1 | AE14: =VLOOKUP($C14,RLS!$C$26:$AB$31,26,FALSE) -> 1 | AF14: =VLOOKUP($C14,RLS!$C$26:$AB$31,26,FALSE) -> 1 | AG14: =VLOOKUP($C14,RLS!$C$26:$AB$31,26,FALSE) -> 1 | AH14: =VLOOKUP($C14,RLS!$C$26:$AB$31,26,FALSE) -> 1 | AI14: =VLOOKUP($C14,RLS!$C$26:$AB$31,26,FALSE) -> 1 | AJ14: =VLOOKUP($C14,RLS!$C$26:$AB$31,26,FALSE) -> 1 | ... AN14: =VLOOKUP($C14,RLS!$C$26:$AB$31,26,FALSE) -> 1 | AO14: =VLOOKUP($C14,RLS!$C$26:$AN$31,38,FALSE) -> 1 | AP14: =VLOOKUP($C14,RLS!$C$26:$AN$31,38,FALSE) -> 1 | AQ14: =VLOOKUP($C14,RLS!$C$26:$AN$31,38,FALSE) -> 1 | AR14: =VLOOKUP($C14,RLS!$C$26:$AN$31,38,FALSE) -> 1 | AS14: =VLOOKUP($C14,RLS!$C$26:$AN$31,38,FALSE) -> 1 | AT14: =VLOOKUP($C14,RLS!$C$26:$AN$31,38,FALSE) -> 1 | AU14: =VLOOKUP($C14,RLS!$C$26:$AN$31,38,FALSE) -> 1 | AV14: =VLOOKUP($C14,RLS!$C$26:$AN$31,38,FALSE) -> 1 | ... AZ14: =VLOOKUP($C14,RLS!$C$26:$AN$31,38,FALSE) -> 1 | BA14: =VLOOKUP($C14,RLS!$C$26:$AZ$31,50,FALSE) -> 1 | BB14: =VLOOKUP($C14,RLS!$C$26:$AZ$31,50,FALSE) -> 1 | BC14: =VLOOKUP($C14,RLS!$C$26:$AZ$31,50,FALSE) -> 1 | BD14: =VLOOKUP($C14,RLS!$C$26:$AZ$31,50,FALSE) -> 1 | BE14: =VLOOKUP($C14,RLS!$C$26:$AZ$31,50,FALSE) -> 1 | BF14: =VLOOKUP($C14,RLS!$C$26:$AZ$31,50,FALSE) -> 1 | BG14: =VLOOKUP($C14,RLS!$C$26:$AZ$31,50,FALSE) -> 1 | BH14: =VLOOKUP($C14,RLS!$C$26:$AZ$31,50,FALSE) -> 1 | ... BL14: =VLOOKUP($C14,RLS!$C$26:$AZ$31,50,FALSE) -> 1
A15: BSA | B15: Onsite | C15: =A15&B15 -> BSAOnsite | D15: POD1 | E15: =ROUND(VLOOKUP($C15,RLS!$C$32:$O$36,2,FALSE)*'Unit Distribution'!$B$3,0) -> 1 | F15: =ROUND(VLOOKUP($C15,RLS!$C$32:$O$36,3,FALSE)*'Unit Distribution'!$B$3,0) -> 1 | G15: =ROUND(VLOOKUP($C15,RLS!$C$32:$O$36,4,FALSE)*'Unit Distribution'!$B$3,0) -> 1 | H15: =ROUND(VLOOKUP($C15,RLS!$C$32:$O$36,5,FALSE)*'Unit Distribution'!$B$3,0) -> 1 | I15: =ROUND(VLOOKUP($C15,RLS!$C$32:$O$36,6,FALSE)*'Unit Distribution'!$B$3,0) -> 1 | J15: =ROUND(VLOOKUP($C15,RLS!$C$32:$O$36,7,FALSE)*'Unit Distribution'!$B$3,0) -> 1 | K15: =ROUND(VLOOKUP($C15,RLS!$C$32:$O$36,8,FALSE)*'Unit Distribution'!$B$3,0) -> 1 | L15: =ROUND(VLOOKUP($C15,RLS!$C$32:$O$36,9,FALSE)*'Unit Distribution'!$B$3,0) -> 1 | M15: =ROUND(VLOOKUP($C15,RLS!$C$32:$O$36,10,FALSE)*'Unit Distribution'!$B$3,0) -> 1 | N15: =ROUND(VLOOKUP($C15,RLS!$C$32:$O$36,11,FALSE)*'Unit Distribution'!$B$3,0) -> 1 | O15: =ROUND(VLOOKUP($C15,RLS!$C$32:$O$36,12,FALSE)*'Unit Distribution'!$B$3,0) -> 1 | P15: =ROUND(VLOOKUP($C15,RLS!$C$32:$O$36,13,FALSE)*'Unit Distribution'!$B$3,0) -> 1 | Q15: =ROUND(VLOOKUP($C15,RLS!$C$32:$P$36,14,FALSE)*'Unit Distribution'!$C$3,0) -> 0 | R15: =ROUND(VLOOKUP($C15,RLS!$C$32:$P$36,14,FALSE)*'Unit Distribution'!$C$3,0) -> 0 | S15: =ROUND(VLOOKUP($C15,RLS!$C$32:$P$36,14,FALSE)*'Unit Distribution'!$C$3,0) -> 0 | T15: =ROUND(VLOOKUP($C15,RLS!$C$32:$P$36,14,FALSE)*'Unit Distribution'!$C$3,0) -> 0 | U15: =ROUND(VLOOKUP($C15,RLS!$C$32:$P$36,14,FALSE)*'Unit Distribution'!$C$3,0) -> 0 | V15: =ROUND(VLOOKUP($C15,RLS!$C$32:$P$36,14,FALSE)*'Unit Distribution'!$C$3,0) -> 0 | W15: =ROUND(VLOOKUP($C15,RLS!$C$32:$P$36,14,FALSE)*'Unit Distribution'!$C$3,0) -> 0 | X15: =ROUND(VLOOKUP($C15,RLS!$C$32:$P$36,14,FALSE)*'Unit Distribution'!$C$3,0) -> 0 | ... AB15: =ROUND(VLOOKUP($C15,RLS!$C$32:$P$36,14,FALSE)*'Unit Distribution'!$C$3,0) -> 0 | AC15: =ROUND(VLOOKUP($C15,RLS!$C$32:$AB$36,26,FALSE)*'Unit Distribution'!$D$3,0) -> 1 | AD15: =ROUND(VLOOKUP($C15,RLS!$C$32:$AB$36,26,FALSE)*'Unit Distribution'!$D$3,0) -> 1 | AE15: =ROUND(VLOOKUP($C15,RLS!$C$32:$AB$36,26,FALSE)*'Unit Distribution'!$D$3,0) -> 1 | AF15: =ROUND(VLOOKUP($C15,RLS!$C$32:$AB$36,26,FALSE)*'Unit Distribution'!$D$3,0) -> 1 | AG15: =ROUND(VLOOKUP($C15,RLS!$C$32:$AB$36,26,FALSE)*'Unit Distribution'!$D$3,0) -> 1 | AH15: =ROUND(VLOOKUP($C15,RLS!$C$32:$AB$36,26,FALSE)*'Unit Distribution'!$D$3,0) -> 1 | AI15: =ROUND(VLOOKUP($C15,RLS!$C$32:$AB$36,26,FALSE)*'Unit Distribution'!$D$3,0) -> 1 | AJ15: =ROUND(VLOOKUP($C15,RLS!$C$32:$AB$36,26,FALSE)*'Unit Distribution'!$D$3,0) -> 1 | ... AN15: =ROUND(VLOOKUP($C15,RLS!$C$32:$AB$36,26,FALSE)*'Unit Distribution'!$D$3,0) -> 1 | AO15: =ROUND(VLOOKUP($C15,RLS!$C$32:$AN$36,38,FALSE)*'Unit Distribution'!$E$3,0) -> 0 | AP15: =ROUND(VLOOKUP($C15,RLS!$C$32:$AN$36,38,FALSE)*'Unit Distribution'!$E$3,0) -> 0 | AQ15: =ROUND(VLOOKUP($C15,RLS!$C$32:$AN$36,38,FALSE)*'Unit Distribution'!$E$3,0) -> 0 | AR15: =ROUND(VLOOKUP($C15,RLS!$C$32:$AN$36,38,FALSE)*'Unit Distribution'!$E$3,0) -> 0 | AS15: =ROUND(VLOOKUP($C15,RLS!$C$32:$AN$36,38,FALSE)*'Unit Distribution'!$E$3,0) -> 0 | AT15: =ROUND(VLOOKUP($C15,RLS!$C$32:$AN$36,38,FALSE)*'Unit Distribution'!$E$3,0) -> 0 | AU15: =ROUND(VLOOKUP($C15,RLS!$C$32:$AN$36,38,FALSE)*'Unit Distribution'!$E$3,0) -> 0 | AV15: =ROUND(VLOOKUP($C15,RLS!$C$32:$AN$36,38,FALSE)*'Unit Distribution'!$E$3,0) -> 0 | ... AZ15: =ROUND(VLOOKUP($C15,RLS!$C$32:$AN$36,38,FALSE)*'Unit Distribution'!$E$3,0) -> 0 | BA15: =ROUND(VLOOKUP($C15,RLS!$C$32:$AZ$36,50,FALSE)*'Unit Distribution'!$F$3,0) -> 0 | BB15: =ROUND(VLOOKUP($C15,RLS!$C$32:$AZ$36,50,FALSE)*'Unit Distribution'!$F$3,0) -> 0 | BC15: =ROUND(VLOOKUP($C15,RLS!$C$32:$AZ$36,50,FALSE)*'Unit Distribution'!$F$3,0) -> 0 | BD15: =ROUND(VLOOKUP($C15,RLS!$C$32:$AZ$36,50,FALSE)*'Unit Distribution'!$F$3,0) -> 0 | BE15: =ROUND(VLOOKUP($C15,RLS!$C$32:$AZ$36,50,FALSE)*'Unit Distribution'!$F$3,0) -> 0 | BF15: =ROUND(VLOOKUP($C15,RLS!$C$32:$AZ$36,50,FALSE)*'Unit Distribution'!$F$3,0) -> 0 | BG15: =ROUND(VLOOKUP($C15,RLS!$C$32:$AZ$36,50,FALSE)*'Unit Distribution'!$F$3,0) -> 0 | BH15: =ROUND(VLOOKUP($C15,RLS!$C$32:$AZ$36,50,FALSE)*'Unit Distribution'!$F$3,0) -> 0 | ... BL15: =ROUND(VLOOKUP($C15,RLS!$C$32:$AZ$36,50,FALSE)*'Unit Distribution'!$F$3,0) -> 0
A16: BSA | B16: Onsite | C16: =A16&B16 -> BSAOnsite | D16: POD2 | E16: =ROUND(VLOOKUP($C16,RLS!$C$32:$O$36,2,FALSE)*'Unit Distribution'!$B$4,0) -> 1 | F16: =ROUND(VLOOKUP($C16,RLS!$C$32:$O$36,3,FALSE)*'Unit Distribution'!$B$4,0) -> 1 | G16: =ROUND(VLOOKUP($C16,RLS!$C$32:$O$36,4,FALSE)*'Unit Distribution'!$B$4,0) -> 1 | H16: =ROUND(VLOOKUP($C16,RLS!$C$32:$O$36,5,FALSE)*'Unit Distribution'!$B$4,0) -> 1 | I16: =ROUND(VLOOKUP($C16,RLS!$C$32:$O$36,6,FALSE)*'Unit Distribution'!$B$4,0) -> 1 | J16: =ROUND(VLOOKUP($C16,RLS!$C$32:$O$36,7,FALSE)*'Unit Distribution'!$B$4,0) -> 1 | K16: =ROUND(VLOOKUP($C16,RLS!$C$32:$O$36,8,FALSE)*'Unit Distribution'!$B$4,0) -> 1 | L16: =ROUND(VLOOKUP($C16,RLS!$C$32:$O$36,9,FALSE)*'Unit Distribution'!$B$4,0) -> 1 | M16: =ROUND(VLOOKUP($C16,RLS!$C$32:$O$36,10,FALSE)*'Unit Distribution'!$B$4,0) -> 1 | N16: =ROUND(VLOOKUP($C16,RLS!$C$32:$O$36,11,FALSE)*'Unit Distribution'!$B$4,0) -> 1 | O16: =ROUND(VLOOKUP($C16,RLS!$C$32:$O$36,12,FALSE)*'Unit Distribution'!$B$4,0) -> 1 | P16: =ROUND(VLOOKUP($C16,RLS!$C$32:$O$36,13,FALSE)*'Unit Distribution'!$B$4,0) -> 1 | Q16: =ROUND(VLOOKUP($C16,RLS!$C$32:$P$36,14,FALSE)*'Unit Distribution'!$C$4,0) -> 0 | R16: =ROUND(VLOOKUP($C16,RLS!$C$32:$P$36,14,FALSE)*'Unit Distribution'!$C$4,0) -> 0 | S16: =ROUND(VLOOKUP($C16,RLS!$C$32:$P$36,14,FALSE)*'Unit Distribution'!$C$4,0) -> 0 | T16: =ROUND(VLOOKUP($C16,RLS!$C$32:$P$36,14,FALSE)*'Unit Distribution'!$C$4,0) -> 0 | U16: =ROUND(VLOOKUP($C16,RLS!$C$32:$P$36,14,FALSE)*'Unit Distribution'!$C$4,0) -> 0 | V16: =ROUND(VLOOKUP($C16,RLS!$C$32:$P$36,14,FALSE)*'Unit Distribution'!$C$4,0) -> 0 | W16: =ROUND(VLOOKUP($C16,RLS!$C$32:$P$36,14,FALSE)*'Unit Distribution'!$C$4,0) -> 0 | X16: =ROUND(VLOOKUP($C16,RLS!$C$32:$P$36,14,FALSE)*'Unit Distribution'!$C$4,0) -> 0 | ... AB16: =ROUND(VLOOKUP($C16,RLS!$C$32:$P$36,14,FALSE)*'Unit Distribution'!$C$4,0) -> 0 | AC16: =VLOOKUP($C16,RLS!$C$32:$AB$36,26,FALSE)-AC15-AC17 -> 0 | AD16: =VLOOKUP($C16,RLS!$C$32:$AB$36,26,FALSE)-AD15-AD17 -> 0 | AE16: =VLOOKUP($C16,RLS!$C$32:$AB$36,26,FALSE)-AE15-AE17 -> 0 | AF16: =VLOOKUP($C16,RLS!$C$32:$AB$36,26,FALSE)-AF15-AF17 -> 0 | AG16: =VLOOKUP($C16,RLS!$C$32:$AB$36,26,FALSE)-AG15-AG17 -> 0 | AH16: =VLOOKUP($C16,RLS!$C$32:$AB$36,26,FALSE)-AH15-AH17 -> 0 | AI16: =VLOOKUP($C16,RLS!$C$32:$AB$36,26,FALSE)-AI15-AI17 -> 0 | AJ16: =VLOOKUP($C16,RLS!$C$32:$AB$36,26,FALSE)-AJ15-AJ17 -> 0 | ... AN16: =VLOOKUP($C16,RLS!$C$32:$AB$36,26,FALSE)-AN15-AN17 -> 0 | AO16: =VLOOKUP($C16,RLS!$C$32:$AN$36,38,FALSE)-AO15-AO17 -> 0 | AP16: =VLOOKUP($C16,RLS!$C$32:$AN$36,38,FALSE)-AP15-AP17 -> 0 | AQ16: =VLOOKUP($C16,RLS!$C$32:$AN$36,38,FALSE)-AQ15-AQ17 -> 0 | AR16: =VLOOKUP($C16,RLS!$C$32:$AN$36,38,FALSE)-AR15-AR17 -> 0 | AS16: =VLOOKUP($C16,RLS!$C$32:$AN$36,38,FALSE)-AS15-AS17 -> 0 | AT16: =VLOOKUP($C16,RLS!$C$32:$AN$36,38,FALSE)-AT15-AT17 -> 0 | AU16: =VLOOKUP($C16,RLS!$C$32:$AN$36,38,FALSE)-AU15-AU17 -> 0 | AV16: =VLOOKUP($C16,RLS!$C$32:$AN$36,38,FALSE)-AV15-AV17 -> 0 | ... AZ16: =VLOOKUP($C16,RLS!$C$32:$AN$36,38,FALSE)-AZ15-AZ17 -> 0 | BA16: =VLOOKUP($C16,RLS!$C$32:$AZ$36,50,FALSE)-BA15-BA17 -> 0 | BB16: =VLOOKUP($C16,RLS!$C$32:$AZ$36,50,FALSE)-BB15-BB17 -> 0 | BC16: =VLOOKUP($C16,RLS!$C$32:$AZ$36,50,FALSE)-BC15-BC17 -> 0 | BD16: =VLOOKUP($C16,RLS!$C$32:$AZ$36,50,FALSE)-BD15-BD17 -> 0 | BE16: =VLOOKUP($C16,RLS!$C$32:$AZ$36,50,FALSE)-BE15-BE17 -> 0 | BF16: =VLOOKUP($C16,RLS!$C$32:$AZ$36,50,FALSE)-BF15-BF17 -> 0 | BG16: =VLOOKUP($C16,RLS!$C$32:$AZ$36,50,FALSE)-BG15-BG17 -> 0 | BH16: =VLOOKUP($C16,RLS!$C$32:$AZ$36,50,FALSE)-BH15-BH17 -> 0 | ... BL16: =VLOOKUP($C16,RLS!$C$32:$AZ$36,50,FALSE)-BL15-BL17 -> 0
A17: BSA | B17: Onsite | C17: =A17&B17 -> BSAOnsite | D17: Team | E17: =VLOOKUP($C17,RLS!$C$32:$O$36,2,FALSE)-E15-E16 -> 0 | F17: =VLOOKUP($C17,RLS!$C$32:$O$36,3,FALSE)-F15-F16 -> 0 | G17: =VLOOKUP($C17,RLS!$C$32:$O$36,4,FALSE)-G15-G16 -> 0 | H17: =VLOOKUP($C17,RLS!$C$32:$O$36,5,FALSE)-H15-H16 -> 0 | I17: =VLOOKUP($C17,RLS!$C$32:$O$36,6,FALSE)-I15-I16 -> 0 | J17: =VLOOKUP($C17,RLS!$C$32:$O$36,7,FALSE)-J15-J16 -> 0 | K17: =VLOOKUP($C17,RLS!$C$32:$O$36,8,FALSE)-K15-K16 -> 0 | L17: =VLOOKUP($C17,RLS!$C$32:$O$36,9,FALSE)-L15-L16 -> 0 | M17: =VLOOKUP($C17,RLS!$C$32:$O$36,10,FALSE)-M15-M16 -> 0 | N17: =VLOOKUP($C17,RLS!$C$32:$O$36,11,FALSE)-N15-N16 -> 0 | O17: =VLOOKUP($C17,RLS!$C$32:$O$36,12,FALSE)-O15-O16 -> 0 | P17: =VLOOKUP($C17,RLS!$C$32:$O$36,13,FALSE)-P15-P16 -> 0 | Q17: =VLOOKUP($C17,RLS!$C$32:$P$36,14,FALSE)-Q15-Q16 -> 1 | R17: =VLOOKUP($C17,RLS!$C$32:$P$36,14,FALSE)-R15-R16 -> 1 | S17: =VLOOKUP($C17,RLS!$C$32:$P$36,14,FALSE)-S15-S16 -> 1 | T17: =VLOOKUP($C17,RLS!$C$32:$P$36,14,FALSE)-T15-T16 -> 1 | U17: =VLOOKUP($C17,RLS!$C$32:$P$36,14,FALSE)-U15-U16 -> 1 | V17: =VLOOKUP($C17,RLS!$C$32:$P$36,14,FALSE)-V15-V16 -> 1 | W17: =VLOOKUP($C17,RLS!$C$32:$P$36,14,FALSE)-W15-W16 -> 1 | X17: =VLOOKUP($C17,RLS!$C$32:$P$36,14,FALSE)-X15-X16 -> 1 | ... AB17: =VLOOKUP($C17,RLS!$C$32:$P$36,14,FALSE)-AB15-AB16 -> 1 | AC17: =ROUND(VLOOKUP($C17,RLS!$C$32:$AB$36,26,FALSE)*'Unit Distribution'!$D$5,0) -> 0 | AD17: =ROUND(VLOOKUP($C17,RLS!$C$32:$AB$36,26,FALSE)*'Unit Distribution'!$D$5,0) -> 0 | AE17: =ROUND(VLOOKUP($C17,RLS!$C$32:$AB$36,26,FALSE)*'Unit Distribution'!$D$5,0) -> 0 | AF17: =ROUND(VLOOKUP($C17,RLS!$C$32:$AB$36,26,FALSE)*'Unit Distribution'!$D$5,0) -> 0 | AG17: =ROUND(VLOOKUP($C17,RLS!$C$32:$AB$36,26,FALSE)*'Unit Distribution'!$D$5,0) -> 0 | AH17: =ROUND(VLOOKUP($C17,RLS!$C$32:$AB$36,26,FALSE)*'Unit Distribution'!$D$5,0) -> 0 | AI17: =ROUND(VLOOKUP($C17,RLS!$C$32:$AB$36,26,FALSE)*'Unit Distribution'!$D$5,0) -> 0 | AJ17: =ROUND(VLOOKUP($C17,RLS!$C$32:$AB$36,26,FALSE)*'Unit Distribution'!$D$5,0) -> 0 | ... AN17: =ROUND(VLOOKUP($C17,RLS!$C$32:$AB$36,26,FALSE)*'Unit Distribution'!$D$5,0) -> 0 | AO17: =ROUND(VLOOKUP($C17,RLS!$C$32:$AN$36,38,FALSE)*'Unit Distribution'!$E$5,0) -> 0 | AP17: =ROUND(VLOOKUP($C17,RLS!$C$32:$AN$36,38,FALSE)*'Unit Distribution'!$E$5,0) -> 0 | AQ17: =ROUND(VLOOKUP($C17,RLS!$C$32:$AN$36,38,FALSE)*'Unit Distribution'!$E$5,0) -> 0 | AR17: =ROUND(VLOOKUP($C17,RLS!$C$32:$AN$36,38,FALSE)*'Unit Distribution'!$E$5,0) -> 0 | AS17: =ROUND(VLOOKUP($C17,RLS!$C$32:$AN$36,38,FALSE)*'Unit Distribution'!$E$5,0) -> 0 | AT17: =ROUND(VLOOKUP($C17,RLS!$C$32:$AN$36,38,FALSE)*'Unit Distribution'!$E$5,0) -> 0 | AU17: =ROUND(VLOOKUP($C17,RLS!$C$32:$AN$36,38,FALSE)*'Unit Distribution'!$E$5,0) -> 0 | AV17: =ROUND(VLOOKUP($C17,RLS!$C$32:$AN$36,38,FALSE)*'Unit Distribution'!$E$5,0) -> 0 | ... AZ17: =ROUND(VLOOKUP($C17,RLS!$C$32:$AN$36,38,FALSE)*'Unit Distribution'!$E$5,0) -> 0 | BA17: =ROUND(VLOOKUP($C17,RLS!$C$32:$AZ$36,50,FALSE)*'Unit Distribution'!$F$5,0) -> 0 | BB17: =ROUND(VLOOKUP($C17,RLS!$C$32:$AZ$36,50,FALSE)*'Unit Distribution'!$F$5,0) -> 0 | BC17: =ROUND(VLOOKUP($C17,RLS!$C$32:$AZ$36,50,FALSE)*'Unit Distribution'!$F$5,0) -> 0 | BD17: =ROUND(VLOOKUP($C17,RLS!$C$32:$AZ$36,50,FALSE)*'Unit Distribution'!$F$5,0) -> 0 | BE17: =ROUND(VLOOKUP($C17,RLS!$C$32:$AZ$36,50,FALSE)*'Unit Distribution'!$F$5,0) -> 0 | BF17: =ROUND(VLOOKUP($C17,RLS!$C$32:$AZ$36,50,FALSE)*'Unit Distribution'!$F$5,0) -> 0 | BG17: =ROUND(VLOOKUP($C17,RLS!$C$32:$AZ$36,50,FALSE)*'Unit Distribution'!$F$5,0) -> 0 | BH17: =ROUND(VLOOKUP($C17,RLS!$C$32:$AZ$36,50,FALSE)*'Unit Distribution'!$F$5,0) -> 0 | ... BL17: =ROUND(VLOOKUP($C17,RLS!$C$32:$AZ$36,50,FALSE)*'Unit Distribution'!$F$5,0) -> 0
A18: Dev | B18: Onsite | C18: =A18&B18 -> DevOnsite | D18: POD1 | E18: =ROUND(VLOOKUP($C18,RLS!$C$32:$O$36,2,FALSE)*'Unit Distribution'!$B$3,0) -> 2 | F18: =ROUND(VLOOKUP($C18,RLS!$C$32:$O$36,3,FALSE)*'Unit Distribution'!$B$3,0) -> 2 | G18: =ROUND(VLOOKUP($C18,RLS!$C$32:$O$36,4,FALSE)*'Unit Distribution'!$B$3,0) -> 2 | H18: =ROUND(VLOOKUP($C18,RLS!$C$32:$O$36,5,FALSE)*'Unit Distribution'!$B$3,0) -> 2 | I18: =ROUND(VLOOKUP($C18,RLS!$C$32:$O$36,6,FALSE)*'Unit Distribution'!$B$3,0) -> 2 | J18: =ROUND(VLOOKUP($C18,RLS!$C$32:$O$36,7,FALSE)*'Unit Distribution'!$B$3,0) -> 2 | K18: =ROUND(VLOOKUP($C18,RLS!$C$32:$O$36,8,FALSE)*'Unit Distribution'!$B$3,0) -> 2 | L18: =ROUND(VLOOKUP($C18,RLS!$C$32:$O$36,9,FALSE)*'Unit Distribution'!$B$3,0) -> 2 | M18: =ROUND(VLOOKUP($C18,RLS!$C$32:$O$36,10,FALSE)*'Unit Distribution'!$B$3,0) -> 2 | N18: =ROUND(VLOOKUP($C18,RLS!$C$32:$O$36,11,FALSE)*'Unit Distribution'!$B$3,0) -> 2 | O18: =ROUND(VLOOKUP($C18,RLS!$C$32:$O$36,12,FALSE)*'Unit Distribution'!$B$3,0) -> 2 | P18: =ROUND(VLOOKUP($C18,RLS!$C$32:$O$36,13,FALSE)*'Unit Distribution'!$B$3,0) -> 2 | Q18: =ROUND(VLOOKUP($C18,RLS!$C$32:$P$36,14,FALSE)*'Unit Distribution'!$C$3,0) -> 1 | R18: =ROUND(VLOOKUP($C18,RLS!$C$32:$P$36,14,FALSE)*'Unit Distribution'!$C$3,0) -> 1 | S18: =ROUND(VLOOKUP($C18,RLS!$C$32:$P$36,14,FALSE)*'Unit Distribution'!$C$3,0) -> 1 | T18: =ROUND(VLOOKUP($C18,RLS!$C$32:$P$36,14,FALSE)*'Unit Distribution'!$C$3,0) -> 1 | U18: =ROUND(VLOOKUP($C18,RLS!$C$32:$P$36,14,FALSE)*'Unit Distribution'!$C$3,0) -> 1 | V18: =ROUND(VLOOKUP($C18,RLS!$C$32:$P$36,14,FALSE)*'Unit Distribution'!$C$3,0) -> 1 | W18: =ROUND(VLOOKUP($C18,RLS!$C$32:$P$36,14,FALSE)*'Unit Distribution'!$C$3,0) -> 1 | X18: =ROUND(VLOOKUP($C18,RLS!$C$32:$P$36,14,FALSE)*'Unit Distribution'!$C$3,0) -> 1 | ... AB18: =ROUND(VLOOKUP($C18,RLS!$C$32:$P$36,14,FALSE)*'Unit Distribution'!$C$3,0) -> 1 | AC18: =ROUND(VLOOKUP($C18,RLS!$C$32:$AB$36,26,FALSE)*'Unit Distribution'!$D$3,0) -> 1 | AD18: =ROUND(VLOOKUP($C18,RLS!$C$32:$AB$36,26,FALSE)*'Unit Distribution'!$D$3,0) -> 1 | AE18: =ROUND(VLOOKUP($C18,RLS!$C$32:$AB$36,26,FALSE)*'Unit Distribution'!$D$3,0) -> 1 | AF18: =ROUND(VLOOKUP($C18,RLS!$C$32:$AB$36,26,FALSE)*'Unit Distribution'!$D$3,0) -> 1 | AG18: =ROUND(VLOOKUP($C18,RLS!$C$32:$AB$36,26,FALSE)*'Unit Distribution'!$D$3,0) -> 1 | AH18: =ROUND(VLOOKUP($C18,RLS!$C$32:$AB$36,26,FALSE)*'Unit Distribution'!$D$3,0) -> 1 | AI18: =ROUND(VLOOKUP($C18,RLS!$C$32:$AB$36,26,FALSE)*'Unit Distribution'!$D$3,0) -> 1 | AJ18: =ROUND(VLOOKUP($C18,RLS!$C$32:$AB$36,26,FALSE)*'Unit Distribution'!$D$3,0) -> 1 | ... AN18: =ROUND(VLOOKUP($C18,RLS!$C$32:$AB$36,26,FALSE)*'Unit Distribution'!$D$3,0) -> 1 | AO18: =ROUND(VLOOKUP($C18,RLS!$C$32:$AN$36,38,FALSE)*'Unit Distribution'!$E$3,0) -> 1 | AP18: =ROUND(VLOOKUP($C18,RLS!$C$32:$AN$36,38,FALSE)*'Unit Distribution'!$E$3,0) -> 1 | AQ18: =ROUND(VLOOKUP($C18,RLS!$C$32:$AN$36,38,FALSE)*'Unit Distribution'!$E$3,0) -> 1 | AR18: =ROUND(VLOOKUP($C18,RLS!$C$32:$AN$36,38,FALSE)*'Unit Distribution'!$E$3,0) -> 1 | AS18: =ROUND(VLOOKUP($C18,RLS!$C$32:$AN$36,38,FALSE)*'Unit Distribution'!$E$3,0) -> 1 | AT18: =ROUND(VLOOKUP($C18,RLS!$C$32:$AN$36,38,FALSE)*'Unit Distribution'!$E$3,0) -> 1 | AU18: =ROUND(VLOOKUP($C18,RLS!$C$32:$AN$36,38,FALSE)*'Unit Distribution'!$E$3,0) -> 1 | AV18: =ROUND(VLOOKUP($C18,RLS!$C$32:$AN$36,38,FALSE)*'Unit Distribution'!$E$3,0) -> 1 | ... AZ18: =ROUND(VLOOKUP($C18,RLS!$C$32:$AN$36,38,FALSE)*'Unit Distribution'!$E$3,0) -> 1 | BA18: =ROUND(VLOOKUP($C18,RLS!$C$32:$AZ$36,50,FALSE)*'Unit Distribution'!$F$3,0) -> 1 | BB18: =ROUND(VLOOKUP($C18,RLS!$C$32:$AZ$36,50,FALSE)*'Unit Distribution'!$F$3,0) -> 1 | BC18: =ROUND(VLOOKUP($C18,RLS!$C$32:$AZ$36,50,FALSE)*'Unit Distribution'!$F$3,0) -> 1 | BD18: =ROUND(VLOOKUP($C18,RLS!$C$32:$AZ$36,50,FALSE)*'Unit Distribution'!$F$3,0) -> 1 | BE18: =ROUND(VLOOKUP($C18,RLS!$C$32:$AZ$36,50,FALSE)*'Unit Distribution'!$F$3,0) -> 1 | BF18: =ROUND(VLOOKUP($C18,RLS!$C$32:$AZ$36,50,FALSE)*'Unit Distribution'!$F$3,0) -> 1 | BG18: =ROUND(VLOOKUP($C18,RLS!$C$32:$AZ$36,50,FALSE)*'Unit Distribution'!$F$3,0) -> 1 | BH18: =ROUND(VLOOKUP($C18,RLS!$C$32:$AZ$36,50,FALSE)*'Unit Distribution'!$F$3,0) -> 1 | ... BL18: =ROUND(VLOOKUP($C18,RLS!$C$32:$AZ$36,50,FALSE)*'Unit Distribution'!$F$3,0) -> 1
A19: Dev | B19: Onsite | C19: =A19&B19 -> DevOnsite | D19: POD2 | E19: =ROUND(VLOOKUP($C19,RLS!$C$32:$O$36,2,FALSE)*'Unit Distribution'!$B$4,0) -> 2 | F19: =ROUND(VLOOKUP($C19,RLS!$C$32:$O$36,3,FALSE)*'Unit Distribution'!$B$4,0) -> 2 | G19: =ROUND(VLOOKUP($C19,RLS!$C$32:$O$36,4,FALSE)*'Unit Distribution'!$B$4,0) -> 2 | H19: =ROUND(VLOOKUP($C19,RLS!$C$32:$O$36,5,FALSE)*'Unit Distribution'!$B$4,0) -> 2 | I19: =ROUND(VLOOKUP($C19,RLS!$C$32:$O$36,6,FALSE)*'Unit Distribution'!$B$4,0) -> 2 | J19: =ROUND(VLOOKUP($C19,RLS!$C$32:$O$36,7,FALSE)*'Unit Distribution'!$B$4,0) -> 2 | K19: =ROUND(VLOOKUP($C19,RLS!$C$32:$O$36,8,FALSE)*'Unit Distribution'!$B$4,0) -> 2 | L19: =ROUND(VLOOKUP($C19,RLS!$C$32:$O$36,9,FALSE)*'Unit Distribution'!$B$4,0) -> 2 | M19: =ROUND(VLOOKUP($C19,RLS!$C$32:$O$36,10,FALSE)*'Unit Distribution'!$B$4,0) -> 2 | N19: =ROUND(VLOOKUP($C19,RLS!$C$32:$O$36,11,FALSE)*'Unit Distribution'!$B$4,0) -> 2 | O19: =ROUND(VLOOKUP($C19,RLS!$C$32:$O$36,12,FALSE)*'Unit Distribution'!$B$4,0) -> 2 | P19: =ROUND(VLOOKUP($C19,RLS!$C$32:$O$36,13,FALSE)*'Unit Distribution'!$B$4,0) -> 2 | Q19: =ROUND(VLOOKUP($C19,RLS!$C$32:$P$36,14,FALSE)*'Unit Distribution'!$C$4,0) -> 2 | R19: =ROUND(VLOOKUP($C19,RLS!$C$32:$P$36,14,FALSE)*'Unit Distribution'!$C$4,0) -> 2 | S19: =ROUND(VLOOKUP($C19,RLS!$C$32:$P$36,14,FALSE)*'Unit Distribution'!$C$4,0) -> 2 | T19: =ROUND(VLOOKUP($C19,RLS!$C$32:$P$36,14,FALSE)*'Unit Distribution'!$C$4,0) -> 2 | U19: =ROUND(VLOOKUP($C19,RLS!$C$32:$P$36,14,FALSE)*'Unit Distribution'!$C$4,0) -> 2 | V19: =ROUND(VLOOKUP($C19,RLS!$C$32:$P$36,14,FALSE)*'Unit Distribution'!$C$4,0) -> 2 | W19: =ROUND(VLOOKUP($C19,RLS!$C$32:$P$36,14,FALSE)*'Unit Distribution'!$C$4,0) -> 2 | X19: =ROUND(VLOOKUP($C19,RLS!$C$32:$P$36,14,FALSE)*'Unit Distribution'!$C$4,0) -> 2 | ... AB19: =ROUND(VLOOKUP($C19,RLS!$C$32:$P$36,14,FALSE)*'Unit Distribution'!$C$4,0) -> 2 | AC19: =VLOOKUP($C19,RLS!$C$32:$AB$36,26,FALSE)-AC18-AC20 -> 1 | AD19: =VLOOKUP($C19,RLS!$C$32:$AB$36,26,FALSE)-AD18-AD20 -> 1 | AE19: =VLOOKUP($C19,RLS!$C$32:$AB$36,26,FALSE)-AE18-AE20 -> 1 | AF19: =VLOOKUP($C19,RLS!$C$32:$AB$36,26,FALSE)-AF18-AF20 -> 1 | AG19: =VLOOKUP($C19,RLS!$C$32:$AB$36,26,FALSE)-AG18-AG20 -> 1 | AH19: =VLOOKUP($C19,RLS!$C$32:$AB$36,26,FALSE)-AH18-AH20 -> 1 | AI19: =VLOOKUP($C19,RLS!$C$32:$AB$36,26,FALSE)-AI18-AI20 -> 1 | AJ19: =VLOOKUP($C19,RLS!$C$32:$AB$36,26,FALSE)-AJ18-AJ20 -> 1 | ... AN19: =VLOOKUP($C19,RLS!$C$32:$AB$36,26,FALSE)-AN18-AN20 -> 1 | AO19: =VLOOKUP($C19,RLS!$C$32:$AN$36,38,FALSE)-AO18-AO20 -> 1 | AP19: =VLOOKUP($C19,RLS!$C$32:$AN$36,38,FALSE)-AP18-AP20 -> 1 | AQ19: =VLOOKUP($C19,RLS!$C$32:$AN$36,38,FALSE)-AQ18-AQ20 -> 1 | AR19: =VLOOKUP($C19,RLS!$C$32:$AN$36,38,FALSE)-AR18-AR20 -> 1 | AS19: =VLOOKUP($C19,RLS!$C$32:$AN$36,38,FALSE)-AS18-AS20 -> 1 | AT19: =VLOOKUP($C19,RLS!$C$32:$AN$36,38,FALSE)-AT18-AT20 -> 1 | AU19: =VLOOKUP($C19,RLS!$C$32:$AN$36,38,FALSE)-AU18-AU20 -> 1 | AV19: =VLOOKUP($C19,RLS!$C$32:$AN$36,38,FALSE)-AV18-AV20 -> 1 | ... AZ19: =VLOOKUP($C19,RLS!$C$32:$AN$36,38,FALSE)-AZ18-AZ20 -> 1 | BA19: =VLOOKUP($C19,RLS!$C$32:$AZ$36,50,FALSE)-BA18-BA20 -> 0 | BB19: =VLOOKUP($C19,RLS!$C$32:$AZ$36,50,FALSE)-BB18-BB20 -> 0 | BC19: =VLOOKUP($C19,RLS!$C$32:$AZ$36,50,FALSE)-BC18-BC20 -> 0 | BD19: =VLOOKUP($C19,RLS!$C$32:$AZ$36,50,FALSE)-BD18-BD20 -> 0 | BE19: =VLOOKUP($C19,RLS!$C$32:$AZ$36,50,FALSE)-BE18-BE20 -> 0 | BF19: =VLOOKUP($C19,RLS!$C$32:$AZ$36,50,FALSE)-BF18-BF20 -> 0 | BG19: =VLOOKUP($C19,RLS!$C$32:$AZ$36,50,FALSE)-BG18-BG20 -> 0 | BH19: =VLOOKUP($C19,RLS!$C$32:$AZ$36,50,FALSE)-BH18-BH20 -> 0 | ... BL19: =VLOOKUP($C19,RLS!$C$32:$AZ$36,50,FALSE)-BL18-BL20 -> 0
A20: Dev | B20: Onsite | C20: =A20&B20 -> DevOnsite | D20: Team | E20: =VLOOKUP($C20,RLS!$C$32:$O$36,2,FALSE)-E18-E19 -> 1 | F20: =VLOOKUP($C20,RLS!$C$32:$O$36,3,FALSE)-F18-F19 -> 1 | G20: =VLOOKUP($C20,RLS!$C$32:$O$36,4,FALSE)-G18-G19 -> 1 | H20: =VLOOKUP($C20,RLS!$C$32:$O$36,5,FALSE)-H18-H19 -> 1 | I20: =VLOOKUP($C20,RLS!$C$32:$O$36,6,FALSE)-I18-I19 -> 1 | J20: =VLOOKUP($C20,RLS!$C$32:$O$36,7,FALSE)-J18-J19 -> 1 | K20: =VLOOKUP($C20,RLS!$C$32:$O$36,8,FALSE)-K18-K19 -> 1 | L20: =VLOOKUP($C20,RLS!$C$32:$O$36,9,FALSE)-L18-L19 -> 1 | M20: =VLOOKUP($C20,RLS!$C$32:$O$36,10,FALSE)-M18-M19 -> 1 | N20: =VLOOKUP($C20,RLS!$C$32:$O$36,11,FALSE)-N18-N19 -> 1 | O20: =VLOOKUP($C20,RLS!$C$32:$O$36,12,FALSE)-O18-O19 -> 1 | P20: =VLOOKUP($C20,RLS!$C$32:$O$36,13,FALSE)-P18-P19 -> 1 | Q20: =VLOOKUP($C20,RLS!$C$32:$P$36,14,FALSE)-Q18-Q19 -> 1 | R20: =VLOOKUP($C20,RLS!$C$32:$P$36,14,FALSE)-R18-R19 -> 1 | S20: =VLOOKUP($C20,RLS!$C$32:$P$36,14,FALSE)-S18-S19 -> 1 | T20: =VLOOKUP($C20,RLS!$C$32:$P$36,14,FALSE)-T18-T19 -> 1 | U20: =VLOOKUP($C20,RLS!$C$32:$P$36,14,FALSE)-U18-U19 -> 1 | V20: =VLOOKUP($C20,RLS!$C$32:$P$36,14,FALSE)-V18-V19 -> 1 | W20: =VLOOKUP($C20,RLS!$C$32:$P$36,14,FALSE)-W18-W19 -> 1 | X20: =VLOOKUP($C20,RLS!$C$32:$P$36,14,FALSE)-X18-X19 -> 1 | ... AB20: =VLOOKUP($C20,RLS!$C$32:$P$36,14,FALSE)-AB18-AB19 -> 1 | AC20: =ROUND(VLOOKUP($C20,RLS!$C$32:$AB$36,26,FALSE)*'Unit Distribution'!$D$5,0) -> 0 | AD20: =ROUND(VLOOKUP($C20,RLS!$C$32:$AB$36,26,FALSE)*'Unit Distribution'!$D$5,0) -> 0 | AE20: =ROUND(VLOOKUP($C20,RLS!$C$32:$AB$36,26,FALSE)*'Unit Distribution'!$D$5,0) -> 0 | AF20: =ROUND(VLOOKUP($C20,RLS!$C$32:$AB$36,26,FALSE)*'Unit Distribution'!$D$5,0) -> 0 | AG20: =ROUND(VLOOKUP($C20,RLS!$C$32:$AB$36,26,FALSE)*'Unit Distribution'!$D$5,0) -> 0 | AH20: =ROUND(VLOOKUP($C20,RLS!$C$32:$AB$36,26,FALSE)*'Unit Distribution'!$D$5,0) -> 0 | AI20: =ROUND(VLOOKUP($C20,RLS!$C$32:$AB$36,26,FALSE)*'Unit Distribution'!$D$5,0) -> 0 | AJ20: =ROUND(VLOOKUP($C20,RLS!$C$32:$AB$36,26,FALSE)*'Unit Distribution'!$D$5,0) -> 0 | ... AN20: =ROUND(VLOOKUP($C20,RLS!$C$32:$AB$36,26,FALSE)*'Unit Distribution'!$D$5,0) -> 0 | AO20: =ROUND(VLOOKUP($C20,RLS!$C$32:$AN$36,38,FALSE)*'Unit Distribution'!$E$5,0) -> 0 | AP20: =ROUND(VLOOKUP($C20,RLS!$C$32:$AN$36,38,FALSE)*'Unit Distribution'!$E$5,0) -> 0 | AQ20: =ROUND(VLOOKUP($C20,RLS!$C$32:$AN$36,38,FALSE)*'Unit Distribution'!$E$5,0) -> 0 | AR20: =ROUND(VLOOKUP($C20,RLS!$C$32:$AN$36,38,FALSE)*'Unit Distribution'!$E$5,0) -> 0 | AS20: =ROUND(VLOOKUP($C20,RLS!$C$32:$AN$36,38,FALSE)*'Unit Distribution'!$E$5,0) -> 0 | AT20: =ROUND(VLOOKUP($C20,RLS!$C$32:$AN$36,38,FALSE)*'Unit Distribution'!$E$5,0) -> 0 | AU20: =ROUND(VLOOKUP($C20,RLS!$C$32:$AN$36,38,FALSE)*'Unit Distribution'!$E$5,0) -> 0 | AV20: =ROUND(VLOOKUP($C20,RLS!$C$32:$AN$36,38,FALSE)*'Unit Distribution'!$E$5,0) -> 0 | ... AZ20: =ROUND(VLOOKUP($C20,RLS!$C$32:$AN$36,38,FALSE)*'Unit Distribution'!$E$5,0) -> 0 | BA20: =ROUND(VLOOKUP($C20,RLS!$C$32:$AZ$36,50,FALSE)*'Unit Distribution'!$F$5,0) -> 0 | BB20: =ROUND(VLOOKUP($C20,RLS!$C$32:$AZ$36,50,FALSE)*'Unit Distribution'!$F$5,0) -> 0 | BC20: =ROUND(VLOOKUP($C20,RLS!$C$32:$AZ$36,50,FALSE)*'Unit Distribution'!$F$5,0) -> 0 | BD20: =ROUND(VLOOKUP($C20,RLS!$C$32:$AZ$36,50,FALSE)*'Unit Distribution'!$F$5,0) -> 0 | BE20: =ROUND(VLOOKUP($C20,RLS!$C$32:$AZ$36,50,FALSE)*'Unit Distribution'!$F$5,0) -> 0 | BF20: =ROUND(VLOOKUP($C20,RLS!$C$32:$AZ$36,50,FALSE)*'Unit Distribution'!$F$5,0) -> 0 | BG20: =ROUND(VLOOKUP($C20,RLS!$C$32:$AZ$36,50,FALSE)*'Unit Distribution'!$F$5,0) -> 0 | BH20: =ROUND(VLOOKUP($C20,RLS!$C$32:$AZ$36,50,FALSE)*'Unit Distribution'!$F$5,0) -> 0 | ... BL20: =ROUND(VLOOKUP($C20,RLS!$C$32:$AZ$36,50,FALSE)*'Unit Distribution'!$F$5,0) -> 0
A21: Tester | B21: Onsite | C21: =A21&B21 -> TesterOnsite | D21: POD1 | E21: =ROUND(VLOOKUP($C21,RLS!$C$32:$O$36,2,FALSE)*'Unit Distribution'!$B$3,0) -> 0 | F21: =ROUND(VLOOKUP($C21,RLS!$C$32:$O$36,3,FALSE)*'Unit Distribution'!$B$3,0) -> 0 | G21: =ROUND(VLOOKUP($C21,RLS!$C$32:$O$36,4,FALSE)*'Unit Distribution'!$B$3,0) -> 0 | H21: =ROUND(VLOOKUP($C21,RLS!$C$32:$O$36,5,FALSE)*'Unit Distribution'!$B$3,0) -> 0 | I21: =ROUND(VLOOKUP($C21,RLS!$C$32:$O$36,6,FALSE)*'Unit Distribution'!$B$3,0) -> 0 | J21: =ROUND(VLOOKUP($C21,RLS!$C$32:$O$36,7,FALSE)*'Unit Distribution'!$B$3,0) -> 0 | K21: =ROUND(VLOOKUP($C21,RLS!$C$32:$O$36,8,FALSE)*'Unit Distribution'!$B$3,0) -> 0 | L21: =ROUND(VLOOKUP($C21,RLS!$C$32:$O$36,9,FALSE)*'Unit Distribution'!$B$3,0) -> 0 | M21: =ROUND(VLOOKUP($C21,RLS!$C$32:$O$36,10,FALSE)*'Unit Distribution'!$B$3,0) -> 0 | N21: =ROUND(VLOOKUP($C21,RLS!$C$32:$O$36,11,FALSE)*'Unit Distribution'!$B$3,0) -> 0 | O21: =ROUND(VLOOKUP($C21,RLS!$C$32:$O$36,12,FALSE)*'Unit Distribution'!$B$3,0) -> 0 | P21: =ROUND(VLOOKUP($C21,RLS!$C$32:$O$36,13,FALSE)*'Unit Distribution'!$B$3,0) -> 0 | Q21: =ROUND(VLOOKUP($C21,RLS!$C$32:$P$36,14,FALSE)*'Unit Distribution'!$C$3,0) -> 0 | R21: =ROUND(VLOOKUP($C21,RLS!$C$32:$P$36,14,FALSE)*'Unit Distribution'!$C$3,0) -> 0 | S21: =ROUND(VLOOKUP($C21,RLS!$C$32:$P$36,14,FALSE)*'Unit Distribution'!$C$3,0) -> 0 | T21: =ROUND(VLOOKUP($C21,RLS!$C$32:$P$36,14,FALSE)*'Unit Distribution'!$C$3,0) -> 0 | U21: =ROUND(VLOOKUP($C21,RLS!$C$32:$P$36,14,FALSE)*'Unit Distribution'!$C$3,0) -> 0 | V21: =ROUND(VLOOKUP($C21,RLS!$C$32:$P$36,14,FALSE)*'Unit Distribution'!$C$3,0) -> 0 | W21: =ROUND(VLOOKUP($C21,RLS!$C$32:$P$36,14,FALSE)*'Unit Distribution'!$C$3,0) -> 0 | X21: =ROUND(VLOOKUP($C21,RLS!$C$32:$P$36,14,FALSE)*'Unit Distribution'!$C$3,0) -> 0 | ... AB21: =ROUND(VLOOKUP($C21,RLS!$C$32:$P$36,14,FALSE)*'Unit Distribution'!$C$3,0) -> 0 | AC21: =ROUND(VLOOKUP($C21,RLS!$C$32:$AB$36,26,FALSE)*'Unit Distribution'!$D$3,0) -> 0 | AD21: =ROUND(VLOOKUP($C21,RLS!$C$32:$AB$36,26,FALSE)*'Unit Distribution'!$D$3,0) -> 0 | AE21: =ROUND(VLOOKUP($C21,RLS!$C$32:$AB$36,26,FALSE)*'Unit Distribution'!$D$3,0) -> 0 | AF21: =ROUND(VLOOKUP($C21,RLS!$C$32:$AB$36,26,FALSE)*'Unit Distribution'!$D$3,0) -> 0 | AG21: =ROUND(VLOOKUP($C21,RLS!$C$32:$AB$36,26,FALSE)*'Unit Distribution'!$D$3,0) -> 0 | AH21: =ROUND(VLOOKUP($C21,RLS!$C$32:$AB$36,26,FALSE)*'Unit Distribution'!$D$3,0) -> 0 | AI21: =ROUND(VLOOKUP($C21,RLS!$C$32:$AB$36,26,FALSE)*'Unit Distribution'!$D$3,0) -> 0 | AJ21: =ROUND(VLOOKUP($C21,RLS!$C$32:$AB$36,26,FALSE)*'Unit Distribution'!$D$3,0) -> 0 | ... AN21: =ROUND(VLOOKUP($C21,RLS!$C$32:$AB$36,26,FALSE)*'Unit Distribution'!$D$3,0) -> 0 | AO21: =ROUND(VLOOKUP($C21,RLS!$C$32:$AN$36,38,FALSE)*'Unit Distribution'!$E$3,0) -> 0 | AP21: =ROUND(VLOOKUP($C21,RLS!$C$32:$AN$36,38,FALSE)*'Unit Distribution'!$E$3,0) -> 0 | AQ21: =ROUND(VLOOKUP($C21,RLS!$C$32:$AN$36,38,FALSE)*'Unit Distribution'!$E$3,0) -> 0 | AR21: =ROUND(VLOOKUP($C21,RLS!$C$32:$AN$36,38,FALSE)*'Unit Distribution'!$E$3,0) -> 0 | AS21: =ROUND(VLOOKUP($C21,RLS!$C$32:$AN$36,38,FALSE)*'Unit Distribution'!$E$3,0) -> 0 | AT21: =ROUND(VLOOKUP($C21,RLS!$C$32:$AN$36,38,FALSE)*'Unit Distribution'!$E$3,0) -> 0 | AU21: =ROUND(VLOOKUP($C21,RLS!$C$32:$AN$36,38,FALSE)*'Unit Distribution'!$E$3,0) -> 0 | AV21: =ROUND(VLOOKUP($C21,RLS!$C$32:$AN$36,38,FALSE)*'Unit Distribution'!$E$3,0) -> 0 | ... AZ21: =ROUND(VLOOKUP($C21,RLS!$C$32:$AN$36,38,FALSE)*'Unit Distribution'!$E$3,0) -> 0 | BA21: =ROUND(VLOOKUP($C21,RLS!$C$32:$AZ$36,50,FALSE)*'Unit Distribution'!$F$3,0) -> 0 | BB21: =ROUND(VLOOKUP($C21,RLS!$C$32:$AZ$36,50,FALSE)*'Unit Distribution'!$F$3,0) -> 0 | BC21: =ROUND(VLOOKUP($C21,RLS!$C$32:$AZ$36,50,FALSE)*'Unit Distribution'!$F$3,0) -> 0 | BD21: =ROUND(VLOOKUP($C21,RLS!$C$32:$AZ$36,50,FALSE)*'Unit Distribution'!$F$3,0) -> 0 | BE21: =ROUND(VLOOKUP($C21,RLS!$C$32:$AZ$36,50,FALSE)*'Unit Distribution'!$F$3,0) -> 0 | BF21: =ROUND(VLOOKUP($C21,RLS!$C$32:$AZ$36,50,FALSE)*'Unit Distribution'!$F$3,0) -> 0 | BG21: =ROUND(VLOOKUP($C21,RLS!$C$32:$AZ$36,50,FALSE)*'Unit Distribution'!$F$3,0) -> 0 | BH21: =ROUND(VLOOKUP($C21,RLS!$C$32:$AZ$36,50,FALSE)*'Unit Distribution'!$F$3,0) -> 0 | ... BL21: =ROUND(VLOOKUP($C21,RLS!$C$32:$AZ$36,50,FALSE)*'Unit Distribution'!$F$3,0) -> 0
A22: Tester | B22: Onsite | C22: =A22&B22 -> TesterOnsite | D22: POD2 | E22: =ROUND(VLOOKUP($C22,RLS!$C$32:$O$36,2,FALSE)*'Unit Distribution'!$B$4,0) -> 0 | F22: =ROUND(VLOOKUP($C22,RLS!$C$32:$O$36,3,FALSE)*'Unit Distribution'!$B$4,0) -> 0 | G22: =ROUND(VLOOKUP($C22,RLS!$C$32:$O$36,4,FALSE)*'Unit Distribution'!$B$4,0) -> 0 | H22: =ROUND(VLOOKUP($C22,RLS!$C$32:$O$36,5,FALSE)*'Unit Distribution'!$B$4,0) -> 0 | I22: =ROUND(VLOOKUP($C22,RLS!$C$32:$O$36,6,FALSE)*'Unit Distribution'!$B$4,0) -> 0 | J22: =ROUND(VLOOKUP($C22,RLS!$C$32:$O$36,7,FALSE)*'Unit Distribution'!$B$4,0) -> 0 | K22: =ROUND(VLOOKUP($C22,RLS!$C$32:$O$36,8,FALSE)*'Unit Distribution'!$B$4,0) -> 0 | L22: =ROUND(VLOOKUP($C22,RLS!$C$32:$O$36,9,FALSE)*'Unit Distribution'!$B$4,0) -> 0 | M22: =ROUND(VLOOKUP($C22,RLS!$C$32:$O$36,10,FALSE)*'Unit Distribution'!$B$4,0) -> 0 | N22: =ROUND(VLOOKUP($C22,RLS!$C$32:$O$36,11,FALSE)*'Unit Distribution'!$B$4,0) -> 0 | O22: =ROUND(VLOOKUP($C22,RLS!$C$32:$O$36,12,FALSE)*'Unit Distribution'!$B$4,0) -> 0 | P22: =ROUND(VLOOKUP($C22,RLS!$C$32:$O$36,13,FALSE)*'Unit Distribution'!$B$4,0) -> 0 | Q22: =ROUND(VLOOKUP($C22,RLS!$C$32:$P$36,14,FALSE)*'Unit Distribution'!$C$4,0) -> 0 | R22: =ROUND(VLOOKUP($C22,RLS!$C$32:$P$36,14,FALSE)*'Unit Distribution'!$C$4,0) -> 0 | S22: =ROUND(VLOOKUP($C22,RLS!$C$32:$P$36,14,FALSE)*'Unit Distribution'!$C$4,0) -> 0 | T22: =ROUND(VLOOKUP($C22,RLS!$C$32:$P$36,14,FALSE)*'Unit Distribution'!$C$4,0) -> 0 | U22: =ROUND(VLOOKUP($C22,RLS!$C$32:$P$36,14,FALSE)*'Unit Distribution'!$C$4,0) -> 0 | V22: =ROUND(VLOOKUP($C22,RLS!$C$32:$P$36,14,FALSE)*'Unit Distribution'!$C$4,0) -> 0 | W22: =ROUND(VLOOKUP($C22,RLS!$C$32:$P$36,14,FALSE)*'Unit Distribution'!$C$4,0) -> 0 | X22: =ROUND(VLOOKUP($C22,RLS!$C$32:$P$36,14,FALSE)*'Unit Distribution'!$C$4,0) -> 0 | ... AB22: =ROUND(VLOOKUP($C22,RLS!$C$32:$P$36,14,FALSE)*'Unit Distribution'!$C$4,0) -> 0 | AC22: =VLOOKUP($C22,RLS!$C$32:$AB$36,26,FALSE)-AC21-AC23 -> 0 | AD22: =VLOOKUP($C22,RLS!$C$32:$AB$36,26,FALSE)-AD21-AD23 -> 0 | AE22: =VLOOKUP($C22,RLS!$C$32:$AB$36,26,FALSE)-AE21-AE23 -> 0 | AF22: =VLOOKUP($C22,RLS!$C$32:$AB$36,26,FALSE)-AF21-AF23 -> 0 | AG22: =VLOOKUP($C22,RLS!$C$32:$AB$36,26,FALSE)-AG21-AG23 -> 0 | AH22: =VLOOKUP($C22,RLS!$C$32:$AB$36,26,FALSE)-AH21-AH23 -> 0 | AI22: =VLOOKUP($C22,RLS!$C$32:$AB$36,26,FALSE)-AI21-AI23 -> 0 | AJ22: =VLOOKUP($C22,RLS!$C$32:$AB$36,26,FALSE)-AJ21-AJ23 -> 0 | ... AN22: =VLOOKUP($C22,RLS!$C$32:$AB$36,26,FALSE)-AN21-AN23 -> 0 | AO22: =VLOOKUP($C22,RLS!$C$32:$AN$36,38,FALSE)-AO21-AO23 -> 0 | AP22: =VLOOKUP($C22,RLS!$C$32:$AN$36,38,FALSE)-AP21-AP23 -> 0 | AQ22: =VLOOKUP($C22,RLS!$C$32:$AN$36,38,FALSE)-AQ21-AQ23 -> 0 | AR22: =VLOOKUP($C22,RLS!$C$32:$AN$36,38,FALSE)-AR21-AR23 -> 0 | AS22: =VLOOKUP($C22,RLS!$C$32:$AN$36,38,FALSE)-AS21-AS23 -> 0 | AT22: =VLOOKUP($C22,RLS!$C$32:$AN$36,38,FALSE)-AT21-AT23 -> 0 | AU22: =VLOOKUP($C22,RLS!$C$32:$AN$36,38,FALSE)-AU21-AU23 -> 0 | AV22: =VLOOKUP($C22,RLS!$C$32:$AN$36,38,FALSE)-AV21-AV23 -> 0 | ... AZ22: =VLOOKUP($C22,RLS!$C$32:$AN$36,38,FALSE)-AZ21-AZ23 -> 0 | BA22: =VLOOKUP($C22,RLS!$C$32:$AZ$36,50,FALSE)-BA21-BA23 -> 0 | BB22: =VLOOKUP($C22,RLS!$C$32:$AZ$36,50,FALSE)-BB21-BB23 -> 0 | BC22: =VLOOKUP($C22,RLS!$C$32:$AZ$36,50,FALSE)-BC21-BC23 -> 0 | BD22: =VLOOKUP($C22,RLS!$C$32:$AZ$36,50,FALSE)-BD21-BD23 -> 0 | BE22: =VLOOKUP($C22,RLS!$C$32:$AZ$36,50,FALSE)-BE21-BE23 -> 0 | BF22: =VLOOKUP($C22,RLS!$C$32:$AZ$36,50,FALSE)-BF21-BF23 -> 0 | BG22: =VLOOKUP($C22,RLS!$C$32:$AZ$36,50,FALSE)-BG21-BG23 -> 0 | BH22: =VLOOKUP($C22,RLS!$C$32:$AZ$36,50,FALSE)-BH21-BH23 -> 0 | ... BL22: =VLOOKUP($C22,RLS!$C$32:$AZ$36,50,FALSE)-BL21-BL23 -> 0
A23: Tester | B23: Onsite | C23: =A23&B23 -> TesterOnsite | D23: Team | E23: =VLOOKUP($C23,RLS!$C$32:$O$36,2,FALSE)-E21-E22 -> 1 | F23: =VLOOKUP($C23,RLS!$C$32:$O$36,3,FALSE)-F21-F22 -> 1 | G23: =VLOOKUP($C23,RLS!$C$32:$O$36,4,FALSE)-G21-G22 -> 1 | H23: =VLOOKUP($C23,RLS!$C$32:$O$36,5,FALSE)-H21-H22 -> 1 | I23: =VLOOKUP($C23,RLS!$C$32:$O$36,6,FALSE)-I21-I22 -> 1 | J23: =VLOOKUP($C23,RLS!$C$32:$O$36,7,FALSE)-J21-J22 -> 1 | K23: =VLOOKUP($C23,RLS!$C$32:$O$36,8,FALSE)-K21-K22 -> 1 | L23: =VLOOKUP($C23,RLS!$C$32:$O$36,9,FALSE)-L21-L22 -> 1 | M23: =VLOOKUP($C23,RLS!$C$32:$O$36,10,FALSE)-M21-M22 -> 1 | N23: =VLOOKUP($C23,RLS!$C$32:$O$36,11,FALSE)-N21-N22 -> 1 | O23: =VLOOKUP($C23,RLS!$C$32:$O$36,12,FALSE)-O21-O22 -> 1 | P23: =VLOOKUP($C23,RLS!$C$32:$O$36,13,FALSE)-P21-P22 -> 1 | Q23: =VLOOKUP($C23,RLS!$C$32:$P$36,14,FALSE)-Q21-Q22 -> 1 | R23: =VLOOKUP($C23,RLS!$C$32:$P$36,14,FALSE)-R21-R22 -> 1 | S23: =VLOOKUP($C23,RLS!$C$32:$P$36,14,FALSE)-S21-S22 -> 1 | T23: =VLOOKUP($C23,RLS!$C$32:$P$36,14,FALSE)-T21-T22 -> 1 | U23: =VLOOKUP($C23,RLS!$C$32:$P$36,14,FALSE)-U21-U22 -> 1 | V23: =VLOOKUP($C23,RLS!$C$32:$P$36,14,FALSE)-V21-V22 -> 1 | W23: =VLOOKUP($C23,RLS!$C$32:$P$36,14,FALSE)-W21-W22 -> 1 | X23: =VLOOKUP($C23,RLS!$C$32:$P$36,14,FALSE)-X21-X22 -> 1 | ... AB23: =VLOOKUP($C23,RLS!$C$32:$P$36,14,FALSE)-AB21-AB22 -> 1 | AC23: =ROUND(VLOOKUP($C23,RLS!$C$32:$AB$36,26,FALSE)*'Unit Distribution'!$D$5,0) -> 0 | AD23: =ROUND(VLOOKUP($C23,RLS!$C$32:$AB$36,26,FALSE)*'Unit Distribution'!$D$5,0) -> 0 | AE23: =ROUND(VLOOKUP($C23,RLS!$C$32:$AB$36,26,FALSE)*'Unit Distribution'!$D$5,0) -> 0 | AF23: =ROUND(VLOOKUP($C23,RLS!$C$32:$AB$36,26,FALSE)*'Unit Distribution'!$D$5,0) -> 0 | AG23: =ROUND(VLOOKUP($C23,RLS!$C$32:$AB$36,26,FALSE)*'Unit Distribution'!$D$5,0) -> 0 | AH23: =ROUND(VLOOKUP($C23,RLS!$C$32:$AB$36,26,FALSE)*'Unit Distribution'!$D$5,0) -> 0 | AI23: =ROUND(VLOOKUP($C23,RLS!$C$32:$AB$36,26,FALSE)*'Unit Distribution'!$D$5,0) -> 0 | AJ23: =ROUND(VLOOKUP($C23,RLS!$C$32:$AB$36,26,FALSE)*'Unit Distribution'!$D$5,0) -> 0 | ... AN23: =ROUND(VLOOKUP($C23,RLS!$C$32:$AB$36,26,FALSE)*'Unit Distribution'!$D$5,0) -> 0 | AO23: =ROUND(VLOOKUP($C23,RLS!$C$32:$AN$36,38,FALSE)*'Unit Distribution'!$E$5,0) -> 0 | AP23: =ROUND(VLOOKUP($C23,RLS!$C$32:$AN$36,38,FALSE)*'Unit Distribution'!$E$5,0) -> 0 | AQ23: =ROUND(VLOOKUP($C23,RLS!$C$32:$AN$36,38,FALSE)*'Unit Distribution'!$E$5,0) -> 0 | AR23: =ROUND(VLOOKUP($C23,RLS!$C$32:$AN$36,38,FALSE)*'Unit Distribution'!$E$5,0) -> 0 | AS23: =ROUND(VLOOKUP($C23,RLS!$C$32:$AN$36,38,FALSE)*'Unit Distribution'!$E$5,0) -> 0 | AT23: =ROUND(VLOOKUP($C23,RLS!$C$32:$AN$36,38,FALSE)*'Unit Distribution'!$E$5,0) -> 0 | AU23: =ROUND(VLOOKUP($C23,RLS!$C$32:$AN$36,38,FALSE)*'Unit Distribution'!$E$5,0) -> 0 | AV23: =ROUND(VLOOKUP($C23,RLS!$C$32:$AN$36,38,FALSE)*'Unit Distribution'!$E$5,0) -> 0 | ... AZ23: =ROUND(VLOOKUP($C23,RLS!$C$32:$AN$36,38,FALSE)*'Unit Distribution'!$E$5,0) -> 0 | BA23: =ROUND(VLOOKUP($C23,RLS!$C$32:$AZ$36,50,FALSE)*'Unit Distribution'!$F$5,0) -> 0 | BB23: =ROUND(VLOOKUP($C23,RLS!$C$32:$AZ$36,50,FALSE)*'Unit Distribution'!$F$5,0) -> 0 | BC23: =ROUND(VLOOKUP($C23,RLS!$C$32:$AZ$36,50,FALSE)*'Unit Distribution'!$F$5,0) -> 0 | BD23: =ROUND(VLOOKUP($C23,RLS!$C$32:$AZ$36,50,FALSE)*'Unit Distribution'!$F$5,0) -> 0 | BE23: =ROUND(VLOOKUP($C23,RLS!$C$32:$AZ$36,50,FALSE)*'Unit Distribution'!$F$5,0) -> 0 | BF23: =ROUND(VLOOKUP($C23,RLS!$C$32:$AZ$36,50,FALSE)*'Unit Distribution'!$F$5,0) -> 0 | BG23: =ROUND(VLOOKUP($C23,RLS!$C$32:$AZ$36,50,FALSE)*'Unit Distribution'!$F$5,0) -> 0 | BH23: =ROUND(VLOOKUP($C23,RLS!$C$32:$AZ$36,50,FALSE)*'Unit Distribution'!$F$5,0) -> 0 | ... BL23: =ROUND(VLOOKUP($C23,RLS!$C$32:$AZ$36,50,FALSE)*'Unit Distribution'!$F$5,0) -> 0
A24: PM | B24: Onsite | C24: =A24&B24 -> PMOnsite | D24: HZ | E24: =VLOOKUP($C24,RLS!$C$32:$O$36,2,FALSE) -> 0 | F24: =VLOOKUP($C24,RLS!$C$32:$O$36,3,FALSE) -> 0 | G24: =VLOOKUP($C24,RLS!$C$32:$O$36,4,FALSE) -> 0 | H24: =VLOOKUP($C24,RLS!$C$32:$O$36,5,FALSE) -> 0 | I24: =VLOOKUP($C24,RLS!$C$32:$O$36,6,FALSE) -> 0 | J24: =VLOOKUP($C24,RLS!$C$32:$O$36,7,FALSE) -> 0 | K24: =VLOOKUP($C24,RLS!$C$32:$O$36,8,FALSE) -> 0 | L24: =VLOOKUP($C24,RLS!$C$32:$O$36,9,FALSE) -> 0 | M24: =VLOOKUP($C24,RLS!$C$32:$O$36,10,FALSE) -> 0 | N24: =VLOOKUP($C24,RLS!$C$32:$O$36,11,FALSE) -> 0 | O24: =VLOOKUP($C24,RLS!$C$32:$O$36,12,FALSE) -> 0 | P24: =VLOOKUP($C24,RLS!$C$32:$O$36,13,FALSE) -> 0 | Q24: =VLOOKUP($C24,RLS!$C$32:$P$36,14,FALSE) -> 0 | R24: =VLOOKUP($C24,RLS!$C$32:$P$36,14,FALSE) -> 0 | S24: =VLOOKUP($C24,RLS!$C$32:$P$36,14,FALSE) -> 0 | T24: =VLOOKUP($C24,RLS!$C$32:$P$36,14,FALSE) -> 0 | U24: =VLOOKUP($C24,RLS!$C$32:$P$36,14,FALSE) -> 0 | V24: =VLOOKUP($C24,RLS!$C$32:$P$36,14,FALSE) -> 0 | W24: =VLOOKUP($C24,RLS!$C$32:$P$36,14,FALSE) -> 0 | X24: =VLOOKUP($C24,RLS!$C$32:$P$36,14,FALSE) -> 0 | ... AB24: =VLOOKUP($C24,RLS!$C$32:$P$36,14,FALSE) -> 0 | AC24: =VLOOKUP($C24,RLS!$C$32:$AB$36,26,FALSE) -> 0 | AD24: =VLOOKUP($C24,RLS!$C$32:$AB$36,26,FALSE) -> 0 | AE24: =VLOOKUP($C24,RLS!$C$32:$AB$36,26,FALSE) -> 0 | AF24: =VLOOKUP($C24,RLS!$C$32:$AB$36,26,FALSE) -> 0 | AG24: =VLOOKUP($C24,RLS!$C$32:$AB$36,26,FALSE) -> 0 | AH24: =VLOOKUP($C24,RLS!$C$32:$AB$36,26,FALSE) -> 0 | AI24: =VLOOKUP($C24,RLS!$C$32:$AB$36,26,FALSE) -> 0 | AJ24: =VLOOKUP($C24,RLS!$C$32:$AB$36,26,FALSE) -> 0 | ... AN24: =VLOOKUP($C24,RLS!$C$32:$AB$36,26,FALSE) -> 0 | AO24: =VLOOKUP($C24,RLS!$C$32:$AN$36,38,FALSE) -> 0 | AP24: =VLOOKUP($C24,RLS!$C$32:$AN$36,38,FALSE) -> 0 | AQ24: =VLOOKUP($C24,RLS!$C$32:$AN$36,38,FALSE) -> 0 | AR24: =VLOOKUP($C24,RLS!$C$32:$AN$36,38,FALSE) -> 0 | AS24: =VLOOKUP($C24,RLS!$C$32:$AN$36,38,FALSE) -> 0 | AT24: =VLOOKUP($C24,RLS!$C$32:$AN$36,38,FALSE) -> 0 | AU24: =VLOOKUP($C24,RLS!$C$32:$AN$36,38,FALSE) -> 0 | AV24: =VLOOKUP($C24,RLS!$C$32:$AN$36,38,FALSE) -> 0 | ... AZ24: =VLOOKUP($C24,RLS!$C$32:$AN$36,38,FALSE) -> 0 | BA24: =VLOOKUP($C24,RLS!$C$32:$AZ$36,50,FALSE) -> 0 | BB24: =VLOOKUP($C24,RLS!$C$32:$AZ$36,50,FALSE) -> 0 | BC24: =VLOOKUP($C24,RLS!$C$32:$AZ$36,50,FALSE) -> 0 | BD24: =VLOOKUP($C24,RLS!$C$32:$AZ$36,50,FALSE) -> 0 | BE24: =VLOOKUP($C24,RLS!$C$32:$AZ$36,50,FALSE) -> 0 | BF24: =VLOOKUP($C24,RLS!$C$32:$AZ$36,50,FALSE) -> 0 | BG24: =VLOOKUP($C24,RLS!$C$32:$AZ$36,50,FALSE) -> 0 | BH24: =VLOOKUP($C24,RLS!$C$32:$AZ$36,50,FALSE) -> 0 | ... BL24: =VLOOKUP($C24,RLS!$C$32:$AZ$36,50,FALSE) -> 0
A25: Lead | B25: Onsite | C25: =A25&B25 -> LeadOnsite | D25: Team | E25: =VLOOKUP($C25,RLS!$C$32:$O$36,2,FALSE) -> 1 | F25: =VLOOKUP($C25,RLS!$C$32:$O$36,3,FALSE) -> 1 | G25: =VLOOKUP($C25,RLS!$C$32:$O$36,4,FALSE) -> 1 | H25: =VLOOKUP($C25,RLS!$C$32:$O$36,5,FALSE) -> 1 | I25: =VLOOKUP($C25,RLS!$C$32:$O$36,6,FALSE) -> 1 | J25: =VLOOKUP($C25,RLS!$C$32:$O$36,7,FALSE) -> 1 | K25: =VLOOKUP($C25,RLS!$C$32:$O$36,8,FALSE) -> 1 | L25: =VLOOKUP($C25,RLS!$C$32:$O$36,9,FALSE) -> 1 | M25: =VLOOKUP($C25,RLS!$C$32:$O$36,10,FALSE) -> 1 | N25: =VLOOKUP($C25,RLS!$C$32:$O$36,11,FALSE) -> 1 | O25: =VLOOKUP($C25,RLS!$C$32:$O$36,12,FALSE) -> 1 | P25: =VLOOKUP($C25,RLS!$C$32:$O$36,13,FALSE) -> 1 | Q25: =VLOOKUP($C25,RLS!$C$32:$P$36,14,FALSE) -> 1 | R25: =VLOOKUP($C25,RLS!$C$32:$P$36,14,FALSE) -> 1 | S25: =VLOOKUP($C25,RLS!$C$32:$P$36,14,FALSE) -> 1 | T25: =VLOOKUP($C25,RLS!$C$32:$P$36,14,FALSE) -> 1 | U25: =VLOOKUP($C25,RLS!$C$32:$P$36,14,FALSE) -> 1 | V25: =VLOOKUP($C25,RLS!$C$32:$P$36,14,FALSE) -> 1 | W25: =VLOOKUP($C25,RLS!$C$32:$P$36,14,FALSE) -> 1 | X25: =VLOOKUP($C25,RLS!$C$32:$P$36,14,FALSE) -> 1 | ... AB25: =VLOOKUP($C25,RLS!$C$32:$P$36,14,FALSE) -> 1 | AC25: =VLOOKUP($C25,RLS!$C$32:$AB$36,26,FALSE) -> 0 | AD25: =VLOOKUP($C25,RLS!$C$32:$AB$36,26,FALSE) -> 0 | AE25: =VLOOKUP($C25,RLS!$C$32:$AB$36,26,FALSE) -> 0 | AF25: =VLOOKUP($C25,RLS!$C$32:$AB$36,26,FALSE) -> 0 | AG25: =VLOOKUP($C25,RLS!$C$32:$AB$36,26,FALSE) -> 0 | AH25: =VLOOKUP($C25,RLS!$C$32:$AB$36,26,FALSE) -> 0 | AI25: =VLOOKUP($C25,RLS!$C$32:$AB$36,26,FALSE) -> 0 | AJ25: =VLOOKUP($C25,RLS!$C$32:$AB$36,26,FALSE) -> 0 | ... AN25: =VLOOKUP($C25,RLS!$C$32:$AB$36,26,FALSE) -> 0 | AO25: =VLOOKUP($C25,RLS!$C$32:$AN$36,38,FALSE) -> 0 | AP25: =VLOOKUP($C25,RLS!$C$32:$AN$36,38,FALSE) -> 0 | AQ25: =VLOOKUP($C25,RLS!$C$32:$AN$36,38,FALSE) -> 0 | AR25: =VLOOKUP($C25,RLS!$C$32:$AN$36,38,FALSE) -> 0 | AS25: =VLOOKUP($C25,RLS!$C$32:$AN$36,38,FALSE) -> 0 | AT25: =VLOOKUP($C25,RLS!$C$32:$AN$36,38,FALSE) -> 0 | AU25: =VLOOKUP($C25,RLS!$C$32:$AN$36,38,FALSE) -> 0 | AV25: =VLOOKUP($C25,RLS!$C$32:$AN$36,38,FALSE) -> 0 | ... AZ25: =VLOOKUP($C25,RLS!$C$32:$AN$36,38,FALSE) -> 0 | BA25: =VLOOKUP($C25,RLS!$C$32:$AZ$36,50,FALSE) -> 0 | BB25: =VLOOKUP($C25,RLS!$C$32:$AZ$36,50,FALSE) -> 0 | BC25: =VLOOKUP($C25,RLS!$C$32:$AZ$36,50,FALSE) -> 0 | BD25: =VLOOKUP($C25,RLS!$C$32:$AZ$36,50,FALSE) -> 0 | BE25: =VLOOKUP($C25,RLS!$C$32:$AZ$36,50,FALSE) -> 0 | BF25: =VLOOKUP($C25,RLS!$C$32:$AZ$36,50,FALSE) -> 0 | BG25: =VLOOKUP($C25,RLS!$C$32:$AZ$36,50,FALSE) -> 0 | BH25: =VLOOKUP($C25,RLS!$C$32:$AZ$36,50,FALSE) -> 0 | ... BL25: =VLOOKUP($C25,RLS!$C$32:$AZ$36,50,FALSE) -> 0
A26: BSA | B26: Onsite-Landed | C26: =A26&B26 -> BSAOnsite-Landed | D26: POD1 | E26: =ROUND(VLOOKUP($C26,RLS!$C$37:$O$41,2,FALSE)*'Unit Distribution'!$B$3,0) -> 1 | F26: =ROUND(VLOOKUP($C26,RLS!$C$37:$O$41,3,FALSE)*'Unit Distribution'!$B$3,0) -> 1 | G26: =ROUND(VLOOKUP($C26,RLS!$C$37:$O$41,4,FALSE)*'Unit Distribution'!$B$3,0) -> 1 | H26: =ROUND(VLOOKUP($C26,RLS!$C$37:$O$41,5,FALSE)*'Unit Distribution'!$B$3,0) -> 1 | I26: =ROUND(VLOOKUP($C26,RLS!$C$37:$O$41,6,FALSE)*'Unit Distribution'!$B$3,0) -> 1 | J26: =ROUND(VLOOKUP($C26,RLS!$C$37:$O$41,7,FALSE)*'Unit Distribution'!$B$3,0) -> 1 | K26: =ROUND(VLOOKUP($C26,RLS!$C$37:$O$41,8,FALSE)*'Unit Distribution'!$B$3,0) -> 1 | L26: =ROUND(VLOOKUP($C26,RLS!$C$37:$O$41,9,FALSE)*'Unit Distribution'!$B$3,0) -> 1 | M26: =ROUND(VLOOKUP($C26,RLS!$C$37:$O$41,10,FALSE)*'Unit Distribution'!$B$3,0) -> 1 | N26: =ROUND(VLOOKUP($C26,RLS!$C$37:$O$41,11,FALSE)*'Unit Distribution'!$B$3,0) -> 1 | O26: =ROUND(VLOOKUP($C26,RLS!$C$37:$O$41,12,FALSE)*'Unit Distribution'!$B$3,0) -> 1 | P26: =ROUND(VLOOKUP($C26,RLS!$C$37:$O$41,13,FALSE)*'Unit Distribution'!$B$3,0) -> 1 | Q26: =ROUND(VLOOKUP($C26,RLS!$C$37:$P$41,14,FALSE)*'Unit Distribution'!$C$3,0) -> 0 | R26: =ROUND(VLOOKUP($C26,RLS!$C$37:$P$41,14,FALSE)*'Unit Distribution'!$C$3,0) -> 0 | S26: =ROUND(VLOOKUP($C26,RLS!$C$37:$P$41,14,FALSE)*'Unit Distribution'!$C$3,0) -> 0 | T26: =ROUND(VLOOKUP($C26,RLS!$C$37:$P$41,14,FALSE)*'Unit Distribution'!$C$3,0) -> 0 | U26: =ROUND(VLOOKUP($C26,RLS!$C$37:$P$41,14,FALSE)*'Unit Distribution'!$C$3,0) -> 0 | V26: =ROUND(VLOOKUP($C26,RLS!$C$37:$P$41,14,FALSE)*'Unit Distribution'!$C$3,0) -> 0 | W26: =ROUND(VLOOKUP($C26,RLS!$C$37:$P$41,14,FALSE)*'Unit Distribution'!$C$3,0) -> 0 | X26: =ROUND(VLOOKUP($C26,RLS!$C$37:$P$41,14,FALSE)*'Unit Distribution'!$C$3,0) -> 0 | ... AB26: =ROUND(VLOOKUP($C26,RLS!$C$37:$P$41,14,FALSE)*'Unit Distribution'!$C$3,0) -> 0 | AC26: =ROUND(VLOOKUP($C26,RLS!$C$37:$AB$41,26,FALSE)*'Unit Distribution'!$D$3,0) -> 0 | AD26: =ROUND(VLOOKUP($C26,RLS!$C$37:$AB$41,26,FALSE)*'Unit Distribution'!$D$3,0) -> 0 | AE26: =ROUND(VLOOKUP($C26,RLS!$C$37:$AB$41,26,FALSE)*'Unit Distribution'!$D$3,0) -> 0 | AF26: =ROUND(VLOOKUP($C26,RLS!$C$37:$AB$41,26,FALSE)*'Unit Distribution'!$D$3,0) -> 0 | AG26: =ROUND(VLOOKUP($C26,RLS!$C$37:$AB$41,26,FALSE)*'Unit Distribution'!$D$3,0) -> 0 | AH26: =ROUND(VLOOKUP($C26,RLS!$C$37:$AB$41,26,FALSE)*'Unit Distribution'!$D$3,0) -> 0 | AI26: =ROUND(VLOOKUP($C26,RLS!$C$37:$AB$41,26,FALSE)*'Unit Distribution'!$D$3,0) -> 0 | AJ26: =ROUND(VLOOKUP($C26,RLS!$C$37:$AB$41,26,FALSE)*'Unit Distribution'!$D$3,0) -> 0 | ... AN26: =ROUND(VLOOKUP($C26,RLS!$C$37:$AB$41,26,FALSE)*'Unit Distribution'!$D$3,0) -> 0 | AO26: =ROUND(VLOOKUP($C26,RLS!$C$37:$AN$41,38,FALSE)*'Unit Distribution'!$E$3,0) -> 0 | AP26: =ROUND(VLOOKUP($C26,RLS!$C$37:$AN$41,38,FALSE)*'Unit Distribution'!$E$3,0) -> 0 | AQ26: =ROUND(VLOOKUP($C26,RLS!$C$37:$AN$41,38,FALSE)*'Unit Distribution'!$E$3,0) -> 0 | AR26: =ROUND(VLOOKUP($C26,RLS!$C$37:$AN$41,38,FALSE)*'Unit Distribution'!$E$3,0) -> 0 | AS26: =ROUND(VLOOKUP($C26,RLS!$C$37:$AN$41,38,FALSE)*'Unit Distribution'!$E$3,0) -> 0 | AT26: =ROUND(VLOOKUP($C26,RLS!$C$37:$AN$41,38,FALSE)*'Unit Distribution'!$E$3,0) -> 0 | AU26: =ROUND(VLOOKUP($C26,RLS!$C$37:$AN$41,38,FALSE)*'Unit Distribution'!$E$3,0) -> 0 | AV26: =ROUND(VLOOKUP($C26,RLS!$C$37:$AN$41,38,FALSE)*'Unit Distribution'!$E$3,0) -> 0 | ... AZ26: =ROUND(VLOOKUP($C26,RLS!$C$37:$AN$41,38,FALSE)*'Unit Distribution'!$E$3,0) -> 0 | BA26: =ROUND(VLOOKUP($C26,RLS!$C$37:$AZ$41,50,FALSE)*'Unit Distribution'!$F$3,0) -> 0 | BB26: =ROUND(VLOOKUP($C26,RLS!$C$37:$AZ$41,50,FALSE)*'Unit Distribution'!$F$3,0) -> 0 | BC26: =ROUND(VLOOKUP($C26,RLS!$C$37:$AZ$41,50,FALSE)*'Unit Distribution'!$F$3,0) -> 0 | BD26: =ROUND(VLOOKUP($C26,RLS!$C$37:$AZ$41,50,FALSE)*'Unit Distribution'!$F$3,0) -> 0 | BE26: =ROUND(VLOOKUP($C26,RLS!$C$37:$AZ$41,50,FALSE)*'Unit Distribution'!$F$3,0) -> 0 | BF26: =ROUND(VLOOKUP($C26,RLS!$C$37:$AZ$41,50,FALSE)*'Unit Distribution'!$F$3,0) -> 0 | BG26: =ROUND(VLOOKUP($C26,RLS!$C$37:$AZ$41,50,FALSE)*'Unit Distribution'!$F$3,0) -> 0 | BH26: =ROUND(VLOOKUP($C26,RLS!$C$37:$AZ$41,50,FALSE)*'Unit Distribution'!$F$3,0) -> 0 | ... BL26: =ROUND(VLOOKUP($C26,RLS!$C$37:$AZ$41,50,FALSE)*'Unit Distribution'!$F$3,0) -> 0
A27: BSA | B27: Onsite-Landed | C27: =A27&B27 -> BSAOnsite-Landed | D27: POD2 | E27: =ROUND(VLOOKUP($C27,RLS!$C$37:$O$41,2,FALSE)*'Unit Distribution'!$B$4,0) -> 1 | F27: =ROUND(VLOOKUP($C27,RLS!$C$37:$O$41,3,FALSE)*'Unit Distribution'!$B$4,0) -> 1 | G27: =ROUND(VLOOKUP($C27,RLS!$C$37:$O$41,4,FALSE)*'Unit Distribution'!$B$4,0) -> 1 | H27: =ROUND(VLOOKUP($C27,RLS!$C$37:$O$41,5,FALSE)*'Unit Distribution'!$B$4,0) -> 1 | I27: =ROUND(VLOOKUP($C27,RLS!$C$37:$O$41,6,FALSE)*'Unit Distribution'!$B$4,0) -> 1 | J27: =ROUND(VLOOKUP($C27,RLS!$C$37:$O$41,7,FALSE)*'Unit Distribution'!$B$4,0) -> 1 | K27: =ROUND(VLOOKUP($C27,RLS!$C$37:$O$41,8,FALSE)*'Unit Distribution'!$B$4,0) -> 1 | L27: =ROUND(VLOOKUP($C27,RLS!$C$37:$O$41,9,FALSE)*'Unit Distribution'!$B$4,0) -> 1 | M27: =ROUND(VLOOKUP($C27,RLS!$C$37:$O$41,10,FALSE)*'Unit Distribution'!$B$4,0) -> 1 | N27: =ROUND(VLOOKUP($C27,RLS!$C$37:$O$41,11,FALSE)*'Unit Distribution'!$B$4,0) -> 1 | O27: =ROUND(VLOOKUP($C27,RLS!$C$37:$O$41,12,FALSE)*'Unit Distribution'!$B$4,0) -> 1 | P27: =ROUND(VLOOKUP($C27,RLS!$C$37:$O$41,13,FALSE)*'Unit Distribution'!$B$4,0) -> 1 | Q27: =ROUND(VLOOKUP($C27,RLS!$C$37:$P$41,14,FALSE)*'Unit Distribution'!$C$4,0) -> 0 | R27: =ROUND(VLOOKUP($C27,RLS!$C$37:$P$41,14,FALSE)*'Unit Distribution'!$C$4,0) -> 0 | S27: =ROUND(VLOOKUP($C27,RLS!$C$37:$P$41,14,FALSE)*'Unit Distribution'!$C$4,0) -> 0 | T27: =ROUND(VLOOKUP($C27,RLS!$C$37:$P$41,14,FALSE)*'Unit Distribution'!$C$4,0) -> 0 | U27: =ROUND(VLOOKUP($C27,RLS!$C$37:$P$41,14,FALSE)*'Unit Distribution'!$C$4,0) -> 0 | V27: =ROUND(VLOOKUP($C27,RLS!$C$37:$P$41,14,FALSE)*'Unit Distribution'!$C$4,0) -> 0 | W27: =ROUND(VLOOKUP($C27,RLS!$C$37:$P$41,14,FALSE)*'Unit Distribution'!$C$4,0) -> 0 | X27: =ROUND(VLOOKUP($C27,RLS!$C$37:$P$41,14,FALSE)*'Unit Distribution'!$C$4,0) -> 0 | ... AB27: =ROUND(VLOOKUP($C27,RLS!$C$37:$P$41,14,FALSE)*'Unit Distribution'!$C$4,0) -> 0 | AC27: =VLOOKUP($C27,RLS!$C$37:$AB$41,26,FALSE)-AC26-AC28 -> 0 | AD27: =VLOOKUP($C27,RLS!$C$37:$AB$41,26,FALSE)-AD26-AD28 -> 0 | AE27: =VLOOKUP($C27,RLS!$C$37:$AB$41,26,FALSE)-AE26-AE28 -> 0 | AF27: =VLOOKUP($C27,RLS!$C$37:$AB$41,26,FALSE)-AF26-AF28 -> 0 | AG27: =VLOOKUP($C27,RLS!$C$37:$AB$41,26,FALSE)-AG26-AG28 -> 0 | AH27: =VLOOKUP($C27,RLS!$C$37:$AB$41,26,FALSE)-AH26-AH28 -> 0 | AI27: =VLOOKUP($C27,RLS!$C$37:$AB$41,26,FALSE)-AI26-AI28 -> 0 | AJ27: =VLOOKUP($C27,RLS!$C$37:$AB$41,26,FALSE)-AJ26-AJ28 -> 0 | ... AN27: =VLOOKUP($C27,RLS!$C$37:$AB$41,26,FALSE)-AN26-AN28 -> 0 | AO27: =VLOOKUP($C27,RLS!$C$37:$AN$41,38,FALSE)-AO26-AO28 -> 0 | AP27: =VLOOKUP($C27,RLS!$C$37:$AN$41,38,FALSE)-AP26-AP28 -> 0 | AQ27: =VLOOKUP($C27,RLS!$C$37:$AN$41,38,FALSE)-AQ26-AQ28 -> 0 | AR27: =VLOOKUP($C27,RLS!$C$37:$AN$41,38,FALSE)-AR26-AR28 -> 0 | AS27: =VLOOKUP($C27,RLS!$C$37:$AN$41,38,FALSE)-AS26-AS28 -> 0 | AT27: =VLOOKUP($C27,RLS!$C$37:$AN$41,38,FALSE)-AT26-AT28 -> 0 | AU27: =VLOOKUP($C27,RLS!$C$37:$AN$41,38,FALSE)-AU26-AU28 -> 0 | AV27: =VLOOKUP($C27,RLS!$C$37:$AN$41,38,FALSE)-AV26-AV28 -> 0 | ... AZ27: =VLOOKUP($C27,RLS!$C$37:$AN$41,38,FALSE)-AZ26-AZ28 -> 0 | BA27: =VLOOKUP($C27,RLS!$C$37:$AZ$41,50,FALSE)-BA26-BA28 -> 0 | BB27: =VLOOKUP($C27,RLS!$C$37:$AZ$41,50,FALSE)-BB26-BB28 -> 0 | BC27: =VLOOKUP($C27,RLS!$C$37:$AZ$41,50,FALSE)-BC26-BC28 -> 0 | BD27: =VLOOKUP($C27,RLS!$C$37:$AZ$41,50,FALSE)-BD26-BD28 -> 0 | BE27: =VLOOKUP($C27,RLS!$C$37:$AZ$41,50,FALSE)-BE26-BE28 -> 0 | BF27: =VLOOKUP($C27,RLS!$C$37:$AZ$41,50,FALSE)-BF26-BF28 -> 0 | BG27: =VLOOKUP($C27,RLS!$C$37:$AZ$41,50,FALSE)-BG26-BG28 -> 0 | BH27: =VLOOKUP($C27,RLS!$C$37:$AZ$41,50,FALSE)-BH26-BH28 -> 0 | ... BL27: =VLOOKUP($C27,RLS!$C$37:$AZ$41,50,FALSE)-BL26-BL28 -> 0
A28: BSA | B28: Onsite-Landed | C28: =A28&B28 -> BSAOnsite-Landed | D28: Team | E28: =VLOOKUP($C28,RLS!$C$37:$O$41,2,FALSE)-E26-E27 -> 0 | F28: =VLOOKUP($C28,RLS!$C$37:$O$41,3,FALSE)-F26-F27 -> 0 | G28: =VLOOKUP($C28,RLS!$C$37:$O$41,4,FALSE)-G26-G27 -> 0 | H28: =VLOOKUP($C28,RLS!$C$37:$O$41,5,FALSE)-H26-H27 -> 0 | I28: =VLOOKUP($C28,RLS!$C$37:$O$41,6,FALSE)-I26-I27 -> 0 | J28: =VLOOKUP($C28,RLS!$C$37:$O$41,7,FALSE)-J26-J27 -> 0 | K28: =VLOOKUP($C28,RLS!$C$37:$O$41,8,FALSE)-K26-K27 -> 0 | L28: =VLOOKUP($C28,RLS!$C$37:$O$41,9,FALSE)-L26-L27 -> 0 | M28: =VLOOKUP($C28,RLS!$C$37:$O$41,10,FALSE)-M26-M27 -> 0 | N28: =VLOOKUP($C28,RLS!$C$37:$O$41,11,FALSE)-N26-N27 -> 0 | O28: =VLOOKUP($C28,RLS!$C$37:$O$41,12,FALSE)-O26-O27 -> 0 | P28: =VLOOKUP($C28,RLS!$C$37:$O$41,13,FALSE)-P26-P27 -> 0 | Q28: =VLOOKUP($C28,RLS!$C$37:$P$41,14,FALSE)-Q26-Q27 -> 1 | R28: =VLOOKUP($C28,RLS!$C$37:$P$41,14,FALSE)-R26-R27 -> 1 | S28: =VLOOKUP($C28,RLS!$C$37:$P$41,14,FALSE)-S26-S27 -> 1 | T28: =VLOOKUP($C28,RLS!$C$37:$P$41,14,FALSE)-T26-T27 -> 1 | U28: =VLOOKUP($C28,RLS!$C$37:$P$41,14,FALSE)-U26-U27 -> 1 | V28: =VLOOKUP($C28,RLS!$C$37:$P$41,14,FALSE)-V26-V27 -> 1 | W28: =VLOOKUP($C28,RLS!$C$37:$P$41,14,FALSE)-W26-W27 -> 1 | X28: =VLOOKUP($C28,RLS!$C$37:$P$41,14,FALSE)-X26-X27 -> 1 | ... AB28: =VLOOKUP($C28,RLS!$C$37:$P$41,14,FALSE)-AB26-AB27 -> 1 | AC28: =ROUND(VLOOKUP($C28,RLS!$C$37:$AB$41,26,FALSE)*'Unit Distribution'!$D$5,0) -> 0 | AD28: =ROUND(VLOOKUP($C28,RLS!$C$37:$AB$41,26,FALSE)*'Unit Distribution'!$D$5,0) -> 0 | AE28: =ROUND(VLOOKUP($C28,RLS!$C$37:$AB$41,26,FALSE)*'Unit Distribution'!$D$5,0) -> 0 | AF28: =ROUND(VLOOKUP($C28,RLS!$C$37:$AB$41,26,FALSE)*'Unit Distribution'!$D$5,0) -> 0 | AG28: =ROUND(VLOOKUP($C28,RLS!$C$37:$AB$41,26,FALSE)*'Unit Distribution'!$D$5,0) -> 0 | AH28: =ROUND(VLOOKUP($C28,RLS!$C$37:$AB$41,26,FALSE)*'Unit Distribution'!$D$5,0) -> 0 | AI28: =ROUND(VLOOKUP($C28,RLS!$C$37:$AB$41,26,FALSE)*'Unit Distribution'!$D$5,0) -> 0 | AJ28: =ROUND(VLOOKUP($C28,RLS!$C$37:$AB$41,26,FALSE)*'Unit Distribution'!$D$5,0) -> 0 | ... AN28: =ROUND(VLOOKUP($C28,RLS!$C$37:$AB$41,26,FALSE)*'Unit Distribution'!$D$5,0) -> 0 | AO28: =ROUND(VLOOKUP($C28,RLS!$C$37:$AN$41,38,FALSE)*'Unit Distribution'!$E$5,0) -> 0 | AP28: =ROUND(VLOOKUP($C28,RLS!$C$37:$AN$41,38,FALSE)*'Unit Distribution'!$E$5,0) -> 0 | AQ28: =ROUND(VLOOKUP($C28,RLS!$C$37:$AN$41,38,FALSE)*'Unit Distribution'!$E$5,0) -> 0 | AR28: =ROUND(VLOOKUP($C28,RLS!$C$37:$AN$41,38,FALSE)*'Unit Distribution'!$E$5,0) -> 0 | AS28: =ROUND(VLOOKUP($C28,RLS!$C$37:$AN$41,38,FALSE)*'Unit Distribution'!$E$5,0) -> 0 | AT28: =ROUND(VLOOKUP($C28,RLS!$C$37:$AN$41,38,FALSE)*'Unit Distribution'!$E$5,0) -> 0 | AU28: =ROUND(VLOOKUP($C28,RLS!$C$37:$AN$41,38,FALSE)*'Unit Distribution'!$E$5,0) -> 0 | AV28: =ROUND(VLOOKUP($C28,RLS!$C$37:$AN$41,38,FALSE)*'Unit Distribution'!$E$5,0) -> 0 | ... AZ28: =ROUND(VLOOKUP($C28,RLS!$C$37:$AN$41,38,FALSE)*'Unit Distribution'!$E$5,0) -> 0 | BA28: =ROUND(VLOOKUP($C28,RLS!$C$37:$AZ$41,50,FALSE)*'Unit Distribution'!$F$5,0) -> 0 | BB28: =ROUND(VLOOKUP($C28,RLS!$C$37:$AZ$41,50,FALSE)*'Unit Distribution'!$F$5,0) -> 0 | BC28: =ROUND(VLOOKUP($C28,RLS!$C$37:$AZ$41,50,FALSE)*'Unit Distribution'!$F$5,0) -> 0 | BD28: =ROUND(VLOOKUP($C28,RLS!$C$37:$AZ$41,50,FALSE)*'Unit Distribution'!$F$5,0) -> 0 | BE28: =ROUND(VLOOKUP($C28,RLS!$C$37:$AZ$41,50,FALSE)*'Unit Distribution'!$F$5,0) -> 0 | BF28: =ROUND(VLOOKUP($C28,RLS!$C$37:$AZ$41,50,FALSE)*'Unit Distribution'!$F$5,0) -> 0 | BG28: =ROUND(VLOOKUP($C28,RLS!$C$37:$AZ$41,50,FALSE)*'Unit Distribution'!$F$5,0) -> 0 | BH28: =ROUND(VLOOKUP($C28,RLS!$C$37:$AZ$41,50,FALSE)*'Unit Distribution'!$F$5,0) -> 0 | ... BL28: =ROUND(VLOOKUP($C28,RLS!$C$37:$AZ$41,50,FALSE)*'Unit Distribution'!$F$5,0) -> 0
A29: Dev | B29: Onsite-Landed | C29: =A29&B29 -> DevOnsite-Landed | D29: POD1 | E29: =ROUND(VLOOKUP($C29,RLS!$C$37:$O$41,2,FALSE)*'Unit Distribution'!$B$3,0) -> 1 | F29: =ROUND(VLOOKUP($C29,RLS!$C$37:$O$41,3,FALSE)*'Unit Distribution'!$B$3,0) -> 1 | G29: =ROUND(VLOOKUP($C29,RLS!$C$37:$O$41,4,FALSE)*'Unit Distribution'!$B$3,0) -> 1 | H29: =ROUND(VLOOKUP($C29,RLS!$C$37:$O$41,5,FALSE)*'Unit Distribution'!$B$3,0) -> 1 | I29: =ROUND(VLOOKUP($C29,RLS!$C$37:$O$41,6,FALSE)*'Unit Distribution'!$B$3,0) -> 1 | J29: =ROUND(VLOOKUP($C29,RLS!$C$37:$O$41,7,FALSE)*'Unit Distribution'!$B$3,0) -> 1 | K29: =ROUND(VLOOKUP($C29,RLS!$C$37:$O$41,8,FALSE)*'Unit Distribution'!$B$3,0) -> 1 | L29: =ROUND(VLOOKUP($C29,RLS!$C$37:$O$41,9,FALSE)*'Unit Distribution'!$B$3,0) -> 1 | M29: =ROUND(VLOOKUP($C29,RLS!$C$37:$O$41,10,FALSE)*'Unit Distribution'!$B$3,0) -> 1 | N29: =ROUND(VLOOKUP($C29,RLS!$C$37:$O$41,11,FALSE)*'Unit Distribution'!$B$3,0) -> 1 | O29: =ROUND(VLOOKUP($C29,RLS!$C$37:$O$41,12,FALSE)*'Unit Distribution'!$B$3,0) -> 1 | P29: =ROUND(VLOOKUP($C29,RLS!$C$37:$O$41,13,FALSE)*'Unit Distribution'!$B$3,0) -> 1 | Q29: =ROUND(VLOOKUP($C29,RLS!$C$37:$P$41,14,FALSE)*'Unit Distribution'!$C$3,0) -> 0 | R29: =ROUND(VLOOKUP($C29,RLS!$C$37:$P$41,14,FALSE)*'Unit Distribution'!$C$3,0) -> 0 | S29: =ROUND(VLOOKUP($C29,RLS!$C$37:$P$41,14,FALSE)*'Unit Distribution'!$C$3,0) -> 0 | T29: =ROUND(VLOOKUP($C29,RLS!$C$37:$P$41,14,FALSE)*'Unit Distribution'!$C$3,0) -> 0 | U29: =ROUND(VLOOKUP($C29,RLS!$C$37:$P$41,14,FALSE)*'Unit Distribution'!$C$3,0) -> 0 | V29: =ROUND(VLOOKUP($C29,RLS!$C$37:$P$41,14,FALSE)*'Unit Distribution'!$C$3,0) -> 0 | W29: =ROUND(VLOOKUP($C29,RLS!$C$37:$P$41,14,FALSE)*'Unit Distribution'!$C$3,0) -> 0 | X29: =ROUND(VLOOKUP($C29,RLS!$C$37:$P$41,14,FALSE)*'Unit Distribution'!$C$3,0) -> 0 | ... AB29: =ROUND(VLOOKUP($C29,RLS!$C$37:$P$41,14,FALSE)*'Unit Distribution'!$C$3,0) -> 0 | AC29: =ROUNDDOWN(VLOOKUP($C29,RLS!$C$37:$AB$41,26,FALSE)*'Unit Distribution'!$D$3,0) -> 0 | AD29: =ROUNDDOWN(VLOOKUP($C29,RLS!$C$37:$AB$41,26,FALSE)*'Unit Distribution'!$D$3,0) -> 0 | AE29: =ROUNDDOWN(VLOOKUP($C29,RLS!$C$37:$AB$41,26,FALSE)*'Unit Distribution'!$D$3,0) -> 0 | AF29: =ROUNDDOWN(VLOOKUP($C29,RLS!$C$37:$AB$41,26,FALSE)*'Unit Distribution'!$D$3,0) -> 0 | AG29: =ROUNDDOWN(VLOOKUP($C29,RLS!$C$37:$AB$41,26,FALSE)*'Unit Distribution'!$D$3,0) -> 0 | AH29: =ROUNDDOWN(VLOOKUP($C29,RLS!$C$37:$AB$41,26,FALSE)*'Unit Distribution'!$D$3,0) -> 0 | AI29: =ROUNDDOWN(VLOOKUP($C29,RLS!$C$37:$AB$41,26,FALSE)*'Unit Distribution'!$D$3,0) -> 0 | AJ29: =ROUNDDOWN(VLOOKUP($C29,RLS!$C$37:$AB$41,26,FALSE)*'Unit Distribution'!$D$3,0) -> 0 | ... AN29: =ROUNDDOWN(VLOOKUP($C29,RLS!$C$37:$AB$41,26,FALSE)*'Unit Distribution'!$D$3,0) -> 0 | AO29: =ROUNDDOWN(VLOOKUP($C29,RLS!$C$37:$AN$41,38,FALSE)*'Unit Distribution'!$E$3,0) -> 0 | AP29: =ROUNDDOWN(VLOOKUP($C29,RLS!$C$37:$AN$41,38,FALSE)*'Unit Distribution'!$E$3,0) -> 0 | AQ29: =ROUNDDOWN(VLOOKUP($C29,RLS!$C$37:$AN$41,38,FALSE)*'Unit Distribution'!$E$3,0) -> 0 | AR29: =ROUNDDOWN(VLOOKUP($C29,RLS!$C$37:$AN$41,38,FALSE)*'Unit Distribution'!$E$3,0) -> 0 | AS29: =ROUNDDOWN(VLOOKUP($C29,RLS!$C$37:$AN$41,38,FALSE)*'Unit Distribution'!$E$3,0) -> 0 | AT29: =ROUNDDOWN(VLOOKUP($C29,RLS!$C$37:$AN$41,38,FALSE)*'Unit Distribution'!$E$3,0) -> 0 | AU29: =ROUNDDOWN(VLOOKUP($C29,RLS!$C$37:$AN$41,38,FALSE)*'Unit Distribution'!$E$3,0) -> 0 | AV29: =ROUNDDOWN(VLOOKUP($C29,RLS!$C$37:$AN$41,38,FALSE)*'Unit Distribution'!$E$3,0) -> 0 | ... AZ29: =ROUNDDOWN(VLOOKUP($C29,RLS!$C$37:$AN$41,38,FALSE)*'Unit Distribution'!$E$3,0) -> 0 | BA29: =ROUNDDOWN(VLOOKUP($C29,RLS!$C$37:$AZ$41,50,FALSE)*'Unit Distribution'!$F$3,0) -> 0 | BB29: =ROUNDDOWN(VLOOKUP($C29,RLS!$C$37:$AZ$41,50,FALSE)*'Unit Distribution'!$F$3,0) -> 0 | BC29: =ROUNDDOWN(VLOOKUP($C29,RLS!$C$37:$AZ$41,50,FALSE)*'Unit Distribution'!$F$3,0) -> 0 | BD29: =ROUNDDOWN(VLOOKUP($C29,RLS!$C$37:$AZ$41,50,FALSE)*'Unit Distribution'!$F$3,0) -> 0 | BE29: =ROUNDDOWN(VLOOKUP($C29,RLS!$C$37:$AZ$41,50,FALSE)*'Unit Distribution'!$F$3,0) -> 0 | BF29: =ROUNDDOWN(VLOOKUP($C29,RLS!$C$37:$AZ$41,50,FALSE)*'Unit Distribution'!$F$3,0) -> 0 | BG29: =ROUNDDOWN(VLOOKUP($C29,RLS!$C$37:$AZ$41,50,FALSE)*'Unit Distribution'!$F$3,0) -> 0 | BH29: =ROUNDDOWN(VLOOKUP($C29,RLS!$C$37:$AZ$41,50,FALSE)*'Unit Distribution'!$F$3,0) -> 0 | ... BL29: =ROUNDDOWN(VLOOKUP($C29,RLS!$C$37:$AZ$41,50,FALSE)*'Unit Distribution'!$F$3,0) -> 0
A30: Dev | B30: Onsite-Landed | C30: =A30&B30 -> DevOnsite-Landed | D30: POD2 | E30: =ROUND(VLOOKUP($C30,RLS!$C$37:$O$41,2,FALSE)*'Unit Distribution'!$B$4,0) -> 1 | F30: =ROUND(VLOOKUP($C30,RLS!$C$37:$O$41,3,FALSE)*'Unit Distribution'!$B$4,0) -> 1 | G30: =ROUND(VLOOKUP($C30,RLS!$C$37:$O$41,4,FALSE)*'Unit Distribution'!$B$4,0) -> 1 | H30: =ROUND(VLOOKUP($C30,RLS!$C$37:$O$41,5,FALSE)*'Unit Distribution'!$B$4,0) -> 1 | I30: =ROUND(VLOOKUP($C30,RLS!$C$37:$O$41,6,FALSE)*'Unit Distribution'!$B$4,0) -> 1 | J30: =ROUND(VLOOKUP($C30,RLS!$C$37:$O$41,7,FALSE)*'Unit Distribution'!$B$4,0) -> 1 | K30: =ROUND(VLOOKUP($C30,RLS!$C$37:$O$41,8,FALSE)*'Unit Distribution'!$B$4,0) -> 1 | L30: =ROUND(VLOOKUP($C30,RLS!$C$37:$O$41,9,FALSE)*'Unit Distribution'!$B$4,0) -> 1 | M30: =ROUND(VLOOKUP($C30,RLS!$C$37:$O$41,10,FALSE)*'Unit Distribution'!$B$4,0) -> 1 | N30: =ROUND(VLOOKUP($C30,RLS!$C$37:$O$41,11,FALSE)*'Unit Distribution'!$B$4,0) -> 1 | O30: =ROUND(VLOOKUP($C30,RLS!$C$37:$O$41,12,FALSE)*'Unit Distribution'!$B$4,0) -> 1 | P30: =ROUND(VLOOKUP($C30,RLS!$C$37:$O$41,13,FALSE)*'Unit Distribution'!$B$4,0) -> 1 | Q30: =ROUND(VLOOKUP($C30,RLS!$C$37:$P$41,14,FALSE)*'Unit Distribution'!$C$4,0) -> 0 | R30: =ROUND(VLOOKUP($C30,RLS!$C$37:$P$41,14,FALSE)*'Unit Distribution'!$C$4,0) -> 0 | S30: =ROUND(VLOOKUP($C30,RLS!$C$37:$P$41,14,FALSE)*'Unit Distribution'!$C$4,0) -> 0 | T30: =ROUND(VLOOKUP($C30,RLS!$C$37:$P$41,14,FALSE)*'Unit Distribution'!$C$4,0) -> 0 | U30: =ROUND(VLOOKUP($C30,RLS!$C$37:$P$41,14,FALSE)*'Unit Distribution'!$C$4,0) -> 0 | V30: =ROUND(VLOOKUP($C30,RLS!$C$37:$P$41,14,FALSE)*'Unit Distribution'!$C$4,0) -> 0 | W30: =ROUND(VLOOKUP($C30,RLS!$C$37:$P$41,14,FALSE)*'Unit Distribution'!$C$4,0) -> 0 | X30: =ROUND(VLOOKUP($C30,RLS!$C$37:$P$41,14,FALSE)*'Unit Distribution'!$C$4,0) -> 0 | ... AB30: =ROUND(VLOOKUP($C30,RLS!$C$37:$P$41,14,FALSE)*'Unit Distribution'!$C$4,0) -> 0 | AC30: =VLOOKUP($C30,RLS!$C$37:$AB$41,26,FALSE)-AC29-AC31 -> 1 | AD30: =VLOOKUP($C30,RLS!$C$37:$AB$41,26,FALSE)-AD29-AD31 -> 1 | AE30: =VLOOKUP($C30,RLS!$C$37:$AB$41,26,FALSE)-AE29-AE31 -> 1 | AF30: =VLOOKUP($C30,RLS!$C$37:$AB$41,26,FALSE)-AF29-AF31 -> 1 | AG30: =VLOOKUP($C30,RLS!$C$37:$AB$41,26,FALSE)-AG29-AG31 -> 1 | AH30: =VLOOKUP($C30,RLS!$C$37:$AB$41,26,FALSE)-AH29-AH31 -> 1 | AI30: =VLOOKUP($C30,RLS!$C$37:$AB$41,26,FALSE)-AI29-AI31 -> 1 | AJ30: =VLOOKUP($C30,RLS!$C$37:$AB$41,26,FALSE)-AJ29-AJ31 -> 1 | ... AN30: =VLOOKUP($C30,RLS!$C$37:$AB$41,26,FALSE)-AN29-AN31 -> 1 | AO30: =VLOOKUP($C30,RLS!$C$37:$AN$41,38,FALSE)-AO29-AO31 -> 1 | AP30: =VLOOKUP($C30,RLS!$C$37:$AN$41,38,FALSE)-AP29-AP31 -> 1 | AQ30: =VLOOKUP($C30,RLS!$C$37:$AN$41,38,FALSE)-AQ29-AQ31 -> 1 | AR30: =VLOOKUP($C30,RLS!$C$37:$AN$41,38,FALSE)-AR29-AR31 -> 1 | AS30: =VLOOKUP($C30,RLS!$C$37:$AN$41,38,FALSE)-AS29-AS31 -> 1 | AT30: =VLOOKUP($C30,RLS!$C$37:$AN$41,38,FALSE)-AT29-AT31 -> 1 | AU30: =VLOOKUP($C30,RLS!$C$37:$AN$41,38,FALSE)-AU29-AU31 -> 1 | AV30: =VLOOKUP($C30,RLS!$C$37:$AN$41,38,FALSE)-AV29-AV31 -> 1 | ... AZ30: =VLOOKUP($C30,RLS!$C$37:$AN$41,38,FALSE)-AZ29-AZ31 -> 1 | BA30: =VLOOKUP($C30,RLS!$C$37:$AZ$41,50,FALSE)-BA29-BA31 -> 1 | BB30: =VLOOKUP($C30,RLS!$C$37:$AZ$41,50,FALSE)-BB29-BB31 -> 1 | BC30: =VLOOKUP($C30,RLS!$C$37:$AZ$41,50,FALSE)-BC29-BC31 -> 1 | BD30: =VLOOKUP($C30,RLS!$C$37:$AZ$41,50,FALSE)-BD29-BD31 -> 1 | BE30: =VLOOKUP($C30,RLS!$C$37:$AZ$41,50,FALSE)-BE29-BE31 -> 1 | BF30: =VLOOKUP($C30,RLS!$C$37:$AZ$41,50,FALSE)-BF29-BF31 -> 1 | BG30: =VLOOKUP($C30,RLS!$C$37:$AZ$41,50,FALSE)-BG29-BG31 -> 1 | BH30: =VLOOKUP($C30,RLS!$C$37:$AZ$41,50,FALSE)-BH29-BH31 -> 1 | ... BL30: =VLOOKUP($C30,RLS!$C$37:$AZ$41,50,FALSE)-BL29-BL31 -> 1
A31: Dev | B31: Onsite-Landed | C31: =A31&B31 -> DevOnsite-Landed | D31: Team | E31: =VLOOKUP($C31,RLS!$C$37:$O$41,2,FALSE)-E29-E30 -> 0 | F31: =VLOOKUP($C31,RLS!$C$37:$O$41,3,FALSE)-F29-F30 -> 0 | G31: =VLOOKUP($C31,RLS!$C$37:$O$41,4,FALSE)-G29-G30 -> 0 | H31: =VLOOKUP($C31,RLS!$C$37:$O$41,5,FALSE)-H29-H30 -> 0 | I31: =VLOOKUP($C31,RLS!$C$37:$O$41,6,FALSE)-I29-I30 -> 0 | J31: =VLOOKUP($C31,RLS!$C$37:$O$41,7,FALSE)-J29-J30 -> 0 | K31: =VLOOKUP($C31,RLS!$C$37:$O$41,8,FALSE)-K29-K30 -> 0 | L31: =VLOOKUP($C31,RLS!$C$37:$O$41,9,FALSE)-L29-L30 -> 0 | M31: =VLOOKUP($C31,RLS!$C$37:$O$41,10,FALSE)-M29-M30 -> 0 | N31: =VLOOKUP($C31,RLS!$C$37:$O$41,11,FALSE)-N29-N30 -> 0 | O31: =VLOOKUP($C31,RLS!$C$37:$O$41,12,FALSE)-O29-O30 -> 0 | P31: =VLOOKUP($C31,RLS!$C$37:$O$41,13,FALSE)-P29-P30 -> 0 | Q31: =VLOOKUP($C31,RLS!$C$37:$P$41,14,FALSE)-Q29-Q30 -> 1 | R31: =VLOOKUP($C31,RLS!$C$37:$P$41,14,FALSE)-R29-R30 -> 1 | S31: =VLOOKUP($C31,RLS!$C$37:$P$41,14,FALSE)-S29-S30 -> 1 | T31: =VLOOKUP($C31,RLS!$C$37:$P$41,14,FALSE)-T29-T30 -> 1 | U31: =VLOOKUP($C31,RLS!$C$37:$P$41,14,FALSE)-U29-U30 -> 1 | V31: =VLOOKUP($C31,RLS!$C$37:$P$41,14,FALSE)-V29-V30 -> 1 | W31: =VLOOKUP($C31,RLS!$C$37:$P$41,14,FALSE)-W29-W30 -> 1 | X31: =VLOOKUP($C31,RLS!$C$37:$P$41,14,FALSE)-X29-X30 -> 1 | ... AB31: =VLOOKUP($C31,RLS!$C$37:$P$41,14,FALSE)-AB29-AB30 -> 1 | AC31: =ROUND(VLOOKUP($C31,RLS!$C$37:$AB$41,26,FALSE)*'Unit Distribution'!$D$5,0) -> 0 | AD31: =ROUND(VLOOKUP($C31,RLS!$C$37:$AB$41,26,FALSE)*'Unit Distribution'!$D$5,0) -> 0 | AE31: =ROUND(VLOOKUP($C31,RLS!$C$37:$AB$41,26,FALSE)*'Unit Distribution'!$D$5,0) -> 0 | AF31: =ROUND(VLOOKUP($C31,RLS!$C$37:$AB$41,26,FALSE)*'Unit Distribution'!$D$5,0) -> 0 | AG31: =ROUND(VLOOKUP($C31,RLS!$C$37:$AB$41,26,FALSE)*'Unit Distribution'!$D$5,0) -> 0 | AH31: =ROUND(VLOOKUP($C31,RLS!$C$37:$AB$41,26,FALSE)*'Unit Distribution'!$D$5,0) -> 0 | AI31: =ROUND(VLOOKUP($C31,RLS!$C$37:$AB$41,26,FALSE)*'Unit Distribution'!$D$5,0) -> 0 | AJ31: =ROUND(VLOOKUP($C31,RLS!$C$37:$AB$41,26,FALSE)*'Unit Distribution'!$D$5,0) -> 0 | ... AN31: =ROUND(VLOOKUP($C31,RLS!$C$37:$AB$41,26,FALSE)*'Unit Distribution'!$D$5,0) -> 0 | AO31: =ROUND(VLOOKUP($C31,RLS!$C$37:$AN$41,38,FALSE)*'Unit Distribution'!$E$5,0) -> 0 | AP31: =ROUND(VLOOKUP($C31,RLS!$C$37:$AN$41,38,FALSE)*'Unit Distribution'!$E$5,0) -> 0 | AQ31: =ROUND(VLOOKUP($C31,RLS!$C$37:$AN$41,38,FALSE)*'Unit Distribution'!$E$5,0) -> 0 | AR31: =ROUND(VLOOKUP($C31,RLS!$C$37:$AN$41,38,FALSE)*'Unit Distribution'!$E$5,0) -> 0 | AS31: =ROUND(VLOOKUP($C31,RLS!$C$37:$AN$41,38,FALSE)*'Unit Distribution'!$E$5,0) -> 0 | AT31: =ROUND(VLOOKUP($C31,RLS!$C$37:$AN$41,38,FALSE)*'Unit Distribution'!$E$5,0) -> 0 | AU31: =ROUND(VLOOKUP($C31,RLS!$C$37:$AN$41,38,FALSE)*'Unit Distribution'!$E$5,0) -> 0 | AV31: =ROUND(VLOOKUP($C31,RLS!$C$37:$AN$41,38,FALSE)*'Unit Distribution'!$E$5,0) -> 0 | ... AZ31: =ROUND(VLOOKUP($C31,RLS!$C$37:$AN$41,38,FALSE)*'Unit Distribution'!$E$5,0) -> 0 | BA31: =ROUND(VLOOKUP($C31,RLS!$C$37:$AZ$41,50,FALSE)*'Unit Distribution'!$F$5,0) -> 0 | BB31: =ROUND(VLOOKUP($C31,RLS!$C$37:$AZ$41,50,FALSE)*'Unit Distribution'!$F$5,0) -> 0 | BC31: =ROUND(VLOOKUP($C31,RLS!$C$37:$AZ$41,50,FALSE)*'Unit Distribution'!$F$5,0) -> 0 | BD31: =ROUND(VLOOKUP($C31,RLS!$C$37:$AZ$41,50,FALSE)*'Unit Distribution'!$F$5,0) -> 0 | BE31: =ROUND(VLOOKUP($C31,RLS!$C$37:$AZ$41,50,FALSE)*'Unit Distribution'!$F$5,0) -> 0 | BF31: =ROUND(VLOOKUP($C31,RLS!$C$37:$AZ$41,50,FALSE)*'Unit Distribution'!$F$5,0) -> 0 | BG31: =ROUND(VLOOKUP($C31,RLS!$C$37:$AZ$41,50,FALSE)*'Unit Distribution'!$F$5,0) -> 0 | BH31: =ROUND(VLOOKUP($C31,RLS!$C$37:$AZ$41,50,FALSE)*'Unit Distribution'!$F$5,0) -> 0 | ... BL31: =ROUND(VLOOKUP($C31,RLS!$C$37:$AZ$41,50,FALSE)*'Unit Distribution'!$F$5,0) -> 0
A32: Tester | B32: Onsite-Landed | C32: =A32&B32 -> TesterOnsite-Landed | D32: POD1 | E32: =ROUND(VLOOKUP($C32,RLS!$C$37:$O$41,2,FALSE)*'Unit Distribution'!$B$3,0) -> 1 | F32: =ROUND(VLOOKUP($C32,RLS!$C$37:$O$41,3,FALSE)*'Unit Distribution'!$B$3,0) -> 1 | G32: =ROUND(VLOOKUP($C32,RLS!$C$37:$O$41,4,FALSE)*'Unit Distribution'!$B$3,0) -> 1 | H32: =ROUND(VLOOKUP($C32,RLS!$C$37:$O$41,5,FALSE)*'Unit Distribution'!$B$3,0) -> 1 | I32: =ROUND(VLOOKUP($C32,RLS!$C$37:$O$41,6,FALSE)*'Unit Distribution'!$B$3,0) -> 1 | J32: =ROUND(VLOOKUP($C32,RLS!$C$37:$O$41,7,FALSE)*'Unit Distribution'!$B$3,0) -> 1 | K32: =ROUND(VLOOKUP($C32,RLS!$C$37:$O$41,8,FALSE)*'Unit Distribution'!$B$3,0) -> 1 | L32: =ROUND(VLOOKUP($C32,RLS!$C$37:$O$41,9,FALSE)*'Unit Distribution'!$B$3,0) -> 1 | M32: =ROUND(VLOOKUP($C32,RLS!$C$37:$O$41,10,FALSE)*'Unit Distribution'!$B$3,0) -> 1 | N32: =ROUND(VLOOKUP($C32,RLS!$C$37:$O$41,11,FALSE)*'Unit Distribution'!$B$3,0) -> 1 | O32: =ROUND(VLOOKUP($C32,RLS!$C$37:$O$41,12,FALSE)*'Unit Distribution'!$B$3,0) -> 1 | P32: =ROUND(VLOOKUP($C32,RLS!$C$37:$O$41,13,FALSE)*'Unit Distribution'!$B$3,0) -> 1 | Q32: =ROUND(VLOOKUP($C32,RLS!$C$37:$P$41,14,FALSE)*'Unit Distribution'!$C$3,0) -> 0 | R32: =ROUND(VLOOKUP($C32,RLS!$C$37:$P$41,14,FALSE)*'Unit Distribution'!$C$3,0) -> 0 | S32: =ROUND(VLOOKUP($C32,RLS!$C$37:$P$41,14,FALSE)*'Unit Distribution'!$C$3,0) -> 0 | T32: =ROUND(VLOOKUP($C32,RLS!$C$37:$P$41,14,FALSE)*'Unit Distribution'!$C$3,0) -> 0 | U32: =ROUND(VLOOKUP($C32,RLS!$C$37:$P$41,14,FALSE)*'Unit Distribution'!$C$3,0) -> 0 | V32: =ROUND(VLOOKUP($C32,RLS!$C$37:$P$41,14,FALSE)*'Unit Distribution'!$C$3,0) -> 0 | W32: =ROUND(VLOOKUP($C32,RLS!$C$37:$P$41,14,FALSE)*'Unit Distribution'!$C$3,0) -> 0 | X32: =ROUND(VLOOKUP($C32,RLS!$C$37:$P$41,14,FALSE)*'Unit Distribution'!$C$3,0) -> 0 | ... AB32: =ROUND(VLOOKUP($C32,RLS!$C$37:$P$41,14,FALSE)*'Unit Distribution'!$C$3,0) -> 0 | AC32: =ROUND(VLOOKUP($C32,RLS!$C$37:$AB$41,26,FALSE)*'Unit Distribution'!$D$3,0) -> 0 | AD32: =ROUND(VLOOKUP($C32,RLS!$C$37:$AB$41,26,FALSE)*'Unit Distribution'!$D$3,0) -> 0 | AE32: =ROUND(VLOOKUP($C32,RLS!$C$37:$AB$41,26,FALSE)*'Unit Distribution'!$D$3,0) -> 0 | AF32: =ROUND(VLOOKUP($C32,RLS!$C$37:$AB$41,26,FALSE)*'Unit Distribution'!$D$3,0) -> 0 | AG32: =ROUND(VLOOKUP($C32,RLS!$C$37:$AB$41,26,FALSE)*'Unit Distribution'!$D$3,0) -> 0 | AH32: =ROUND(VLOOKUP($C32,RLS!$C$37:$AB$41,26,FALSE)*'Unit Distribution'!$D$3,0) -> 0 | AI32: =ROUND(VLOOKUP($C32,RLS!$C$37:$AB$41,26,FALSE)*'Unit Distribution'!$D$3,0) -> 0 | AJ32: =ROUND(VLOOKUP($C32,RLS!$C$37:$AB$41,26,FALSE)*'Unit Distribution'!$D$3,0) -> 0 | ... AN32: =ROUND(VLOOKUP($C32,RLS!$C$37:$AB$41,26,FALSE)*'Unit Distribution'!$D$3,0) -> 0 | AO32: =ROUND(VLOOKUP($C32,RLS!$C$37:$AN$41,38,FALSE)*'Unit Distribution'!$E$3,0) -> 0 | AP32: =ROUND(VLOOKUP($C32,RLS!$C$37:$AN$41,38,FALSE)*'Unit Distribution'!$E$3,0) -> 0 | AQ32: =ROUND(VLOOKUP($C32,RLS!$C$37:$AN$41,38,FALSE)*'Unit Distribution'!$E$3,0) -> 0 | AR32: =ROUND(VLOOKUP($C32,RLS!$C$37:$AN$41,38,FALSE)*'Unit Distribution'!$E$3,0) -> 0 | AS32: =ROUND(VLOOKUP($C32,RLS!$C$37:$AN$41,38,FALSE)*'Unit Distribution'!$E$3,0) -> 0 | AT32: =ROUND(VLOOKUP($C32,RLS!$C$37:$AN$41,38,FALSE)*'Unit Distribution'!$E$3,0) -> 0 | AU32: =ROUND(VLOOKUP($C32,RLS!$C$37:$AN$41,38,FALSE)*'Unit Distribution'!$E$3,0) -> 0 | AV32: =ROUND(VLOOKUP($C32,RLS!$C$37:$AN$41,38,FALSE)*'Unit Distribution'!$E$3,0) -> 0 | ... AZ32: =ROUND(VLOOKUP($C32,RLS!$C$37:$AN$41,38,FALSE)*'Unit Distribution'!$E$3,0) -> 0 | BA32: =ROUND(VLOOKUP($C32,RLS!$C$37:$AZ$41,50,FALSE)*'Unit Distribution'!$F$3,0) -> 0 | BB32: =ROUND(VLOOKUP($C32,RLS!$C$37:$AZ$41,50,FALSE)*'Unit Distribution'!$F$3,0) -> 0 | BC32: =ROUND(VLOOKUP($C32,RLS!$C$37:$AZ$41,50,FALSE)*'Unit Distribution'!$F$3,0) -> 0 | BD32: =ROUND(VLOOKUP($C32,RLS!$C$37:$AZ$41,50,FALSE)*'Unit Distribution'!$F$3,0) -> 0 | BE32: =ROUND(VLOOKUP($C32,RLS!$C$37:$AZ$41,50,FALSE)*'Unit Distribution'!$F$3,0) -> 0 | BF32: =ROUND(VLOOKUP($C32,RLS!$C$37:$AZ$41,50,FALSE)*'Unit Distribution'!$F$3,0) -> 0 | BG32: =ROUND(VLOOKUP($C32,RLS!$C$37:$AZ$41,50,FALSE)*'Unit Distribution'!$F$3,0) -> 0 | BH32: =ROUND(VLOOKUP($C32,RLS!$C$37:$AZ$41,50,FALSE)*'Unit Distribution'!$F$3,0) -> 0 | ... BL32: =ROUND(VLOOKUP($C32,RLS!$C$37:$AZ$41,50,FALSE)*'Unit Distribution'!$F$3,0) -> 0
A33: Tester | B33: Onsite-Landed | C33: =A33&B33 -> TesterOnsite-Landed | D33: POD2 | E33: =ROUND(VLOOKUP($C33,RLS!$C$37:$O$41,2,FALSE)*'Unit Distribution'!$B$4,0) -> 1 | F33: =ROUND(VLOOKUP($C33,RLS!$C$37:$O$41,3,FALSE)*'Unit Distribution'!$B$4,0) -> 1 | G33: =ROUND(VLOOKUP($C33,RLS!$C$37:$O$41,4,FALSE)*'Unit Distribution'!$B$4,0) -> 1 | H33: =ROUND(VLOOKUP($C33,RLS!$C$37:$O$41,5,FALSE)*'Unit Distribution'!$B$4,0) -> 1 | I33: =ROUND(VLOOKUP($C33,RLS!$C$37:$O$41,6,FALSE)*'Unit Distribution'!$B$4,0) -> 1 | J33: =ROUND(VLOOKUP($C33,RLS!$C$37:$O$41,7,FALSE)*'Unit Distribution'!$B$4,0) -> 1 | K33: =ROUND(VLOOKUP($C33,RLS!$C$37:$O$41,8,FALSE)*'Unit Distribution'!$B$4,0) -> 1 | L33: =ROUND(VLOOKUP($C33,RLS!$C$37:$O$41,9,FALSE)*'Unit Distribution'!$B$4,0) -> 1 | M33: =ROUND(VLOOKUP($C33,RLS!$C$37:$O$41,10,FALSE)*'Unit Distribution'!$B$4,0) -> 1 | N33: =ROUND(VLOOKUP($C33,RLS!$C$37:$O$41,11,FALSE)*'Unit Distribution'!$B$4,0) -> 1 | O33: =ROUND(VLOOKUP($C33,RLS!$C$37:$O$41,12,FALSE)*'Unit Distribution'!$B$4,0) -> 1 | P33: =ROUND(VLOOKUP($C33,RLS!$C$37:$O$41,13,FALSE)*'Unit Distribution'!$B$4,0) -> 1 | Q33: =ROUND(VLOOKUP($C33,RLS!$C$37:$P$41,14,FALSE)*'Unit Distribution'!$C$4,0) -> 0 | R33: =ROUND(VLOOKUP($C33,RLS!$C$37:$P$41,14,FALSE)*'Unit Distribution'!$C$4,0) -> 0 | S33: =ROUND(VLOOKUP($C33,RLS!$C$37:$P$41,14,FALSE)*'Unit Distribution'!$C$4,0) -> 0 | T33: =ROUND(VLOOKUP($C33,RLS!$C$37:$P$41,14,FALSE)*'Unit Distribution'!$C$4,0) -> 0 | U33: =ROUND(VLOOKUP($C33,RLS!$C$37:$P$41,14,FALSE)*'Unit Distribution'!$C$4,0) -> 0 | V33: =ROUND(VLOOKUP($C33,RLS!$C$37:$P$41,14,FALSE)*'Unit Distribution'!$C$4,0) -> 0 | W33: =ROUND(VLOOKUP($C33,RLS!$C$37:$P$41,14,FALSE)*'Unit Distribution'!$C$4,0) -> 0 | X33: =ROUND(VLOOKUP($C33,RLS!$C$37:$P$41,14,FALSE)*'Unit Distribution'!$C$4,0) -> 0 | ... AB33: =ROUND(VLOOKUP($C33,RLS!$C$37:$P$41,14,FALSE)*'Unit Distribution'!$C$4,0) -> 0 | AC33: =VLOOKUP($C33,RLS!$C$37:$AB$41,26,FALSE)-AC32-AC34 -> 0 | AD33: =VLOOKUP($C33,RLS!$C$37:$AB$41,26,FALSE)-AD32-AD34 -> 0 | AE33: =VLOOKUP($C33,RLS!$C$37:$AB$41,26,FALSE)-AE32-AE34 -> 0 | AF33: =VLOOKUP($C33,RLS!$C$37:$AB$41,26,FALSE)-AF32-AF34 -> 0 | AG33: =VLOOKUP($C33,RLS!$C$37:$AB$41,26,FALSE)-AG32-AG34 -> 0 | AH33: =VLOOKUP($C33,RLS!$C$37:$AB$41,26,FALSE)-AH32-AH34 -> 0 | AI33: =VLOOKUP($C33,RLS!$C$37:$AB$41,26,FALSE)-AI32-AI34 -> 0 | AJ33: =VLOOKUP($C33,RLS!$C$37:$AB$41,26,FALSE)-AJ32-AJ34 -> 0 | ... AN33: =VLOOKUP($C33,RLS!$C$37:$AB$41,26,FALSE)-AN32-AN34 -> 0 | AO33: =VLOOKUP($C33,RLS!$C$37:$AN$41,38,FALSE)-AO32-AO34 -> 0 | AP33: =VLOOKUP($C33,RLS!$C$37:$AN$41,38,FALSE)-AP32-AP34 -> 0 | AQ33: =VLOOKUP($C33,RLS!$C$37:$AN$41,38,FALSE)-AQ32-AQ34 -> 0 | AR33: =VLOOKUP($C33,RLS!$C$37:$AN$41,38,FALSE)-AR32-AR34 -> 0 | AS33: =VLOOKUP($C33,RLS!$C$37:$AN$41,38,FALSE)-AS32-AS34 -> 0 | AT33: =VLOOKUP($C33,RLS!$C$37:$AN$41,38,FALSE)-AT32-AT34 -> 0 | AU33: =VLOOKUP($C33,RLS!$C$37:$AN$41,38,FALSE)-AU32-AU34 -> 0 | AV33: =VLOOKUP($C33,RLS!$C$37:$AN$41,38,FALSE)-AV32-AV34 -> 0 | ... AZ33: =VLOOKUP($C33,RLS!$C$37:$AN$41,38,FALSE)-AZ32-AZ34 -> 0 | BA33: =VLOOKUP($C33,RLS!$C$37:$AZ$41,50,FALSE)-BA32-BA34 -> 0 | BB33: =VLOOKUP($C33,RLS!$C$37:$AZ$41,50,FALSE)-BB32-BB34 -> 0 | BC33: =VLOOKUP($C33,RLS!$C$37:$AZ$41,50,FALSE)-BC32-BC34 -> 0 | BD33: =VLOOKUP($C33,RLS!$C$37:$AZ$41,50,FALSE)-BD32-BD34 -> 0 | BE33: =VLOOKUP($C33,RLS!$C$37:$AZ$41,50,FALSE)-BE32-BE34 -> 0 | BF33: =VLOOKUP($C33,RLS!$C$37:$AZ$41,50,FALSE)-BF32-BF34 -> 0 | BG33: =VLOOKUP($C33,RLS!$C$37:$AZ$41,50,FALSE)-BG32-BG34 -> 0 | BH33: =VLOOKUP($C33,RLS!$C$37:$AZ$41,50,FALSE)-BH32-BH34 -> 0 | ... BL33: =VLOOKUP($C33,RLS!$C$37:$AZ$41,50,FALSE)-BL32-BL34 -> 0
A34: Tester | B34: Onsite-Landed | C34: =A34&B34 -> TesterOnsite-Landed | D34: Team | E34: =VLOOKUP($C34,RLS!$C$37:$O$41,2,FALSE)-E32-E33 -> 0 | F34: =VLOOKUP($C34,RLS!$C$37:$O$41,3,FALSE)-F32-F33 -> 0 | G34: =VLOOKUP($C34,RLS!$C$37:$O$41,4,FALSE)-G32-G33 -> 0 | H34: =VLOOKUP($C34,RLS!$C$37:$O$41,5,FALSE)-H32-H33 -> 0 | I34: =VLOOKUP($C34,RLS!$C$37:$O$41,6,FALSE)-I32-I33 -> 0 | J34: =VLOOKUP($C34,RLS!$C$37:$O$41,7,FALSE)-J32-J33 -> 0 | K34: =VLOOKUP($C34,RLS!$C$37:$O$41,8,FALSE)-K32-K33 -> 0 | L34: =VLOOKUP($C34,RLS!$C$37:$O$41,9,FALSE)-L32-L33 -> 0 | M34: =VLOOKUP($C34,RLS!$C$37:$O$41,10,FALSE)-M32-M33 -> 0 | N34: =VLOOKUP($C34,RLS!$C$37:$O$41,11,FALSE)-N32-N33 -> 0 | O34: =VLOOKUP($C34,RLS!$C$37:$O$41,12,FALSE)-O32-O33 -> 0 | P34: =VLOOKUP($C34,RLS!$C$37:$O$41,13,FALSE)-P32-P33 -> 0 | Q34: =VLOOKUP($C34,RLS!$C$37:$P$41,14,FALSE)-Q32-Q33 -> 0 | R34: =VLOOKUP($C34,RLS!$C$37:$P$41,14,FALSE)-R32-R33 -> 0 | S34: =VLOOKUP($C34,RLS!$C$37:$P$41,14,FALSE)-S32-S33 -> 0 | T34: =VLOOKUP($C34,RLS!$C$37:$P$41,14,FALSE)-T32-T33 -> 0 | U34: =VLOOKUP($C34,RLS!$C$37:$P$41,14,FALSE)-U32-U33 -> 0 | V34: =VLOOKUP($C34,RLS!$C$37:$P$41,14,FALSE)-V32-V33 -> 0 | W34: =VLOOKUP($C34,RLS!$C$37:$P$41,14,FALSE)-W32-W33 -> 0 | X34: =VLOOKUP($C34,RLS!$C$37:$P$41,14,FALSE)-X32-X33 -> 0 | ... AB34: =VLOOKUP($C34,RLS!$C$37:$P$41,14,FALSE)-AB32-AB33 -> 0 | AC34: =ROUND(VLOOKUP($C34,RLS!$C$37:$AB$41,26,FALSE)*'Unit Distribution'!$D$5,0) -> 0 | AD34: =ROUND(VLOOKUP($C34,RLS!$C$37:$AB$41,26,FALSE)*'Unit Distribution'!$D$5,0) -> 0 | AE34: =ROUND(VLOOKUP($C34,RLS!$C$37:$AB$41,26,FALSE)*'Unit Distribution'!$D$5,0) -> 0 | AF34: =ROUND(VLOOKUP($C34,RLS!$C$37:$AB$41,26,FALSE)*'Unit Distribution'!$D$5,0) -> 0 | AG34: =ROUND(VLOOKUP($C34,RLS!$C$37:$AB$41,26,FALSE)*'Unit Distribution'!$D$5,0) -> 0 | AH34: =ROUND(VLOOKUP($C34,RLS!$C$37:$AB$41,26,FALSE)*'Unit Distribution'!$D$5,0) -> 0 | AI34: =ROUND(VLOOKUP($C34,RLS!$C$37:$AB$41,26,FALSE)*'Unit Distribution'!$D$5,0) -> 0 | AJ34: =ROUND(VLOOKUP($C34,RLS!$C$37:$AB$41,26,FALSE)*'Unit Distribution'!$D$5,0) -> 0 | ... AN34: =ROUND(VLOOKUP($C34,RLS!$C$37:$AB$41,26,FALSE)*'Unit Distribution'!$D$5,0) -> 0 | AO34: =ROUND(VLOOKUP($C34,RLS!$C$37:$AN$41,38,FALSE)*'Unit Distribution'!$E$5,0) -> 0 | AP34: =ROUND(VLOOKUP($C34,RLS!$C$37:$AN$41,38,FALSE)*'Unit Distribution'!$E$5,0) -> 0 | AQ34: =ROUND(VLOOKUP($C34,RLS!$C$37:$AN$41,38,FALSE)*'Unit Distribution'!$E$5,0) -> 0 | AR34: =ROUND(VLOOKUP($C34,RLS!$C$37:$AN$41,38,FALSE)*'Unit Distribution'!$E$5,0) -> 0 | AS34: =ROUND(VLOOKUP($C34,RLS!$C$37:$AN$41,38,FALSE)*'Unit Distribution'!$E$5,0) -> 0 | AT34: =ROUND(VLOOKUP($C34,RLS!$C$37:$AN$41,38,FALSE)*'Unit Distribution'!$E$5,0) -> 0 | AU34: =ROUND(VLOOKUP($C34,RLS!$C$37:$AN$41,38,FALSE)*'Unit Distribution'!$E$5,0) -> 0 | AV34: =ROUND(VLOOKUP($C34,RLS!$C$37:$AN$41,38,FALSE)*'Unit Distribution'!$E$5,0) -> 0 | ... AZ34: =ROUND(VLOOKUP($C34,RLS!$C$37:$AN$41,38,FALSE)*'Unit Distribution'!$E$5,0) -> 0 | BA34: =ROUND(VLOOKUP($C34,RLS!$C$37:$AZ$41,50,FALSE)*'Unit Distribution'!$F$5,0) -> 0 | BB34: =ROUND(VLOOKUP($C34,RLS!$C$37:$AZ$41,50,FALSE)*'Unit Distribution'!$F$5,0) -> 0 | BC34: =ROUND(VLOOKUP($C34,RLS!$C$37:$AZ$41,50,FALSE)*'Unit Distribution'!$F$5,0) -> 0 | BD34: =ROUND(VLOOKUP($C34,RLS!$C$37:$AZ$41,50,FALSE)*'Unit Distribution'!$F$5,0) -> 0 | BE34: =ROUND(VLOOKUP($C34,RLS!$C$37:$AZ$41,50,FALSE)*'Unit Distribution'!$F$5,0) -> 0 | BF34: =ROUND(VLOOKUP($C34,RLS!$C$37:$AZ$41,50,FALSE)*'Unit Distribution'!$F$5,0) -> 0 | BG34: =ROUND(VLOOKUP($C34,RLS!$C$37:$AZ$41,50,FALSE)*'Unit Distribution'!$F$5,0) -> 0 | BH34: =ROUND(VLOOKUP($C34,RLS!$C$37:$AZ$41,50,FALSE)*'Unit Distribution'!$F$5,0) -> 0 | ... BL34: =ROUND(VLOOKUP($C34,RLS!$C$37:$AZ$41,50,FALSE)*'Unit Distribution'!$F$5,0) -> 0
A35: PM | B35: Onsite-Landed | C35: =A35&B35 -> PMOnsite-Landed | D35: HZ | E35: =VLOOKUP($C35,RLS!$C$37:$O$41,2,FALSE) -> 0 | F35: =VLOOKUP($C35,RLS!$C$37:$O$41,3,FALSE) -> 0 | G35: =VLOOKUP($C35,RLS!$C$37:$O$41,4,FALSE) -> 0 | H35: =VLOOKUP($C35,RLS!$C$37:$O$41,5,FALSE) -> 0 | I35: =VLOOKUP($C35,RLS!$C$37:$O$41,6,FALSE) -> 0 | J35: =VLOOKUP($C35,RLS!$C$37:$O$41,7,FALSE) -> 0 | K35: =VLOOKUP($C35,RLS!$C$37:$O$41,8,FALSE) -> 0 | L35: =VLOOKUP($C35,RLS!$C$37:$O$41,9,FALSE) -> 0 | M35: =VLOOKUP($C35,RLS!$C$37:$O$41,10,FALSE) -> 0 | N35: =VLOOKUP($C35,RLS!$C$37:$O$41,11,FALSE) -> 0 | O35: =VLOOKUP($C35,RLS!$C$37:$O$41,12,FALSE) -> 0 | P35: =VLOOKUP($C35,RLS!$C$37:$O$41,13,FALSE) -> 0 | Q35: =VLOOKUP($C35,RLS!$C$37:$P$41,14,FALSE) -> 0 | R35: =VLOOKUP($C35,RLS!$C$37:$P$41,14,FALSE) -> 0 | S35: =VLOOKUP($C35,RLS!$C$37:$P$41,14,FALSE) -> 0 | T35: =VLOOKUP($C35,RLS!$C$37:$P$41,14,FALSE) -> 0 | U35: =VLOOKUP($C35,RLS!$C$37:$P$41,14,FALSE) -> 0 | V35: =VLOOKUP($C35,RLS!$C$37:$P$41,14,FALSE) -> 0 | W35: =VLOOKUP($C35,RLS!$C$37:$P$41,14,FALSE) -> 0 | X35: =VLOOKUP($C35,RLS!$C$37:$P$41,14,FALSE) -> 0 | ... AB35: =VLOOKUP($C35,RLS!$C$37:$P$41,14,FALSE) -> 0 | AC35: =VLOOKUP($C35,RLS!$C$37:$AB$41,26,FALSE) -> 0 | AD35: =VLOOKUP($C35,RLS!$C$37:$AB$41,26,FALSE) -> 0 | AE35: =VLOOKUP($C35,RLS!$C$37:$AB$41,26,FALSE) -> 0 | AF35: =VLOOKUP($C35,RLS!$C$37:$AB$41,26,FALSE) -> 0 | AG35: =VLOOKUP($C35,RLS!$C$37:$AB$41,26,FALSE) -> 0 | AH35: =VLOOKUP($C35,RLS!$C$37:$AB$41,26,FALSE) -> 0 | AI35: =VLOOKUP($C35,RLS!$C$37:$AB$41,26,FALSE) -> 0 | AJ35: =VLOOKUP($C35,RLS!$C$37:$AB$41,26,FALSE) -> 0 | ... AN35: =VLOOKUP($C35,RLS!$C$37:$AB$41,26,FALSE) -> 0 | AO35: =VLOOKUP($C35,RLS!$C$37:$AN$41,38,FALSE) -> 0 | AP35: =VLOOKUP($C35,RLS!$C$37:$AN$41,38,FALSE) -> 0 | AQ35: =VLOOKUP($C35,RLS!$C$37:$AN$41,38,FALSE) -> 0 | AR35: =VLOOKUP($C35,RLS!$C$37:$AN$41,38,FALSE) -> 0 | AS35: =VLOOKUP($C35,RLS!$C$37:$AN$41,38,FALSE) -> 0 | AT35: =VLOOKUP($C35,RLS!$C$37:$AN$41,38,FALSE) -> 0 | AU35: =VLOOKUP($C35,RLS!$C$37:$AN$41,38,FALSE) -> 0 | AV35: =VLOOKUP($C35,RLS!$C$37:$AN$41,38,FALSE) -> 0 | ... AZ35: =VLOOKUP($C35,RLS!$C$37:$AN$41,38,FALSE) -> 0 | BA35: =VLOOKUP($C35,RLS!$C$37:$AZ$41,50,FALSE) -> 0 | BB35: =VLOOKUP($C35,RLS!$C$37:$AZ$41,50,FALSE) -> 0 | BC35: =VLOOKUP($C35,RLS!$C$37:$AZ$41,50,FALSE) -> 0 | BD35: =VLOOKUP($C35,RLS!$C$37:$AZ$41,50,FALSE) -> 0 | BE35: =VLOOKUP($C35,RLS!$C$37:$AZ$41,50,FALSE) -> 0 | BF35: =VLOOKUP($C35,RLS!$C$37:$AZ$41,50,FALSE) -> 0 | BG35: =VLOOKUP($C35,RLS!$C$37:$AZ$41,50,FALSE) -> 0 | BH35: =VLOOKUP($C35,RLS!$C$37:$AZ$41,50,FALSE) -> 0 | ... BL35: =VLOOKUP($C35,RLS!$C$37:$AZ$41,50,FALSE) -> 0
A36: Lead | B36: Onsite-Landed | C36: =A36&B36 -> LeadOnsite-Landed | D36: POD2 | E36: =VLOOKUP($C36,RLS!$C$37:$O$41,2,FALSE) -> 1 | F36: =VLOOKUP($C36,RLS!$C$37:$O$41,3,FALSE) -> 1 | G36: =VLOOKUP($C36,RLS!$C$37:$O$41,4,FALSE) -> 1 | H36: =VLOOKUP($C36,RLS!$C$37:$O$41,5,FALSE) -> 1 | I36: =VLOOKUP($C36,RLS!$C$37:$O$41,6,FALSE) -> 1 | J36: =VLOOKUP($C36,RLS!$C$37:$O$41,7,FALSE) -> 1 | K36: =VLOOKUP($C36,RLS!$C$37:$O$41,8,FALSE) -> 1 | L36: =VLOOKUP($C36,RLS!$C$37:$O$41,9,FALSE) -> 1 | M36: =VLOOKUP($C36,RLS!$C$37:$O$41,10,FALSE) -> 1 | N36: =VLOOKUP($C36,RLS!$C$37:$O$41,11,FALSE) -> 1 | O36: =VLOOKUP($C36,RLS!$C$37:$O$41,12,FALSE) -> 1 | P36: =VLOOKUP($C36,RLS!$C$37:$O$41,13,FALSE) -> 1 | Q36: =VLOOKUP($C36,RLS!$C$37:$P$41,14,FALSE) -> 0 | R36: =VLOOKUP($C36,RLS!$C$37:$P$41,14,FALSE) -> 0 | S36: =VLOOKUP($C36,RLS!$C$37:$P$41,14,FALSE) -> 0 | T36: =VLOOKUP($C36,RLS!$C$37:$P$41,14,FALSE) -> 0 | U36: =VLOOKUP($C36,RLS!$C$37:$P$41,14,FALSE) -> 0 | V36: =VLOOKUP($C36,RLS!$C$37:$P$41,14,FALSE) -> 0 | W36: =VLOOKUP($C36,RLS!$C$37:$P$41,14,FALSE) -> 0 | X36: =VLOOKUP($C36,RLS!$C$37:$P$41,14,FALSE) -> 0 | ... AB36: =VLOOKUP($C36,RLS!$C$37:$P$41,14,FALSE) -> 0 | AC36: =VLOOKUP($C36,RLS!$C$37:$AB$41,26,FALSE) -> 0 | AD36: =VLOOKUP($C36,RLS!$C$37:$AB$41,26,FALSE) -> 0 | AE36: =VLOOKUP($C36,RLS!$C$37:$AB$41,26,FALSE) -> 0 | AF36: =VLOOKUP($C36,RLS!$C$37:$AB$41,26,FALSE) -> 0 | AG36: =VLOOKUP($C36,RLS!$C$37:$AB$41,26,FALSE) -> 0 | AH36: =VLOOKUP($C36,RLS!$C$37:$AB$41,26,FALSE) -> 0 | AI36: =VLOOKUP($C36,RLS!$C$37:$AB$41,26,FALSE) -> 0 | AJ36: =VLOOKUP($C36,RLS!$C$37:$AB$41,26,FALSE) -> 0 | ... AN36: =VLOOKUP($C36,RLS!$C$37:$AB$41,26,FALSE) -> 0 | AO36: =VLOOKUP($C36,RLS!$C$37:$AN$41,38,FALSE) -> 0 | AP36: =VLOOKUP($C36,RLS!$C$37:$AN$41,38,FALSE) -> 0 | AQ36: =VLOOKUP($C36,RLS!$C$37:$AN$41,38,FALSE) -> 0 | AR36: =VLOOKUP($C36,RLS!$C$37:$AN$41,38,FALSE) -> 0 | AS36: =VLOOKUP($C36,RLS!$C$37:$AN$41,38,FALSE) -> 0 | AT36: =VLOOKUP($C36,RLS!$C$37:$AN$41,38,FALSE) -> 0 | AU36: =VLOOKUP($C36,RLS!$C$37:$AN$41,38,FALSE) -> 0 | AV36: =VLOOKUP($C36,RLS!$C$37:$AN$41,38,FALSE) -> 0 | ... AZ36: =VLOOKUP($C36,RLS!$C$37:$AN$41,38,FALSE) -> 0 | BA36: =VLOOKUP($C36,RLS!$C$37:$AZ$41,50,FALSE) -> 0 | BB36: =VLOOKUP($C36,RLS!$C$37:$AZ$41,50,FALSE) -> 0 | BC36: =VLOOKUP($C36,RLS!$C$37:$AZ$41,50,FALSE) -> 0 | BD36: =VLOOKUP($C36,RLS!$C$37:$AZ$41,50,FALSE) -> 0 | BE36: =VLOOKUP($C36,RLS!$C$37:$AZ$41,50,FALSE) -> 0 | BF36: =VLOOKUP($C36,RLS!$C$37:$AZ$41,50,FALSE) -> 0 | BG36: =VLOOKUP($C36,RLS!$C$37:$AZ$41,50,FALSE) -> 0 | BH36: =VLOOKUP($C36,RLS!$C$37:$AZ$41,50,FALSE) -> 0 | ... BL36: =VLOOKUP($C36,RLS!$C$37:$AZ$41,50,FALSE) -> 0

Sheet RLS Detail Copy
A1: Role | B1: LocslGrade | C1: Location | D1: RoleLocation | E1: Pool | F1: M1 | G1: M2 | H1: M3 | I1: M4 | J1: M5 | K1: M6 | L1: M7 | M1: M8 | N1: M9 | O1: M10 | P1: M11 | Q1: M12 | R1: M13 | S1: M14 | T1: M15 | U1: M16 | V1: M17 | W1: M18 | X1: M19 | Y1: M20 | Z1: M21 | AA1: M22 | AB1: M23 | AC1: M24 | AD1: M25 | AE1: M26 | AF1: M27 | AG1: M28 | AH1: M29 | AI1: M30 | AJ1: M31 | AK1: M32 | AL1: M33 | AM1: M34 | AN1: M35 | AO1: M36 | AP1: M37 | AQ1: M38 | AR1: M39 | AS1: M40 | AT1: M41 | AU1: M42 | AV1: M43 | AW1: M44 | AX1: M45 | AY1: M46 | AZ1: M47 | BA1: M48 | BB1: M49 | BC1: M50 | BD1: M51 | BE1: M52 | BF1: M53 | BG1: M54 | BH1: M55 | BI1: M56 | BJ1: M57 | BK1: M58 | BL1: M59 | BM1: M60
A2: BSA | B2: B2-Consultant | C2: India | D2: BSAIndia | E2: POD1 | F2: 0 | G2: 0 | H2: 0 | I2: 0 | J2: 0 | K2: 0 | L2: 0 | M2: 0 | N2: 0 | O2: 0 | P2: 0 | Q2: 0 | R2: 1 | S2: 1 | T2: 1 | U2: 1 | V2: 1 | W2: 1 | X2: 1 | Y2: 1 | Z2: 1 | AA2: 1 | AB2: 1 | AC2: 1 | AD2: 1 | AE2: 1 | AF2: 1 | AG2: 1 | AH2: 1 | AI2: 1 | AJ2: 1 | AK2: 1 | AL2: 1 | AM2: 1 | AN2: 1 | AO2: 1 | AP2: 0 | AQ2: 0 | AR2: 0 | AS2: 0 | AT2: 0 | AU2: 0 | AV2: 0 | AW2: 0 | AX2: 0 | AY2: 0 | AZ2: 0 | BA2: 0 | BB2: 1 | BC2: 1 | BD2: 1 | BE2: 1 | BF2: 1 | BG2: 1 | BH2: 1 | BI2: 1 | BJ2: 1 | BK2: 1 | BL2: 1 | BM2: 1
A3: BSA | B3: C1-Senior Consultant | C3: India | D3: BSAIndia | E3: POD2 | F3: 0 | G3: 0 | H3: 0 | I3: 0 | J3: 0 | K3: 0 | L3: 0 | M3: 0 | N3: 0 | O3: 0 | P3: 0 | Q3: 0 | R3: 1 | S3: 1 | T3: 1 | U3: 1 | V3: 1 | W3: 1 | X3: 1 | Y3: 1 | Z3: 1 | AA3: 1 | AB3: 1 | AC3: 1 | AD3: 1 | AE3: 1 | AF3: 1 | AG3: 1 | AH3: 1 | AI3: 1 | AJ3: 1 | AK3: 1 | AL3: 1 | AM3: 1 | AN3: 1 | AO3: 1 | AP3: 1 | AQ3: 1 | AR3: 1 | AS3: 1 | AT3: 1 | AU3: 1 | AV3: 1 | AW3: 1 | AX3: 1 | AY3: 1 | AZ3: 1 | BA3: 1 | BB3: 1 | BC3: 1 | BD3: 1 | BE3: 1 | BF3: 1 | BG3: 1 | BH3: 1 | BI3: 1 | BJ3: 1 | BK3: 1 | BL3: 1 | BM3: 1
A4: BSA | B4: B2-Consultant | C4: India | D4: BSAIndia | E4: Team | F4: 1 | G4: 1 | H4: 1 | I4: 1 | J4: 1 | K4: 1 | L4: 1 | M4: 1 | N4: 1 | O4: 1 | P4: 1 | Q4: 1 | R4: 0 | S4: 0 | T4: 0 | U4: 0 | V4: 0 | W4: 0 | X4: 0 | Y4: 0 | Z4: 0 | AA4: 0 | AB4: 0 | AC4: 0 | AD4: 0 | AE4: 0 | AF4: 0 | AG4: 0 | AH4: 0 | AI4: 0 | AJ4: 0 | AK4: 0 | AL4: 0 | AM4: 0 | AN4: 0 | AO4: 0 | AP4: 0 | AQ4: 0 | AR4: 0 | AS4: 0 | AT4: 0 | AU4: 0 | AV4: 0 | AW4: 0 | AX4: 0 | AY4: 0 | AZ4: 0 | BA4: 0 | BB4: 0 | BC4: 0 | BD4: 0 | BE4: 0 | BF4: 0 | BG4: 0 | BH4: 0 | BI4: 0 | BJ4: 0 | BK4: 0 | BL4: 0 | BM4: 0
A5: Dev | B5: B2-Consultant | C5: India | D5: DevIndia | E5: POD1 | F5: 1 | G5: 1 | H5: 1 | I5: 1 | J5: 1 | K5: 1 | L5: 1 | M5: 1 | N5: 1 | O5: 1 | P5: 1 | Q5: 1 | R5: 1 | S5: 1 | T5: 1 | U5: 1 | V5: 1 | W5: 1 | X5: 1 | Y5: 1 | Z5: 1 | AA5: 1 | AB5: 1 | AC5: 1 | AD5: 1 | AE5: 1 | AF5: 1 | AG5: 1 | AH5: 1 | AI5: 1 | AJ5: 1 | AK5: 1 | AL5: 1 | AM5: 1 | AN5: 1 | AO5: 1 | AP5: 2 | AQ5: 2 | AR5: 2 | AS5: 2 | AT5: 2 | AU5: 2 | AV5: 2 | AW5: 2 | AX5: 2 | AY5: 2 | AZ5: 2 | BA5: 2 | BB5: 2 | BC5: 2 | BD5: 2 | BE5: 2 | BF5: 2 | BG5: 2 | BH5: 2 | BI5: 2 | BJ5: 2 | BK5: 2 | BL5: 2 | BM5: 2
A6: Dev | B6: C1-Senior Consultant | C6: India | D6: DevIndia | E6: POD1 | F6: 0 | G6: 0 | H6: 0 | I6: 0 | J6: 0 | K6: 0 | L6: 0 | M6: 0 | N6: 0 | O6: 0 | P6: 0 | Q6: 0 | R6: 1 | S6: 1 | T6: 1 | U6: 1 | V6: 1 | W6: 1 | X6: 1 | Y6: 1 | Z6: 1 | AA6: 1 | AB6: 1 | AC6: 1 | AD6: 1 | AE6: 1 | AF6: 1 | AG6: 1 | AH6: 1 | AI6: 1 | AJ6: 1 | AK6: 1 | AL6: 1 | AM6: 1 | AN6: 1 | AO6: 1 | AP6: 1 | AQ6: 1 | AR6: 1 | AS6: 1 | AT6: 1 | AU6: 1 | AV6: 1 | AW6: 1 | AX6: 1 | AY6: 1 | AZ6: 1 | BA6: 1 | BB6: 1 | BC6: 1 | BD6: 1 | BE6: 1 | BF6: 1 | BG6: 1 | BH6: 1 | BI6: 1 | BJ6: 1 | BK6: 1 | BL6: 1 | BM6: 1
A7: Dev | B7: C1-Senior Consultant | C7: India | D7: DevIndia | E7: POD2 | F7: 1 | G7: 1 | H7: 1 | I7: 1 | J7: 1 | K7: 1 | L7: 1 | M7: 1 | N7: 1 | O7: 1 | P7: 1 | Q7: 1 | R7: 2 | S7: 2 | T7: 2 | U7: 2 | V7: 2 | W7: 2 | X7: 2 | Y7: 2 | Z7: 2 | AA7: 2 | AB7: 2 | AC7: 2 | AD7: 2 | AE7: 2 | AF7: 2 | AG7: 2 | AH7: 2 | AI7: 2 | AJ7: 2 | AK7: 2 | AL7: 2 | AM7: 2 | AN7: 2 | AO7: 2 | AP7: 2 | AQ7: 2 | AR7: 2 | AS7: 2 | AT7: 2 | AU7: 2 | AV7: 2 | AW7: 2 | AX7: 2 | AY7: 2 | AZ7: 2 | BA7: 2 | BB7: 2 | BC7: 2 | BD7: 2 | BE7: 2 | BF7: 2 | BG7: 2 | BH7: 2 | BI7: 2 | BJ7: 2 | BK7: 2 | BL7: 2 | BM7: 2
A8: Dev | B8: B2-Consultant | C8: India | D8: DevIndia | E8: Team | F8: 2 | G8: 2 | H8: 2 | I8: 2 | J8: 2 | K8: 2 | L8: 2 | M8: 2 | N8: 2 | O8: 2 | P8: 2 | Q8: 2 | R8: 1 | S8: 1 | T8: 1 | U8: 1 | V8: 1 | W8: 1 | X8: 1 | Y8: 1 | Z8: 1 | AA8: 1 | AB8: 1 | AC8: 1 | AD8: 0 | AE8: 0 | AF8: 0 | AG8: 0 | AH8: 0 | AI8: 0 | AJ8: 0 | AK8: 0 | AL8: 0 | AM8: 0 | AN8: 0 | AO8: 0 | AP8: 0 | AQ8: 0 | AR8: 0 | AS8: 0 | AT8: 0 | AU8: 0 | AV8: 0 | AW8: 0 | AX8: 0 | AY8: 0 | AZ8: 0 | BA8: 0 | BB8: 0 | BC8: 0 | BD8: 0 | BE8: 0 | BF8: 0 | BG8: 0 | BH8: 0 | BI8: 0 | BJ8: 0 | BK8: 0 | BL8: 0 | BM8: 0
A9: Tester | B9: A5-Senior Software Engineer | C9: India | D9: TesterIndia | E9: POD1 | F9: 1 | G9: 1 | H9: 1 | I9: 1 | J9: 1 | K9: 1 | L9: 1 | M9: 1 | N9: 1 | O9: 1 | P9: 1 | Q9: 1 | R9: 1 | S9: 1 | T9: 1 | U9: 1 | V9: 1 | W9: 1 | X9: 1 | Y9: 1 | Z9: 1 | AA9: 1 | AB9: 1 | AC9: 1 | AD9: 2 | AE9: 2 | AF9: 2 | AG9: 2 | AH9: 2 | AI9: 2 | AJ9: 2 | AK9: 2 | AL9: 2 | AM9: 2 | AN9: 2 | AO9: 2 | AP9: 2 | AQ9: 2 | AR9: 2 | AS9: 2 | AT9: 2 | AU9: 2 | AV9: 2 | AW9: 2 | AX9: 2 | AY9: 2 | AZ9: 2 | BA9: 2 | BB9: 1 | BC9: 1 | BD9: 1 | BE9: 1 | BF9: 1 | BG9: 1 | BH9: 1 | BI9: 1 | BJ9: 1 | BK9: 1 | BL9: 1 | BM9: 1
A10: Tester | B10: A5-Senior Software Engineer | C10: India | D10: TesterIndia | E10: POD2 | F10: 1 | G10: 1 | H10: 1 | I10: 1 | J10: 1 | K10: 1 | L10: 1 | M10: 1 | N10: 1 | O10: 1 | P10: 1 | Q10: 1 | R10: 1 | S10: 1 | T10: 1 | U10: 1 | V10: 1 | W10: 1 | X10: 1 | Y10: 1 | Z10: 1 | AA10: 1 | AB10: 1 | AC10: 1 | AD10: 2 | AE10: 2 | AF10: 2 | AG10: 2 | AH10: 2 | AI10: 2 | AJ10: 2 | AK10: 2 | AL10: 2 | AM10: 2 | AN10: 2 | AO10: 2 | AP10: 1 | AQ10: 1 | AR10: 1 | AS10: 1 | AT10: 1 | AU10: 1 | AV10: 1 | AW10: 1 | AX10: 1 | AY10: 1 | AZ10: 1 | BA10: 1 | BB10: 2 | BC10: 2 | BD10: 2 | BE10: 2 | BF10: 2 | BG10: 2 | BH10: 2 | BI10: 2 | BJ10: 2 | BK10: 2 | BL10: 2 | BM10: 2
A11: Tester | B11: A5-Senior Software Engineer | C11: India | D11: TesterIndia | E11: Team | F11: 1 | G11: 1 | H11: 1 | I11: 1 | J11: 1 | K11: 1 | L11: 1 | M11: 1 | N11: 1 | O11: 1 | P11: 1 | Q11: 1 | R11: 1 | S11: 1 | T11: 1 | U11: 1 | V11: 1 | W11: 1 | X11: 1 | Y11: 1 | Z11: 1 | AA11: 1 | AB11: 1 | AC11: 1 | AD11: 0 | AE11: 0 | AF11: 0 | AG11: 0 | AH11: 0 | AI11: 0 | AJ11: 0 | AK11: 0 | AL11: 0 | AM11: 0 | AN11: 0 | AO11: 0 | AP11: 0 | AQ11: 0 | AR11: 0 | AS11: 0 | AT11: 0 | AU11: 0 | AV11: 0 | AW11: 0 | AX11: 0 | AY11: 0 | AZ11: 0 | BA11: 0 | BB11: 0 | BC11: 0 | BD11: 0 | BE11: 0 | BF11: 0 | BG11: 0 | BH11: 0 | BI11: 0 | BJ11: 0 | BK11: 0 | BL11: 0 | BM11: 0
A12: Maintenance | B12: B2-Consultant | C12: India | D12: MaintenanceIndia | E12: HZ | F12: 1 | G12: 1 | H12: 1 | I12: 1 | J12: 1 | K12: 1 | L12: 1 | M12: 1 | N12: 1 | O12: 1 | P12: 1 | Q12: 1 | R12: 1 | S12: 1 | T12: 1 | U12: 1 | V12: 1 | W12: 1 | X12: 1 | Y12: 1 | Z12: 1 | AA12: 1 | AB12: 1 | AC12: 1 | AD12: 2 | AE12: 2 | AF12: 2 | AG12: 2 | AH12: 2 | AI12: 2 | AJ12: 2 | AK12: 2 | AL12: 2 | AM12: 2 | AN12: 2 | AO12: 2 | AP12: 1 | AQ12: 1 | AR12: 1 | AS12: 1 | AT12: 1 | AU12: 1 | AV12: 1 | AW12: 1 | AX12: 1 | AY12: 1 | AZ12: 1 | BA12: 1 | BB12: 1 | BC12: 1 | BD12: 1 | BE12: 1 | BF12: 1 | BG12: 1 | BH12: 1 | BI12: 1 | BJ12: 1 | BK12: 1 | BL12: 1 | BM12: 1
A13: PM | B13: D1-Senior Manager | C13: India | D13: PMIndia | E13: HZ | F13: 0 | G13: 0 | H13: 0 | I13: 0 | J13: 0 | K13: 0 | L13: 0 | M13: 0 | N13: 0 | O13: 0 | P13: 0 | Q13: 0 | R13: 1 | S13: 1 | T13: 1 | U13: 1 | V13: 1 | W13: 1 | X13: 1 | Y13: 1 | Z13: 1 | AA13: 1 | AB13: 1 | AC13: 1 | AD13: 1 | AE13: 1 | AF13: 1 | AG13: 1 | AH13: 1 | AI13: 1 | AJ13: 1 | AK13: 1 | AL13: 1 | AM13: 1 | AN13: 1 | AO13: 1 | AP13: 1 | AQ13: 1 | AR13: 1 | AS13: 1 | AT13: 1 | AU13: 1 | AV13: 1 | AW13: 1 | AX13: 1 | AY13: 1 | AZ13: 1 | BA13: 1 | BB13: 0 | BC13: 0 | BD13: 0 | BE13: 0 | BF13: 0 | BG13: 0 | BH13: 0 | BI13: 0 | BJ13: 0 | BK13: 0 | BL13: 0 | BM13: 0
... A36: Lead | B36: C2-Manager | C36: Onsite-Landed | D36: LeadOnsite-Landed | E36: POD2 | F36: 1 | G36: 1 | H36: 1 | I36: 1 | J36: 1 | K36: 1 | L36: 1 | M36: 1 | N36: 1 | O36: 1 | P36: 1 | Q36: 1 | R36: 0 | S36: 0 | T36: 0 | U36: 0 | V36: 0 | W36: 0 | X36: 0 | Y36: 0 | Z36: 0 | AA36: 0 | AB36: 0 | AC36: 0 | AD36: 0 | AE36: 0 | AF36: 0 | AG36: 0 | AH36: 0 | AI36: 0 | AJ36: 0 | AK36: 0 | AL36: 0 | AM36: 0 | AN36: 0 | AO36: 0 | AP36: 0 | AQ36: 0 | AR36: 0 | AS36: 0 | AT36: 0 | AU36: 0 | AV36: 0 | AW36: 0 | AX36: 0 | AY36: 0 | AZ36: 0 | BA36: 0 | BB36: 0 | BC36: 0 | BD36: 0 | BE36: 0 | BF36: 0 | BG36: 0 | BH36: 0 | BI36: 0 | BJ36: 0 | BK36: 0 | BL36: 0 | BM36: 0
